Time,Cubic_1_Bps,Cubic_2_Bps,Cubic_1_PktLoss,Cubic_2_PktLoss,Cubic_1_Cwnd,Cubic_2_Cwnd,JainsFairnessIndex
0.4,691080,560,18,11,53576,14480,0.50081
0.5,1.095e+06,150520,28,14,72400,24616,0.634912
0.6,1.035e+06,210000,45,4,78192,27512,0.694876
0.7,1.2e+06,60000,36,36,82536,53576,0.549875
0.8,765000,480000,50,4,86880,53576,0.950207
0.9,1.125e+06,120000,47,43,92672,69504,0.605467
1,735000,510000,54,26,95568,70952,0.968372
1.1,1.005e+06,255000,57,42,101360,72400,0.738384
1.2,825000,420000,56,35,104256,73848,0.904306
1.3,930000,315000,61,39,108600,75296,0.803851
1.4,870000,375000,60,38,112944,78192,0.8635
1.5,900000,345000,63,38,117288,79640,0.834221
1.6,855000,405000,69,34,121632,81088,0.886878
1.7,870000,375000,74,36,125976,82536,0.8635
1.8,930000,315000,77,40,130320,83984,0.803851
1.9,900000,345000,92,47,133216,86880,0.834221
2,863680,390000,101,42,133216,88328,0.875077
2.1,877440,375000,99,42,133216,89776,0.861374
2.2,910600,330000,23,45,92672,91224,0.820329
2.3,467160,720000,52,29,92672,96082,0.956608
2.4,990000,270000,52,26,95568,63712,0.753846
2.5,885000,363800,49,33,98464,68056,0.851651
2.6,945000,300000,66,27,101360,68056,0.788396
2.7,855000,390000,56,30,102808,69504,0.87758
2.8,930000,315000,64,28,105704,70952,0.803851
2.9,900000,360000,62,34,108600,73848,0.844828
3,915000,330000,66,32,110048,73848,0.819144
3.1,930000,315000,64,43,112944,76744,0.803851
3.2,900000,345000,65,41,114392,78192,0.834221
3.3,885000,360000,65,42,115840,79640,0.849026
3.4,885000,375000,69,40,117288,81088,0.85923
3.5,855000,390000,69,38,118736,81088,0.87758
3.6,900000,345000,70,38,120184,82536,0.834221
3.7,870000,375000,71,42,121632,83984,0.8635
3.8,885000,375000,75,42,123080,85432,0.85923
3.9,885000,360000,73,43,124528,86880,0.849026
4,870000,375000,73,44,124528,86880,0.8635
4.1,840000,405000,74,44,125976,88328,0.891203
4.2,885000,360000,76,44,127424,88328,0.849026
4.3,855000,405000,77,42,127424,89776,0.886878
4.4,885000,360000,77,44,128872,89776,0.849026
4.5,870000,375000,78,46,130320,91224,0.8635
4.6,885000,360000,75,48,130320,91224,0.849026
4.7,855000,405000,84,45,131768,91224,0.886878
4.8,845040,390000,103,46,131768,92672,0.880476
4.9,853080,405000,105,45,131768,92672,0.887429
5,884840,360000,104,47,131768,92672,0.849072
5.1,889080,360000,48,47,92672,92672,0.847877
5.2,504160,735000,69,24,92672,92672,0.966461
5.3,968800,285000,60,55,97016,92672,0.770748
5.4,795000,450000,60,43,98464,92672,0.928687
5.5,870000,375000,54,52,101360,92672,0.8635
5.6,750000,495000,59,45,102808,92672,0.959738
5.7,810000,450000,57,43,105704,92672,0.924528
5.8,795000,450000,65,41,107152,92672,0.928687
5.9,795000,450000,68,41,110048,92672,0.928687
6,885000,360000,68,45,111496,92672,0.849026
6.1,825000,420000,70,49,112944,92672,0.904306
6.2,840000,420000,68,47,115840,92672,0.9
6.3,855000,390000,68,47,117288,92672,0.87758
6.4,795000,450000,70,45,118736,92672,0.928687
6.5,840000,405000,73,46,120184,92672,0.891203
6.6,855000,405000,75,45,121632,92672,0.886878
6.7,855000,390000,74,47,121632,92672,0.87758
6.8,840000,405000,75,46,123080,92672,0.891203
6.9,840000,405000,76,45,124528,92672,0.891203
7,855000,390000,78,47,125976,92672,0.87758
7.1,870000,390000,76,47,125976,92672,0.873267
7.2,840000,405000,77,46,127424,92672,0.891203
7.3,840000,405000,80,45,128872,92672,0.891203
7.4,870000,375000,78,47,128872,94120,0.8635
7.5,870000,390000,79,47,130320,94120,0.873267
7.6,855000,390000,79,47,131768,94120,0.87758
7.7,840000,405000,100,48,131768,94120,0.891203
7.8,879800,375000,105,48,131768,95568,0.860703
7.9,850280,390000,80,48,111932,95568,0.878949
8,798400,450000,11,47,91224,97016,0.927744
8.1,651760,600000,54,51,94120,97016,0.998293
8.2,839560,405000,61,47,95568,98464,0.891331
8.3,660000,585000,60,42,97016,98464,0.996384
8.4,840000,405000,65,48,98464,99912,0.891203
8.5,735000,525000,65,44,99912,101360,0.972973
8.6,825000,420000,66,48,99912,101360,0.904306
8.7,780000,465000,67,50,101360,102808,0.939836
8.8,780000,465000,66,54,102808,104256,0.939836
8.9,795000,465000,66,52,104256,105704,0.935809
9,720000,525000,68,50,104256,107152,0.976056
9.1,795000,450000,68,51,105704,108600,0.928687
9.2,735000,510000,72,52,107152,110048,0.968372
9.3,795000,450000,71,58,107152,112944,0.928687
9.4,750000,510000,70,57,108600,114392,0.964989
9.5,780000,465000,70,59,108600,115840,0.939836
9.6,735000,510000,70,61,110048,118736,0.968372
9.7,720000,525000,72,59,110048,120184,0.976056
9.8,765000,495000,71,61,110048,121632,0.956098
9.9,720000,525000,73,62,110048,124528,0.976056
10,735000,510000,73,65,111496,125976,0.968372
10.1,720000,525000,73,63,111496,127424,0.976056
10.2,720000,525000,73,66,111496,130320,0.976056
10.3,750000,510000,71,75,111496,131768,0.964989
10.4,690000,555000,73,85,111496,133216,0.988379
10.5,690000,551480,73,88,111496,133216,0.987704
10.6,705000,541560,72,88,111496,133216,0.9831
10.7,705000,552840,73,87,111496,133216,0.985577
10.8,720000,520560,75,89,111496,133216,0.974805
10.9,690000,562200,75,88,111496,133216,0.989691
11,705000,548600,74,87,111496,133216,0.984673
11.1,720000,525680,74,85,111496,133216,0.976244
11.2,705000,547200,73,89,111496,133216,0.984368
11.3,705000,536960,74,89,111496,133216,0.982022
11.4,705000,545800,75,88,111496,133216,0.984058
11.5,690000,548600,75,85,111496,133216,0.987135
11.6,720000,535560,73,86,111496,133216,0.978877
11.7,720000,532200,73,89,111496,133216,0.978002
11.8,690000,557080,73,90,111496,133216,0.988767
11.9,705000,532200,76,89,111496,133216,0.980866
12,705000,551960,73,86,111496,133216,0.985392
12.1,720000,532200,71,87,111496,133216,0.978002
12.2,720000,519160,71,90,111496,133216,0.974403
12.3,690000,563600,73,90,111496,133216,0.989936
12.4,690000,558840,76,87,112944,133216,0.98909
12.5,705000,536960,75,85,112944,133216,0.982022
12.6,720000,525680,75,89,112944,133216,0.976244
12.7,750000,504160,74,89,114392,133216,0.962998
12.8,690000,551960,76,90,114392,133216,0.987797
12.9,705000,545800,77,53,114392,92672,0.984058
13,720000,536960,76,5,115840,92672,0.979235
13.1,1.23e+06,13040,68,24,115840,92672,0.5106
13.2,1.095e+06,151400,78,57,117288,92672,0.635671
13.3,435000,807120,89,24,117288,94120,0.917641
13.4,1.2e+06,60000,73,66,117288,97016,0.549875
13.5,720000,525000,80,52,118736,98464,0.976056
13.6,825000,420000,69,58,118736,101360,0.904306
13.7,795000,450000,78,47,118736,102808,0.928687
13.8,795000,465000,80,52,120184,105704,0.935809
13.9,825000,420000,82,58,121632,108600,0.904306
14,810000,435000,78,58,121632,110048,0.916822
14.1,825000,420000,74,61,123080,111496,0.904306
14.2,750000,495000,83,59,124528,112944,0.959738
14.3,780000,480000,84,63,125976,115840,0.946352
14.4,780000,465000,86,63,128872,117288,0.939836
14.5,780000,465000,85,61,130320,118736,0.939836
14.6,810000,435000,86,63,131768,120184,0.916822
14.7,795000,465000,108,65,133216,121632,0.935809
14.8,746640,495000,112,65,130291,123080,0.960546
14.9,770920,480000,59,67,92672,124735,0.948689
15,375240,875480,100,11,92672,86880,0.862092
15.1,1.19036e+06,45000,74,29,97016,86880,0.53775
15.2,945000,313000,87,48,99912,86880,0.798473
15.3,945000,301000,90,46,102808,86880,0.78918
15.4,915000,330000,78,66,104256,89776,0.819144
15.5,810000,435000,88,58,107152,91224,0.916822
15.6,825000,435000,78,54,108600,92672,0.912571
15.7,810000,435000,88,52,111496,94120,0.916822
15.8,705000,540000,94,45,112944,95568,0.982739
15.9,945000,300000,88,54,114392,97016,0.788396
16,825000,435000,91,58,117288,98464,0.912571
16.1,840000,405000,90,61,118736,98464,0.891203
16.2,780000,465000,91,55,120184,99912,0.939836
16.3,855000,390000,91,57,121632,99912,0.87758
16.4,780000,465000,98,57,123080,101360,0.939836
16.5,840000,420000,97,60,124528,102808,0.9
16.6,840000,405000,95,63,124528,102808,0.891203
16.7,810000,435000,94,58,125976,102808,0.916822
16.8,810000,435000,97,60,127424,104256,0.916822
16.9,810000,450000,99,58,127424,104256,0.924528
17,825000,420000,99,61,128872,105704,0.904306
17.1,855000,390000,96,63,128872,105704,0.87758
17.2,780000,465000,99,58,130320,105704,0.939836
17.3,825000,420000,100,60,130320,105704,0.904306
17.4,810000,450000,105,60,131768,105704,0.924528
17.5,825000,420000,121,60,131768,105704,0.904306
17.6,824120,420000,126,60,131768,105704,0.904559
17.7,804080,450000,98,58,112459,105704,0.926168
17.8,736480,510000,37,54,91224,105704,0.968042
17.9,611440,630000,83,64,94120,105704,0.999777
18,855000,390000,86,56,95568,105704,0.87758
18.1,630000,630000,87,52,97016,105704,1
18.2,825000,420000,91,56,98464,105704,0.904306
18.3,735000,510000,91,56,99912,105704,0.968372
18.4,795000,450000,91,60,101360,105704,0.928687
18.5,780000,480000,90,60,102808,105704,0.946352
18.6,765000,480000,91,60,102808,105704,0.950207
18.7,765000,480000,91,58,104256,105704,0.950207
18.8,765000,480000,93,58,105704,105704,0.950207
18.9,765000,480000,96,56,105704,105704,0.950207
19,780000,480000,95,58,107152,105704,0.946352
19.1,795000,450000,94,60,107152,105704,0.928687
19.2,795000,450000,94,60,108600,105704,0.928687
19.3,765000,480000,95,58,108600,105704,0.950207
19.4,780000,480000,96,56,110048,105704,0.946352
19.5,780000,465000,98,57,110048,105704,0.939836
19.6,810000,435000,96,60,110048,105704,0.916822
19.7,765000,480000,97,59,110048,107152,0.950207
19.8,795000,450000,97,61,111496,107152,0.928687
19.9,795000,465000,96,62,111496,107152,0.935809
20,765000,480000,97,61,111496,108600,0.950207
20.1,765000,480000,98,59,111496,108600,0.950207
20.2,780000,465000,98,60,111496,108600,0.939836
20.3,780000,480000,98,61,111496,110048,0.946352
20.4,780000,465000,96,62,111496,110048,0.939836
20.5,765000,480000,97,61,111496,111496,0.950207
20.6,765000,480000,98,63,111496,111496,0.950207
20.7,750000,495000,98,61,111496,112944,0.959738
20.8,795000,465000,97,65,111496,114392,0.935809
20.9,735000,510000,100,64,111496,115840,0.968372
21,780000,465000,98,65,111496,115840,0.939836
21.1,750000,495000,96,67,111496,117288,0.959738
21.2,750000,510000,96,66,111496,118736,0.964989
21.3,735000,510000,99,67,111496,120184,0.968372
21.4,735000,510000,98,69,111496,123080,0.968372
21.5,750000,495000,98,69,111496,124528,0.959738
21.6,720000,525000,98,71,111496,125976,0.976056
21.7,720000,540000,100,70,111496,127424,0.98
21.8,720000,525000,100,73,111496,130320,0.976056
21.9,720000,525000,100,79,111496,131768,0.976056
22,705000,540000,100,88,112944,133216,0.982739
22.1,720000,534960,100,95,112944,133216,0.978722
22.2,720000,532200,100,96,112944,133216,0.978002
22.3,705000,544920,102,95,114392,133216,0.983862
22.4,720000,520560,100,68,114392,115802,0.974805
22.5,720000,535560,100,22,114392,92672,0.978877
22.6,1.11e+06,131760,93,59,115840,92672,0.617053
22.7,1.245e+06,0,92,75,115840,92672,0.5
22.8,525000,722680,94,41,117288,94120,0.975512
22.9,1.005e+06,240000,95,60,117288,95568,0.725922
23,735000,525000,104,47,117288,98464,0.972973
23.1,855000,390000,106,69,118736,101360,0.87758
23.2,825000,420000,103,58,118736,102808,0.904306
23.3,780000,465000,95,59,118736,105704,0.939836
23.4,825000,435000,107,61,120184,107152,0.912571
23.5,765000,480000,108,63,120184,110048,0.950207
23.6,810000,435000,104,71,120184,111496,0.916822
23.7,795000,450000,100,64,121632,112944,0.928687
23.8,780000,465000,102,66,121632,114392,0.939836
23.9,780000,480000,109,70,123080,117288,0.946352
24,750000,495000,110,70,124528,118736,0.959738
24.1,780000,465000,107,70,125976,120184,0.939836
24.2,780000,465000,109,68,128872,121632,0.939836
24.3,795000,465000,109,70,130320,123080,0.935809
24.4,780000,465000,119,73,131768,123080,0.939836
24.5,765000,480000,134,76,133216,124528,0.950207
24.6,743320,510000,129,73,136632,125976,0.966505
24.7,759280,480000,73,55,92672,99598,0.951669
24.8,670040,588240,103,16,95568,86880,0.995792
24.9,1.23128e+06,15000,97,58,98464,86880,0.512181
25,630000,616280,102,35,99912,86880,0.999879
25.1,975000,270000,103,58,102808,89776,0.757199
25.2,795000,450000,112,50,105704,89776,0.928687
25.3,855000,405000,116,65,107152,92672,0.886878
25.4,870000,375000,110,60,110048,92672,0.8635
25.5,840000,405000,107,64,111496,94120,0.891203
25.6,765000,480000,114,61,114392,95568,0.950207
25.7,765000,480000,118,54,115840,97016,0.950207
25.8,930000,330000,115,65,117288,98464,0.815157
25.9,795000,450000,119,66,118736,99912,0.928687
26,825000,420000,117,68,120184,99912,0.904306
26.1,840000,405000,116,63,121632,99912,0.891203
26.2,810000,450000,119,64,123080,101360,0.924528
26.3,795000,450000,123,65,124528,102808,0.928687
26.4,825000,420000,123,67,125976,102808,0.904306
26.5,840000,405000,121,68,125976,102808,0.891203
26.6,810000,435000,124,66,127424,104256,0.916822
26.7,810000,450000,124,66,127424,104256,0.924528
26.8,810000,435000,127,68,128872,105704,0.916822
26.9,825000,420000,126,68,128872,105704,0.904306
27,840000,405000,123,67,130320,105704,0.891203
27.1,825000,435000,126,68,130320,105704,0.912571
27.2,810000,435000,136,69,131768,105704,0.916822
27.3,813600,435000,151,68,131768,105704,0.915799
27.4,813960,435000,154,67,131768,105704,0.915697
27.5,828400,420000,91,67,91224,105704,0.903326
27.6,400880,840000,126,41,91224,105704,0.888708
27.7,970000,285000,112,72,94120,105704,0.770466
27.8,690000,555000,116,59,95568,105704,0.988379
27.9,825000,420000,112,75,97016,105704,0.904306
28,705000,540000,116,63,98464,105704,0.982739
28.1,810000,450000,113,67,99912,105704,0.924528
28.2,705000,540000,119,63,101360,105704,0.982739
28.3,780000,465000,118,64,102808,105704,0.939836
28.4,780000,465000,121,65,104256,105704,0.939836
28.5,765000,480000,120,65,104256,105704,0.950207
28.6,810000,450000,119,67,105704,105704,0.924528
28.7,765000,480000,119,65,107152,105704,0.950207
28.8,765000,480000,122,65,107152,105704,0.950207
28.9,765000,480000,122,63,108600,105704,0.950207
29,810000,450000,122,65,108600,105704,0.924528
29.1,765000,480000,123,65,108600,105704,0.950207
29.2,795000,450000,123,67,110048,105704,0.928687
29.3,780000,465000,123,66,110048,105704,0.939836
29.4,780000,465000,125,65,110048,105704,0.939836
29.5,810000,450000,124,68,111496,107152,0.924528
29.6,750000,495000,124,65,111496,107152,0.959738
29.7,795000,450000,125,67,111496,107152,0.928687
29.8,795000,450000,124,68,111496,108600,0.928687
29.9,780000,480000,124,68,111496,108600,0.946352
30,765000,480000,123,66,111496,108600,0.950207
30.1,780000,465000,125,68,111496,110048,0.939836
30.2,750000,495000,125,67,111496,110048,0.959738
30.3,780000,465000,125,69,111496,111496,0.939836
30.4,780000,480000,125,70,111496,112944,0.946352
30.5,765000,480000,124,72,111496,112944,0.950207
30.6,750000,495000,124,70,111496,114392,0.959738
30.7,750000,495000,126,72,111496,115840,0.959738
30.8,765000,495000,125,72,111496,117288,0.956098
30.9,750000,495000,125,74,111496,118736,0.959738
31,750000,495000,125,74,111496,120184,0.959738
31.1,735000,510000,124,73,111496,121632,0.968372
31.2,750000,495000,126,77,111496,123080,0.959738
31.3,735000,525000,125,75,111496,124528,0.972973
31.4,720000,525000,125,78,111496,127424,0.976056
31.5,720000,525000,127,78,111496,128872,0.976056
31.6,735000,510000,126,79,111496,130320,0.968372
31.7,735000,525000,124,94,112944,133216,0.972973
31.8,675000,560120,127,100,112944,133216,0.991423
31.9,720000,529920,127,101,112944,133216,0.977396
32,690000,564480,127,99,112944,133216,0.990088
32.1,750000,501880,126,102,114392,133216,0.962202
32.2,705000,540680,127,58,114392,92672,0.982897
32.3,780000,468520,123,18,114392,92672,0.941407
32.4,1.245e+06,6520,119,75,115840,92672,0.505237
32.5,930000,306520,140,61,117288,92672,0.797296
32.6,705000,543720,121,70,117288,95568,0.983592
32.7,960000,300000,131,63,117288,97016,0.784698
32.8,630000,615000,131,56,117288,99912,0.999855
32.9,990000,255000,126,74,118736,101360,0.74155
33,735000,510000,129,66,118736,104256,0.968372
33.1,870000,375000,126,77,120184,107152,0.8635
33.2,750000,510000,130,66,120184,108600,0.964989
33.3,765000,480000,131,69,120184,110048,0.950207
33.4,810000,435000,134,72,121632,112944,0.916822
33.5,810000,435000,130,78,121632,114392,0.916822
33.6,765000,495000,132,74,123080,115840,0.956098
33.7,765000,480000,136,73,124528,117288,0.950207
33.8,795000,450000,136,78,125976,118736,0.928687
33.9,765000,480000,136,77,127424,120184,0.950207
34,780000,465000,135,79,128872,121632,0.939836
34.1,780000,480000,138,80,130320,123080,0.946352
34.2,765000,480000,156,81,133216,124528,0.950207
34.3,755680,495000,167,80,133216,124528,0.958365
34.4,810480,435000,123,80,92672,124273,0.916686
34.5,529280,720000,98,41,92672,86880,0.977225
34.6,1.02024e+06,217320,118,70,97016,86880,0.703763
34.7,1.065e+06,197400,130,74,98464,86880,0.679196
34.8,855000,388680,119,83,101360,88328,0.87674
34.9,810000,435000,129,77,104256,89776,0.916822
35,750000,495000,123,65,107152,91224,0.959738
35.1,870000,390000,130,66,108600,92672,0.873267
35.2,705000,540000,141,63,111496,94120,0.982739
35.3,915000,330000,137,72,112944,95568,0.819144
35.4,870000,375000,136,75,114392,95568,0.8635
35.5,810000,435000,139,77,115840,97016,0.916822
35.6,825000,435000,135,75,117288,98464,0.912571
35.7,780000,465000,139,71,120184,99912,0.939836
35.8,855000,390000,141,77,121632,99912,0.87758
35.9,810000,435000,141,77,121632,101360,0.916822
36,840000,420000,140,77,123080,101360,0.9
36.1,840000,405000,139,77,124528,102808,0.891203
36.2,780000,465000,146,76,125976,102808,0.939836
36.3,825000,420000,146,77,127424,104256,0.904306
36.4,825000,420000,145,77,127424,104256,0.904306
36.5,840000,420000,144,79,128872,104256,0.9
36.6,810000,435000,146,81,128872,105704,0.916822
36.7,825000,420000,146,79,130320,105704,0.904306
36.8,810000,435000,146,80,130320,105704,0.916822
36.9,825000,435000,147,77,130320,105704,0.912571
37,810000,435000,162,78,131768,105704,0.916822
37.1,817680,420000,174,78,131768,105704,0.906421
37.2,802320,450000,149,78,110434,105704,0.926656
37.3,758520,495000,85,73,91224,105704,0.957676
37.4,605240,645000,129,80,94120,105704,0.99899
37.5,819280,420000,135,74,95568,105704,0.905958
37.6,615000,630000,137,68,97016,105704,0.999855
37.7,855000,405000,137,73,98464,105704,0.886878
37.8,735000,510000,139,75,99912,105704,0.968372
37.9,810000,435000,138,80,101360,105704,0.916822
38,765000,480000,138,78,102808,105704,0.950207
38.1,765000,495000,139,77,102808,105704,0.956098
38.2,765000,480000,139,75,104256,105704,0.950207
38.3,765000,480000,141,75,105704,105704,0.950207
38.4,780000,465000,141,76,105704,105704,0.939836
38.5,765000,480000,145,76,107152,105704,0.950207
38.6,795000,465000,144,77,107152,105704,0.935809
38.7,780000,465000,143,76,108600,105704,0.939836
38.8,795000,450000,142,78,108600,105704,0.928687
38.9,765000,480000,144,76,110048,105704,0.950207
39,780000,480000,144,76,110048,105704,0.946352
39.1,795000,450000,145,76,110048,105704,0.928687
39.2,795000,450000,144,79,110048,107152,0.928687
39.3,765000,480000,146,77,111496,107152,0.950207
39.4,780000,465000,146,78,111496,107152,0.939836
39.5,810000,450000,144,78,111496,107152,0.924528
39.6,765000,480000,145,79,111496,108600,0.950207
39.7,780000,465000,145,80,111496,108600,0.939836
39.8,765000,480000,146,79,111496,110048,0.950207
39.9,780000,480000,146,79,111496,110048,0.946352
40,780000,465000,144,81,111496,111496,0.939836
40.1,765000,480000,145,81,111496,111496,0.950207
40.2,750000,495000,145,81,111496,112944,0.959738
40.3,765000,480000,146,82,111496,114392,0.950207
40.4,780000,480000,146,83,111496,115840,0.946352
40.5,750000,495000,146,84,111496,115840,0.959738
40.6,735000,510000,145,81,111496,117288,0.968372
40.7,750000,495000,147,83,111496,118736,0.959738
40.8,765000,495000,146,85,111496,120184,0.956098
40.9,720000,525000,146,85,111496,121632,0.976056
41,750000,495000,146,88,111496,124528,0.959738
41.1,720000,525000,146,88,111496,125976,0.976056
41.2,720000,525000,148,88,111496,127424,0.976056
41.3,735000,525000,147,91,111496,130320,0.972973
41.4,735000,510000,144,96,111496,131768,0.968372
41.5,690000,555000,147,107,112944,133216,0.988379
41.6,720000,532320,147,113,112944,133216,0.978034
41.7,705000,547200,148,112,112944,133216,0.984368
41.8,720000,521440,147,114,114392,133216,0.975056
41.9,705000,547200,148,112,114392,133216,0.984368
42,720000,517760,148,116,114392,133216,0.973997
42.1,705000,552320,150,82,115840,115146,0.985468
42.2,720000,520560,150,36,115840,92672,0.974805
42.3,1.17e+06,82720,140,42,115840,92672,0.570349
42.4,1.245e+06,0,142,93,117288,92672,0.5
42.5,300000,947600,162,42,117288,94120,0.787749
42.6,1.2e+06,60000,145,92,118736,97016,0.549875
42.7,720000,525000,153,70,118736,98464,0.976056
42.8,810000,435000,143,81,118736,101360,0.916822
42.9,825000,420000,155,72,120184,102808,0.904306
43,750000,495000,155,77,120184,105704,0.959738
43.1,900000,360000,151,86,120184,107152,0.844828
43.2,750000,495000,150,81,121632,110048,0.959738
43.3,840000,405000,146,87,121632,111496,0.891203
43.4,735000,510000,156,82,123080,112944,0.968372
43.5,795000,465000,154,87,124528,115840,0.935809
43.6,795000,450000,154,90,125976,117288,0.928687
43.7,750000,495000,158,86,128872,118736,0.959738
43.8,810000,435000,157,88,130320,120184,0.916822
43.9,780000,465000,164,90,131768,121632,0.939836
44,765000,495000,185,90,133216,123080,0.956098
44.1,814840,435000,170,93,137931,123080,0.915448
44.2,771120,465000,117,82,92672,98760,0.942215
44.3,581320,678480,147,38,95568,86880,0.994087
44.4,1.20864e+06,30000,141,84,98464,86880,0.524806
44.5,810000,436480,142,68,99912,86880,0.917603
44.6,795000,453480,155,72,102808,88328,0.930381
44.7,825000,435000,156,68,105704,89776,0.912571
44.8,885000,360000,152,75,107152,91224,0.849026
44.9,840000,405000,160,81,110048,92672,0.891203
45,840000,405000,159,83,111496,94120,0.891203
45.1,855000,390000,160,86,114392,95568,0.87758
45.2,825000,435000,158,84,115840,97016,0.912571
45.3,810000,435000,157,82,117288,98464,0.916822
45.4,795000,450000,163,80,118736,98464,0.928687
45.5,855000,390000,163,85,120184,99912,0.87758
45.6,795000,465000,165,87,121632,101360,0.935809
45.7,855000,390000,163,85,123080,101360,0.87758
45.8,810000,435000,162,87,124528,102808,0.916822
45.9,795000,450000,167,85,124528,102808,0.928687
46,825000,420000,167,87,125976,102808,0.904306
46.1,855000,405000,167,89,127424,104256,0.886878
46.2,810000,435000,167,88,127424,104256,0.916822
46.3,825000,420000,167,89,128872,105704,0.904306
46.4,825000,420000,168,91,128872,105704,0.904306
46.5,795000,465000,170,88,130320,105704,0.935809
46.6,825000,420000,169,90,130320,105704,0.904306
46.7,825000,420000,176,88,131768,105704,0.904306
46.8,814680,435000,195,89,131768,105704,0.915493
46.9,810240,435000,197,88,131768,105704,0.916754
47,828760,420000,139,90,91224,105704,0.903223
47.1,404800,840000,167,62,91224,105704,0.891083
47.2,980920,270000,159,96,94120,105704,0.755866
47.3,705000,540000,160,82,95568,105704,0.982739
47.4,810000,450000,155,94,97016,105704,0.924528
47.5,735000,510000,157,86,98464,105704,0.968372
47.6,765000,480000,155,86,99912,105704,0.950207
47.7,735000,510000,161,82,101360,105704,0.968372
47.8,765000,480000,163,84,102808,105704,0.950207
47.9,810000,450000,162,86,104256,105704,0.924528
48,765000,480000,163,88,104256,105704,0.950207
48.1,765000,480000,163,86,105704,105704,0.950207
48.2,795000,450000,163,86,107152,105704,0.928687
48.3,750000,510000,165,84,107152,105704,0.964989
48.4,795000,450000,165,86,108600,105704,0.928687
48.5,765000,480000,166,86,108600,105704,0.950207
48.6,795000,450000,165,88,108600,105704,0.928687
48.7,795000,450000,165,88,110048,105704,0.928687
48.8,795000,465000,166,89,110048,105704,0.935809
48.9,780000,465000,164,88,110048,105704,0.939836
49,765000,480000,168,87,111496,107152,0.950207
49.1,780000,465000,168,86,111496,107152,0.939836
49.2,780000,480000,168,86,111496,107152,0.946352
49.3,795000,450000,167,89,111496,108600,0.928687
49.4,765000,480000,168,89,111496,108600,0.950207
49.5,780000,465000,168,88,111496,108600,0.939836
49.6,780000,465000,168,90,111496,110048,0.939836
49.7,780000,480000,168,90,111496,110048,0.946352
49.8,780000,465000,166,92,111496,111496,0.939836
49.9,750000,495000,166,92,111496,112944,0.959738
50,750000,495000,168,91,111496,112944,0.959738
50.1,780000,480000,168,92,111496,114392,0.946352
50.2,750000,495000,168,90,111496,115840,0.959738
50.3,750000,495000,170,92,111496,117288,0.959738
50.4,750000,495000,170,94,111496,118736,0.959738
50.5,750000,495000,168,94,111496,120184,0.959738
50.6,750000,510000,168,95,111496,121632,0.964989
50.7,750000,495000,168,97,111496,123080,0.959738
50.8,720000,525000,168,97,111496,124528,0.976056
50.9,735000,510000,167,101,111496,127424,0.968372
51,735000,525000,168,99,111496,128872,0.972973
51.1,705000,540000,169,100,111496,130320,0.982739
51.2,705000,540000,169,112,112944,133216,0.982739
51.3,720000,530680,169,123,112944,133216,0.977599
51.4,720000,532200,169,125,112944,133216,0.978002
51.5,690000,547200,171,121,112944,133216,0.986853
51.6,720000,531320,172,122,119150,133216,0.977769
51.7,705000,547200,125,122,79640,133216,0.984368
51.8,285000,958400,161,84,82536,133216,0.773211
51.9,825000,419480,142,54,56472,92672,0.904011
52,1.03864e+06,188920,127,37,59368,92672,0.676067
52.1,1.155e+06,15000,126,100,59368,92672,0.512985
52.2,300000,945000,127,64,60816,94120,0.788396
52.3,855000,375000,137,79,62264,97016,0.867837
52.4,615000,630000,135,77,63712,99912,0.999855
52.5,750000,495000,137,79,63712,101360,0.959738
52.6,705000,555000,133,84,65160,104256,0.986026
52.7,675000,570000,136,86,65160,107152,0.992937
52.8,660000,585000,135,88,66608,108600,0.996384
52.9,660000,585000,139,89,66608,111496,0.996384
53,660000,585000,140,89,68056,112944,0.996384
53.1,660000,600000,140,90,68056,114392,0.997738
53.2,630000,615000,140,90,68056,115840,0.999855
53.3,660000,585000,140,92,68056,117288,0.996384
53.4,630000,615000,141,90,69504,118736,0.999855
53.5,645000,615000,140,92,69504,120184,0.999433
53.6,630000,615000,140,92,69504,121632,0.999855
53.7,615000,630000,142,91,70952,123080,0.999855
53.8,630000,615000,142,93,70952,124528,0.999855
53.9,600000,645000,145,91,72400,125976,0.998695
54,630000,630000,147,91,72400,125976,1
54.1,645000,600000,147,94,73848,127424,0.998695
54.2,615000,630000,148,95,73848,128872,0.999855
54.3,630000,615000,149,98,75296,128872,0.999855
54.4,645000,615000,148,98,75296,130320,0.999433
54.5,630000,615000,147,99,76744,130320,0.999855
54.6,615000,630000,148,100,76744,131768,0.999855
54.7,630000,615000,146,115,76744,131768,0.999855
54.8,600000,654400,149,117,78192,133216,0.998123
54.9,645000,606120,148,118,78192,133216,0.999035
55,600000,644040,151,117,79640,133216,0.998748
55.1,645000,605240,152,118,79640,133216,0.99899
55.2,630000,613160,150,119,79640,133216,0.999817
55.3,630000,622000,149,121,81088,133216,0.999959
55.4,645000,606640,150,119,81088,133216,0.999062
55.5,630000,611760,153,119,82536,133216,0.999784
55.6,645000,610360,150,120,82536,133216,0.999239
55.7,630000,606640,150,120,82536,133216,0.999643
55.8,630000,622000,153,120,83984,133216,0.999959
55.9,630000,613160,153,119,83984,133216,0.999817
56,660000,600480,154,121,85432,133216,0.997775
56.1,645000,601520,153,119,85432,133216,0.998785
56.2,645000,590240,154,121,85432,133216,0.998039
56.3,630000,622000,155,121,86880,133216,0.999959
56.4,645000,606640,156,119,86880,133216,0.999062
56.5,660000,583720,155,122,88328,133216,0.996252
56.6,660000,591640,155,121,88328,133216,0.997026
56.7,660000,595360,153,121,88328,133216,0.997356
56.8,645000,590240,157,121,89776,133216,0.998039
56.9,645000,611760,158,121,89776,133216,0.999301
57,660000,588840,156,120,89776,133216,0.996764
57.1,660000,591640,157,119,91224,133216,0.997026
57.2,675000,568720,156,123,91224,133216,0.992751
57.3,660000,590240,157,121,92672,133216,0.996896
57.4,660000,590240,157,121,92672,133216,0.996896
57.5,660000,585120,159,121,92672,133216,0.996396
57.6,660000,590240,160,121,94120,133216,0.996896
57.7,675000,573840,159,121,94120,133216,0.993481
57.8,660000,585120,159,121,94120,133216,0.996396
57.9,675000,573840,159,123,95568,133216,0.993481
58,675000,563600,160,123,95568,133216,0.991976
58.1,660000,590240,160,121,95568,133216,0.996896
58.2,690000,563600,161,121,97016,133216,0.989936
58.3,675000,568720,160,123,97016,133216,0.992751
58.4,660000,588840,163,124,98464,133216,0.996764
58.5,690000,565000,162,121,99912,133216,0.990177
58.6,675000,573840,165,121,102808,133216,0.993481
58.7,705000,536960,166,123,105704,133216,0.982022
58.8,675000,573840,171,123,108600,133216,0.993481
58.9,705000,547200,172,123,111496,133216,0.984368
59,705000,536960,173,121,114392,133216,0.982022
59.1,720000,530800,175,125,117288,133216,0.977631
59.2,720000,525320,178,124,121632,133216,0.976144
59.3,735000,517400,152,82,83984,92672,0.970697
59.4,651280,474160,121,42,83984,92672,0.975831
59.5,930840,23280,147,108,86880,92672,0.524994
59.6,645000,596640,170,69,89776,92672,0.998485
59.7,870000,383320,150,93,92672,97016,0.868971
59.8,720000,525000,163,79,94120,98464,0.976056
59.9,765000,480000,160,91,97016,101360,0.950207
60,780000,465000,167,86,98464,104256,0.939836
60.1,765000,495000,168,93,101360,107152,0.956098
60.2,825000,420000,164,96,102808,108600,0.904306
60.3,735000,510000,164,95,104256,110048,0.968372
60.4,750000,495000,169,95,105704,111496,0.959738
60.5,720000,540000,170,93,107152,114392,0.98
60.6,810000,435000,169,99,108600,115840,0.916822
60.7,750000,495000,170,101,110048,117288,0.959738
60.8,750000,495000,171,101,111496,118736,0.959738
60.9,735000,510000,173,100,112944,120184,0.968372
61,750000,510000,176,101,114392,121632,0.964989
61.1,750000,495000,174,103,114392,123080,0.959738
61.2,720000,525000,175,103,115840,124528,0.976056
61.3,750000,495000,176,104,117288,124528,0.959738
61.4,735000,525000,175,102,117288,125976,0.972973
61.5,735000,510000,179,105,118736,127424,0.968372
61.6,750000,495000,177,105,118736,128872,0.959738
61.7,720000,525000,179,106,118736,128872,0.976056
61.8,735000,510000,181,106,120184,128872,0.968372
61.9,735000,525000,180,106,120184,130320,0.972973
62,735000,510000,179,111,120184,131768,0.968372
62.1,735000,510000,177,122,121632,131768,0.968372
62.2,720000,536000,179,126,121632,131768,0.97899
62.3,705000,539280,175,129,125694,133216,0.982571
62.4,720000,520560,130,96,83984,92672,0.974805
62.5,653800,607000,153,44,86880,92672,0.998624
62.6,1.246e+06,1400,154,104,88328,92672,0.501124
62.7,360000,886400,175,48,89776,92672,0.848631
62.8,1.185e+06,66360,161,106,94120,97016,0.555825
62.9,615000,630000,169,81,95568,98464,0.999855
63,870000,375000,165,102,98464,101360,0.8635
63.1,735000,510000,169,91,99912,102808,0.968372
63.2,780000,465000,165,96,102808,105704,0.939836
63.3,720000,540000,176,87,104256,107152,0.98
63.4,780000,465000,175,93,105704,108600,0.939836
63.5,795000,450000,177,99,107152,111496,0.928687
63.6,780000,465000,174,101,108600,112944,0.939836
63.7,765000,495000,174,102,110048,115840,0.956098
63.8,720000,525000,177,100,111496,117288,0.976056
63.9,735000,510000,181,99,112944,118736,0.968372
64,780000,465000,180,103,114392,120184,0.939836
64.1,765000,480000,179,104,114392,121632,0.950207
64.2,720000,540000,182,105,115840,123080,0.98
64.3,750000,495000,180,104,115840,123080,0.959738
64.4,720000,525000,185,104,117288,124528,0.976056
64.5,795000,450000,180,109,117288,125976,0.928687
64.6,720000,540000,181,108,118736,127424,0.98
64.7,735000,510000,184,106,118736,127424,0.968372
64.8,690000,555000,185,106,120184,128872,0.988379
64.9,765000,480000,184,108,120184,128872,0.950207
65,750000,495000,182,108,120184,130320,0.959738
65.1,720000,540000,184,108,120184,130320,0.98
65.2,720000,525000,187,107,121632,130320,0.976056
65.3,735000,510000,186,118,121632,131768,0.968372
65.4,735000,510000,187,129,121632,131768,0.968372
65.5,705000,552920,186,128,121632,133216,0.985594
65.6,735000,512640,156,130,83984,133216,0.969214
65.7,536300,708080,153,73,83984,92672,0.9813
65.8,951960,302520,147,95,71541,92672,0.788637
65.9,780000,446640,161,83,60816,92672,0.931223
66,705000,537560,156,94,60816,95568,0.982165
66.1,675000,585000,154,75,62264,97016,0.994924
66.2,795000,450000,146,93,63712,99912,0.928687
66.3,630000,615000,151,84,65160,102808,0.999855
66.4,735000,510000,152,89,65160,104256,0.968372
66.5,660000,600000,153,89,66608,107152,0.997738
66.6,675000,570000,154,90,66608,108600,0.992937
66.7,660000,585000,155,91,68056,111496,0.996384
66.8,660000,585000,155,93,68056,112944,0.996384
66.9,660000,585000,156,93,69504,114392,0.996384
67,660000,600000,156,95,69504,117288,0.997738
67.1,630000,615000,156,95,69504,118736,0.999855
67.2,630000,615000,158,95,69504,120184,0.999855
67.3,630000,615000,161,97,70952,121632,0.999855
67.4,645000,615000,160,97,70952,123080,0.999433
67.5,630000,615000,160,99,70952,124528,0.999855
67.6,660000,585000,158,103,70952,125976,0.996384
67.7,630000,615000,158,104,70952,125976,0.999855
67.8,615000,630000,160,105,72400,127424,0.999855
67.9,630000,630000,160,106,72400,128872,1
68,630000,615000,159,109,73848,128872,0.999855
68.1,630000,615000,159,108,73848,128872,0.999855
68.2,615000,630000,158,107,73848,130320,0.999855
68.3,615000,645000,158,106,75296,130320,0.999433
68.4,600000,645000,160,116,75296,131768,0.998695
68.5,600000,652200,163,123,76744,131768,0.998265
68.6,630000,606120,165,125,76744,133216,0.999627
68.7,645000,611240,163,128,78192,133216,0.999278
68.8,630000,611760,163,130,78192,133216,0.999784
68.9,615000,638400,162,128,78192,133216,0.999652
69,600000,643520,165,126,79640,133216,0.998777
69.1,645000,605240,164,127,79640,133216,0.99899
69.2,630000,612120,163,130,81088,133216,0.999793
69.3,615000,638400,166,128,81088,133216,0.999652
69.4,630000,616880,166,126,81088,133216,0.999889
69.5,660000,590240,165,130,82536,133216,0.996896
69.6,615000,627120,166,130,82536,133216,0.999905
69.7,645000,611760,166,126,83984,133216,0.999301
69.8,630000,616880,168,128,83984,133216,0.999889
69.9,630000,616880,168,128,83984,133216,0.999889
70,645000,595360,168,128,85432,133216,0.998401
70.1,660000,595360,166,130,85432,133216,0.997356
70.2,630000,622000,169,128,86880,133216,0.999959
70.3,645000,595360,168,130,86880,133216,0.998401
70.4,660000,595360,168,130,86880,133216,0.997356
70.5,630000,616880,171,128,88328,133216,0.999889
70.6,660000,590240,169,128,88328,133216,0.996896
70.7,645000,595360,170,128,88328,133216,0.998401
70.8,660000,595360,169,128,89776,133216,0.997356
70.9,645000,595360,172,130,89776,133216,0.998401
71,675000,578960,172,132,91224,133216,0.994168
71.1,660000,590240,170,130,91224,133216,0.996896
71.2,630000,616880,172,128,91224,133216,0.999889
71.3,660000,588840,175,127,92672,133216,0.996764
71.4,660000,580360,175,128,92672,133216,0.995894
71.5,690000,568720,173,130,92672,133216,0.990802
71.6,645000,595360,173,128,94120,133216,0.998401
71.7,675000,578960,172,130,94120,133216,0.994168
71.8,675000,563600,174,132,95568,133216,0.991976
71.9,675000,573840,173,132,95568,133216,0.993481
72,675000,573840,174,132,95568,133216,0.993481
72.1,660000,588840,175,131,97016,133216,0.996764
72.2,645000,601880,176,128,97016,133216,0.998805
72.3,690000,562200,178,129,99912,133216,0.989691
72.4,675000,578960,178,129,101360,133216,0.994168
72.5,690000,548600,180,130,104256,133216,0.987135
72.6,690000,567320,184,129,107152,133216,0.990569
72.7,705000,532200,183,132,110048,133216,0.980866
72.8,705000,547200,186,130,112944,133216,0.984368
72.9,705000,550920,187,131,115840,133216,0.985172
73,720000,525680,190,133,120184,133216,0.976244
73.1,735000,507520,184,104,128590,115047,0.967569
73.2,720000,529400,138,61,83984,92672,0.977257
73.3,615000,110760,164,101,87153,92672,0.67444
73.4,949440,298560,164,97,60816,92672,0.786162
73.5,585000,662840,146,96,62264,95568,0.996124
73.6,705000,525000,156,88,63712,98464,0.979033
73.7,720000,525000,151,97,65160,101360,0.976056
73.8,675000,570000,156,96,65160,102808,0.992937
73.9,690000,570000,157,100,66608,105704,0.991011
74,675000,570000,159,99,68056,107152,0.992937
74.1,675000,570000,158,103,68056,110048,0.992937
74.2,660000,585000,161,103,69504,111496,0.996384
74.3,675000,585000,160,103,69504,112944,0.994924
74.4,660000,585000,160,106,69504,115840,0.996384
74.5,660000,585000,159,106,70952,117288,0.996384
74.6,630000,615000,161,104,70952,118736,0.999855
74.7,660000,585000,161,106,70952,120184,0.996384
74.8,645000,615000,161,106,72400,121632,0.999433
74.9,630000,615000,161,108,72400,123080,0.999855
75,630000,615000,161,108,72400,124528,0.999855
75.1,630000,615000,161,108,72400,125976,0.999855
75.2,615000,645000,162,107,72400,125976,0.999433
75.3,630000,615000,162,107,72400,127424,0.999855
75.4,615000,630000,164,107,73848,127424,0.999855
75.5,630000,615000,166,109,73848,128872,0.999855
75.6,630000,615000,164,110,73848,128872,0.999855
75.7,600000,660000,167,109,75296,130320,0.997738
75.8,645000,600000,166,111,75296,130320,0.998695
75.9,630000,615000,165,121,76744,131768,0.999855
76,615000,638120,166,132,76744,131768,0.99966
76.1,615000,632760,165,130,76744,133216,0.999797
76.2,615000,626760,167,131,78192,133216,0.99991
76.3,630000,628520,167,130,78192,133216,0.999999
76.4,615000,631880,169,131,79640,133216,0.999817
76.5,645000,601880,168,132,79640,133216,0.998805
76.6,630000,610360,169,133,81088,133216,0.999749
76.7,645000,607000,168,134,81088,133216,0.99908
76.8,600000,653400,170,131,81088,133216,0.998188
76.9,645000,601880,170,130,82536,133216,0.998805
77,645000,595360,169,134,82536,133216,0.998401
77.1,615000,643520,171,130,83984,133216,0.999487
77.2,645000,590240,170,132,83984,133216,0.998039
77.3,630000,622000,172,132,83984,133216,0.999959
77.4,660000,595360,171,134,85432,133216,0.997356
77.5,645000,595360,170,134,85432,133216,0.998401
77.6,630000,616880,173,132,86880,133216,0.999889
77.7,630000,616880,173,132,86880,133216,0.999889
77.8,645000,600480,174,132,86880,133216,0.998724
77.9,660000,590240,175,132,88328,133216,0.996896
78,660000,595360,173,134,88328,133216,0.997356
78.1,645000,595360,174,132,88328,133216,0.998401
78.2,660000,595360,173,134,89776,133216,0.997356
78.3,645000,595360,176,134,89776,133216,0.998401
78.4,660000,595360,175,134,91224,133216,0.997356
78.5,645000,595360,176,132,91224,133216,0.998401
78.6,690000,568720,174,134,91224,133216,0.990802
78.7,645000,595360,176,136,92672,133216,0.998401
78.8,660000,595360,176,134,92672,133216,0.997356
78.9,660000,588840,176,133,92672,133216,0.996764
79,660000,580360,179,134,94120,133216,0.995894
79.1,660000,595360,179,132,94120,133216,0.997356
79.2,675000,568720,178,134,94120,133216,0.992751
79.3,660000,595360,179,132,95568,133216,0.997356
79.4,675000,562200,178,135,95568,133216,0.991756
79.5,675000,580360,180,134,97016,133216,0.994349
79.6,675000,573840,179,134,97016,133216,0.993481
79.7,675000,573840,178,136,97016,133216,0.993481
79.8,675000,573840,179,134,99912,133216,0.993481
79.9,690000,552320,183,138,102808,133216,0.987867
80,690000,563600,185,136,105704,133216,0.989936
80.1,675000,573840,185,134,107152,133216,0.993481
80.2,705000,540680,186,137,110048,133216,0.982897
80.3,720000,530800,190,139,112944,133216,0.977631
80.4,705000,537320,191,140,115840,133216,0.982108
80.5,705000,547200,194,138,118519,133216,0.984368
80.6,735000,507520,151,140,82536,133216,0.967569
80.7,364680,883960,183,73,82536,92672,0.852549
80.8,1.02e+06,228600,165,52,86880,92672,0.713399
80.9,1.245e+06,0,165,117,88328,92672,0.5
81,615000,635600,188,73,91224,92672,0.999729
81.1,930000,315000,170,119,94120,97016,0.803851
81.2,720000,540000,181,91,95568,97016,0.98
81.3,780000,465000,172,102,97016,99912,0.939836
81.4,765000,480000,181,96,99912,102808,0.950207
81.5,720000,525000,184,98,101360,104256,0.976056
81.6,825000,420000,186,100,102808,107152,0.904306
81.7,765000,495000,186,106,104256,108600,0.956098
81.8,810000,435000,185,111,105704,111496,0.916822
81.9,735000,510000,185,108,107152,112944,0.968372
82,750000,495000,186,108,108600,114392,0.959738
82.1,735000,525000,190,106,110048,115840,0.972973
82.2,780000,465000,189,111,111496,118736,0.939836
82.3,750000,495000,189,113,111496,120184,0.959738
82.4,735000,510000,191,112,112944,121632,0.968372
82.5,735000,510000,193,110,114392,121632,0.968372
82.6,750000,510000,191,113,114392,123080,0.964989
82.7,735000,510000,195,114,115840,124528,0.968372
82.8,750000,495000,193,116,115840,125976,0.959738
82.9,720000,525000,193,116,115840,127424,0.976056
83,735000,525000,195,115,117288,127424,0.972973
83.1,735000,510000,196,116,117288,128872,0.968372
83.2,750000,495000,194,119,117288,128872,0.959738
83.3,720000,525000,195,117,118736,130320,0.976056
83.4,705000,540000,196,117,118736,130320,0.982739
83.5,750000,510000,196,127,118736,131768,0.964989
83.6,720000,525000,196,140,118736,131768,0.976056
83.7,720000,519000,194,139,118736,133216,0.974357
83.8,720000,540360,189,130,127135,132328,0.980089
83.9,720000,517760,143,87,82536,92672,0.973997
84,695400,322080,167,61,85432,92672,0.881352
84.1,1.23e+06,20080,169,125,88328,92672,0.516321
84.2,420000,819320,170,88,89776,94120,0.905946
84.3,960000,286400,182,104,92672,97016,0.773951
84.4,585000,675000,189,92,95568,99912,0.994924
84.5,960000,285000,182,110,97016,101360,0.772829
84.6,705000,540000,186,106,98464,104256,0.982739
84.7,825000,420000,185,114,101360,107152,0.904306
84.8,750000,495000,184,112,102808,108600,0.959738
84.9,765000,495000,182,110,104256,110048,0.956098
85,720000,525000,189,109,105704,112944,0.976056
85.1,750000,495000,192,111,107152,114392,0.959738
85.2,765000,480000,192,112,108600,115840,0.950207
85.3,780000,480000,191,115,110048,117288,0.946352
85.4,705000,540000,194,112,110048,118736,0.982739
85.5,735000,510000,196,113,111496,120184,0.968372
85.6,735000,510000,198,116,112944,121632,0.968372
85.7,780000,465000,196,118,112944,123080,0.939836
85.8,750000,510000,195,119,114392,124528,0.964989
85.9,720000,525000,195,119,114392,125976,0.976056
86,720000,525000,198,118,115840,125976,0.976056
86.1,735000,510000,197,121,115840,127424,0.968372
86.2,720000,540000,200,118,117288,128872,0.98
86.3,765000,480000,197,122,117288,128872,0.950207
86.4,720000,525000,197,121,117288,128872,0.976056
86.5,720000,525000,197,121,117288,130320,0.976056
86.6,735000,510000,199,123,118736,130320,0.968372
86.7,720000,540000,199,126,118736,131768,0.98
86.8,735000,510000,198,140,118736,131768,0.968372
86.9,705000,548760,199,142,118736,131768,0.984708
87,750000,490800,199,149,118736,133216,0.958187
87.1,720000,527640,176,113,98674,92672,0.976781
87.2,679920,530760,132,69,82536,92672,0.985048
87.3,873560,27480,171,120,86880,92672,0.531426
87.4,705000,539040,193,96,88328,92672,0.982515
87.5,915000,336560,180,124,91224,95568,0.823991
87.6,765000,475720,185,105,94120,97016,0.948442
87.7,855000,405000,177,120,95568,99912,0.886878
87.8,705000,540000,186,112,98464,102808,0.982739
87.9,750000,495000,183,110,99912,104256,0.959738
88,735000,510000,191,110,101360,107152,0.968372
88.1,765000,480000,193,113,102808,108600,0.950207
88.2,825000,435000,189,118,104256,111496,0.912571
88.3,750000,495000,192,122,105704,112944,0.959738
88.4,750000,495000,191,122,107152,114392,0.959738
88.5,750000,495000,192,120,108600,115840,0.959738
88.6,750000,510000,195,122,110048,118736,0.964989
88.7,720000,525000,198,122,111496,120184,0.976056
88.8,750000,495000,196,124,111496,121632,0.959738
88.9,750000,495000,197,123,112944,121632,0.959738
89,735000,510000,199,124,114392,123080,0.968372
89.1,720000,540000,201,125,114392,124528,0.98
89.2,765000,480000,199,126,115840,125976,0.950207
89.3,720000,525000,199,128,115840,127424,0.976056
89.4,750000,495000,199,129,115840,127424,0.959738
89.5,735000,525000,199,129,117288,128872,0.972973
89.6,705000,540000,202,129,117288,128872,0.982739
89.7,720000,525000,202,127,117288,130320,0.976056
89.8,750000,495000,199,130,118736,130320,0.959738
89.9,720000,525000,201,129,118736,130320,0.976056
90,735000,525000,202,136,118736,131768,0.972973
90.1,735000,510000,201,152,118736,131768,0.968372
90.2,690000,550480,203,152,118736,133216,0.987508
90.3,720000,527640,188,146,92701,128602,0.976781
90.4,735000,519160,139,101,82536,92672,0.971234
90.5,755000,393720,173,67,85432,92672,0.909989
90.6,1.215e+06,34560,176,128,88328,92672,0.528421
90.7,630000,617520,175,113,89776,94120,0.9999
90.8,855000,390000,184,112,92672,95568,0.87758
90.9,645000,600000,180,106,94120,98464,0.998695
91,840000,420000,188,108,97016,101360,0.9
91.1,675000,570000,196,108,98464,104256,0.992937
91.2,870000,375000,194,118,101360,105704,0.8635
91.3,780000,465000,193,121,102808,108600,0.939836
91.4,765000,480000,195,124,104256,110048,0.950207
91.5,765000,495000,191,120,105704,111496,0.956098
91.6,750000,495000,194,120,107152,112944,0.959738
91.7,705000,540000,200,120,108600,115840,0.982739
91.8,780000,465000,197,124,110048,117288,0.939836
91.9,795000,465000,196,126,110048,118736,0.935809
92,705000,540000,200,127,111496,120184,0.982739
92.1,735000,510000,202,126,112944,121632,0.968372
92.2,750000,495000,198,126,112944,123080,0.959738
92.3,735000,510000,200,125,114392,124528,0.968372
92.4,750000,510000,200,130,114392,125976,0.964989
92.5,705000,540000,204,128,115840,125976,0.982739
92.6,735000,510000,203,131,115840,127424,0.968372
92.7,720000,525000,204,127,117288,128872,0.976056
92.8,750000,510000,202,129,117288,128872,0.964989
92.9,735000,510000,203,132,117288,130320,0.968372
93,720000,525000,203,131,117288,130320,0.976056
93.1,720000,525000,204,132,118736,130320,0.976056
93.2,735000,510000,205,139,118736,131768,0.968372
93.3,720000,540000,205,148,118736,131768,0.98
93.4,720000,519440,205,154,118736,131768,0.974484
93.5,705000,547200,194,155,94704,133216,0.984368
93.6,705000,546320,148,153,82536,133216,0.984174
93.7,344240,897000,182,132,82536,133216,0.834503
93.8,772680,472400,164,150,56472,133216,0.945033
93.9,357760,895600,181,122,59368,133216,0.844493
94,705000,536960,175,144,60816,133216,0.982022
94.1,510000,744600,179,133,60816,133216,0.966215
94.2,630000,613160,178,144,62264,133216,0.999817
94.3,555000,691680,180,142,63712,133216,0.988123
94.4,615000,638400,179,148,63712,133216,0.999652
94.5,600000,644560,178,148,65160,133216,0.99872
94.6,600000,648640,176,152,65160,133216,0.998485
94.7,585000,671200,178,150,66608,133216,0.995313
94.8,585000,659920,177,148,66608,133216,0.996391
94.9,600000,654800,176,150,68056,133216,0.998096
95,600000,638400,176,150,68056,133216,0.999039
95.1,585000,669800,175,145,68056,133216,0.995454
95.2,570000,676680,177,146,68056,133216,0.992731
95.3,600000,644560,176,144,69504,133216,0.99872
95.4,585000,665040,179,144,69504,133216,0.995917
95.5,585000,654800,180,144,69504,133216,0.99684
95.6,615000,638400,179,144,69504,133216,0.999652
95.7,600000,654800,179,146,69504,133216,0.998096
95.8,600000,638400,179,148,69504,133216,0.999039
95.9,600000,654800,180,146,70952,133216,0.998096
96,615000,638400,179,148,70952,133216,0.999652
96.1,600000,638400,180,150,72400,133216,0.999039
96.2,600000,654800,182,148,72400,133216,0.998096
96.3,615000,622000,177,150,72400,133216,0.999968
96.4,615000,644560,179,148,73848,133216,0.99945
96.5,600000,648640,181,146,73848,133216,0.998485
96.6,615000,628160,181,146,75296,133216,0.999888
96.7,615000,638400,182,146,75296,133216,0.999652
96.8,615000,628160,182,148,76744,133216,0.999888
96.9,615000,638400,183,148,76744,133216,0.999652
97,630000,606640,183,148,76744,133216,0.999643
97.1,630000,622000,182,150,78192,133216,0.999959
97.2,600000,654800,184,144,78192,133216,0.998096
97.3,630000,611760,185,148,79640,133216,0.999784
97.4,630000,616880,185,148,79640,133216,0.999889
97.5,630000,626760,186,149,81088,133216,0.999993
97.6,630000,611760,186,149,81088,133216,0.999784
97.7,630000,618280,186,148,81088,133216,0.999912
97.8,645000,595360,186,150,82536,133216,0.998401
97.9,645000,606640,185,150,82536,133216,0.999062
98,630000,622000,188,150,83984,133216,0.999959
98.1,630000,616520,188,149,83984,133216,0.999883
98.2,645000,601880,187,150,83984,133216,0.998805
98.3,630000,622000,190,150,85432,133216,0.999959
98.4,645000,601520,189,148,85432,133216,0.998785
98.5,645000,600480,190,148,85432,133216,0.998724
98.6,675000,580000,188,150,86880,133216,0.994303
98.7,645000,595360,189,150,86880,133216,0.998401
98.8,645000,606640,191,150,88328,133216,0.999062
98.9,645000,595360,190,150,88328,133216,0.998401
99,645000,611760,191,146,88328,133216,0.999301
99.1,660000,590240,192,150,89776,133216,0.996896
99.2,675000,573840,191,150,89776,133216,0.993481
99.3,660000,580000,190,150,91224,133216,0.995855
99.4,660000,595360,192,152,91224,133216,0.997356
99.5,645000,606640,193,148,91224,133216,0.999062
99.6,660000,583720,194,149,92672,133216,0.996252
99.7,645000,601880,195,148,92672,133216,0.998805
99.8,690000,563600,193,150,92672,133216,0.989936
99.9,660000,583720,194,151,94120,133216,0.996252
100,675000,575240,193,150,94120,133216,0.993673
100.1,660000,590240,195,150,94120,133216,0.996896
100.2,675000,563600,195,150,95568,133216,0.991976
100.3,660000,595360,199,150,98464,133216,0.997356
100.4,690000,547200,199,150,101360,133216,0.986853
100.5,675000,580000,202,150,104256,133216,0.994303
100.6,690000,557440,203,152,105704,133216,0.988834
100.7,705000,536960,204,150,108600,133216,0.982022
100.8,735000,520560,206,154,112944,133216,0.971657
100.9,705000,547200,207,154,115840,133216,0.984368
101,705000,542080,210,154,118736,133216,0.983219
101.1,720000,530800,188,156,83984,133216,0.977631
101.2,666120,580560,144,148,83984,128427,0.995312
101.3,510000,736120,182,84,86880,92672,0.968122
101.4,1.0818e+06,158920,182,72,88328,92672,0.6438
101.5,1.17e+06,89440,190,128,91224,92672,0.576
101.6,495000,751160,207,103,94120,94120,0.959458
101.7,960000,285000,198,124,95568,97016,0.772829
101.8,795000,450000,201,121,98464,98464,0.928687
101.9,870000,375000,190,126,99912,101360,0.8635
102,690000,570000,199,120,101360,104256,0.991011
102.1,765000,480000,195,119,102808,105704,0.950207
102.2,750000,495000,203,118,105704,108600,0.959738
102.3,735000,510000,209,119,107152,110048,0.968372
102.4,810000,435000,206,123,108600,111496,0.916822
102.5,810000,450000,205,127,110048,114392,0.924528
102.6,720000,525000,207,125,110048,115840,0.976056
102.7,720000,525000,208,123,111496,117288,0.976056
102.8,765000,480000,210,124,112944,118736,0.950207
102.9,765000,495000,212,128,114392,120184,0.956098
103,750000,495000,210,130,114392,121632,0.959738
103.1,735000,510000,210,129,115840,123080,0.968372
103.2,750000,495000,208,129,115840,124528,0.959738
103.3,750000,495000,211,132,117288,124528,0.959738
103.4,735000,525000,212,132,117288,125976,0.972973
103.5,720000,525000,215,134,118736,127424,0.976056
103.6,735000,510000,214,133,118736,128872,0.968372
103.7,735000,510000,213,133,118736,128872,0.968372
103.8,750000,510000,213,133,118736,128872,0.964989
103.9,735000,510000,213,134,120184,130320,0.968372
104,720000,525000,215,135,120184,130320,0.976056
104.1,720000,525000,213,137,120184,131768,0.976056
104.2,750000,495000,213,152,120184,131768,0.959738
104.3,705000,546800,214,154,120184,131768,0.98428
104.4,705000,547200,215,154,121472,133216,0.984368
104.5,720000,529920,169,158,83984,133216,0.977396
104.6,289280,960160,210,120,83984,133216,0.776211
104.7,859320,391440,203,89,88328,92672,0.877244
104.8,1.035e+06,200200,191,70,89776,92672,0.686454
104.9,1.245e+06,15000,192,133,92672,92672,0.512046
105,300000,945000,195,95,94120,94120,0.788396
105.1,1.065e+06,180000,204,125,97016,97016,0.66432
105.2,615000,630000,206,108,98464,98464,0.999855
105.3,900000,345000,208,129,101360,101360,0.834221
105.4,735000,525000,206,120,102808,104256,0.972973
105.5,810000,435000,205,124,104256,105704,0.916822
105.6,720000,525000,208,118,105704,107152,0.976056
105.7,735000,510000,214,118,107152,110048,0.968372
105.8,825000,435000,212,122,108600,111496,0.912571
105.9,780000,465000,211,131,110048,114392,0.939836
106,780000,465000,210,131,111496,115840,0.939836
106.1,735000,510000,210,128,112944,117288,0.968372
106.2,750000,510000,212,127,112944,118736,0.964989
106.3,735000,510000,216,130,114392,120184,0.968372
106.4,765000,480000,216,133,115840,121632,0.950207
106.5,735000,510000,215,132,115840,123080,0.968372
106.6,750000,495000,218,132,117288,124528,0.959738
106.7,750000,510000,218,133,117288,125976,0.964989
106.8,735000,510000,217,133,117288,125976,0.968372
106.9,720000,525000,218,133,118736,127424,0.976056
107,735000,510000,219,134,118736,128872,0.968372
107.1,750000,510000,219,136,118736,128872,0.964989
107.2,735000,510000,219,134,120184,128872,0.968372
107.3,735000,510000,218,135,120184,130320,0.968372
107.4,735000,510000,219,137,120184,130320,0.968372
107.5,720000,525000,219,139,120184,131768,0.976056
107.6,720000,540000,219,149,120184,131768,0.98
107.7,720000,519000,219,157,120184,131768,0.974357
107.8,705000,547200,218,155,121275,133216,0.984368
107.9,720000,529920,171,157,83984,133216,0.977396
108,293560,945160,209,122,83984,133216,0.783267
108.1,793000,466240,198,162,62264,133216,0.936913
108.2,600000,648280,188,145,60816,133216,0.998506
108.3,555000,686560,191,157,60816,133216,0.988896
108.4,585000,671560,189,152,62264,133216,0.995277
108.5,570000,665040,190,152,63712,133216,0.994113
108.6,585000,665040,190,154,65160,133216,0.995917
108.7,585000,665040,189,152,65160,133216,0.995917
108.8,570000,686560,190,150,66608,133216,0.991469
108.9,585000,659920,189,150,66608,133216,0.996391
109,570000,670160,190,148,68056,133216,0.993519
109.1,585000,665040,191,148,68056,133216,0.995917
109.2,585000,659920,193,146,69504,133216,0.996391
109.3,600000,659920,191,148,69504,133216,0.997743
109.4,570000,670160,195,146,69504,133216,0.993519
109.5,630000,626760,193,149,69504,133216,0.999993
109.6,600000,643520,194,151,70952,133216,0.998777
109.7,600000,650040,194,150,70952,133216,0.9984
109.8,615000,631880,193,153,70952,133216,0.999817
109.9,600000,650040,193,152,70952,133216,0.9984
110,585000,659920,194,152,70952,133216,0.996391
110.1,615000,638400,191,152,70952,133216,0.999652
110.2,570000,670160,193,150,70952,133216,0.993519
110.3,600000,653400,193,149,70952,133216,0.998188
110.4,600000,644920,194,150,72400,133216,0.9987
110.5,600000,643520,194,150,72400,133216,0.998777
110.6,615000,638400,194,150,73848,133216,0.999652
110.7,585000,658520,197,149,73848,133216,0.996517
110.8,630000,623400,195,150,73848,133216,0.999972
110.9,600000,643520,198,150,75296,133216,0.998777
111,630000,616880,196,152,75296,133216,0.999889
111.1,615000,643520,196,152,76744,133216,0.999487
111.2,615000,622000,197,152,76744,133216,0.999968
111.3,615000,633280,196,152,76744,133216,0.999786
111.4,615000,638400,198,150,78192,133216,0.999652
111.5,645000,600480,199,152,78192,133216,0.998724
111.6,615000,638400,199,154,79640,133216,0.999652
111.7,630000,616880,197,152,79640,133216,0.999889
111.8,600000,643520,199,150,79640,133216,0.998777
111.9,660000,595360,198,152,81088,133216,0.997356
112,615000,631880,199,153,81088,133216,0.999817
112.1,615000,623400,203,152,82536,133216,0.999954
112.2,660000,595360,201,152,82536,133216,0.997356
112.3,645000,595360,201,154,83984,133216,0.998401
112.4,630000,622000,201,154,83984,133216,0.999959
112.5,630000,626760,201,151,83984,133216,0.999993
112.6,630000,607000,204,152,85432,133216,0.999654
112.7,660000,595360,202,152,85432,133216,0.997356
112.8,645000,595360,201,154,85432,133216,0.998401
112.9,630000,616880,204,154,86880,133216,0.999889
113,645000,615480,203,153,86880,133216,0.999452
113.1,660000,575240,204,154,88328,133216,0.995314
113.2,645000,605240,205,153,88328,133216,0.99899
113.3,660000,585480,205,154,88328,133216,0.996433
113.4,630000,616880,206,152,89776,133216,0.999889
113.5,675000,583720,205,153,89776,133216,0.994769
113.6,660000,580360,206,154,91224,133216,0.995894
113.7,630000,622000,208,152,91224,133216,0.999959
113.8,675000,568720,205,154,91224,133216,0.992751
113.9,660000,595360,206,154,92672,133216,0.997356
114,675000,567320,207,155,92672,133216,0.992543
114.1,630000,623400,209,152,92672,133216,0.999972
114.2,675000,573840,207,154,94120,133216,0.993481
114.3,675000,568720,208,154,94120,133216,0.992751
114.4,675000,573840,208,156,95568,133216,0.993481
114.5,645000,600480,212,154,97016,133216,0.998724
114.6,690000,563600,212,154,99912,133216,0.989936
114.7,660000,578960,215,154,101360,133216,0.99574
114.8,690000,568720,217,154,104256,133216,0.990802
114.9,705000,547200,218,154,107152,133216,0.984368
115,690000,552320,220,154,110048,133216,0.987867
115.1,720000,525680,220,156,112944,133216,0.976244
115.2,690000,552320,226,158,115840,133216,0.987867
115.3,720000,535560,227,157,120184,133216,0.978877
115.4,765000,489720,226,145,123080,138478,0.954076
115.5,720000,514040,222,103,129043,92672,0.9729
115.6,966120,288040,159,79,86880,92672,0.773803
115.7,708240,22400,198,145,89776,92672,0.531596
115.8,720000,518520,215,121,92672,94120,0.974218
115.9,780000,465680,205,134,95568,97016,0.940142
116,780000,480000,216,123,97016,98464,0.946352
116.1,720000,525000,210,122,99912,101360,0.976056
116.2,810000,435000,213,121,101360,104256,0.916822
116.3,720000,525000,223,123,104256,105704,0.976056
116.4,840000,420000,220,129,105704,108600,0.9
116.5,795000,450000,218,132,107152,110048,0.928687
116.6,750000,495000,222,132,110048,111496,0.959738
116.7,750000,495000,221,130,111496,112944,0.959738
116.8,765000,480000,223,132,112944,115840,0.950207
116.9,765000,495000,225,134,114392,117288,0.956098
117,780000,465000,224,138,115840,118736,0.939836
117.1,720000,525000,227,134,117288,120184,0.976056
117.2,780000,465000,225,138,117288,121632,0.939836
117.3,735000,525000,229,138,118736,123080,0.972973
117.4,750000,495000,230,138,120184,124528,0.959738
117.5,750000,495000,228,140,120184,125976,0.959738
117.6,735000,510000,230,136,121632,125976,0.968372
117.7,765000,480000,229,141,121632,127424,0.950207
117.8,750000,510000,230,142,123080,128872,0.964989
117.9,720000,525000,232,141,123080,128872,0.976056
118,750000,495000,233,142,124528,128872,0.959738
118.1,735000,510000,230,141,124528,130320,0.968372
118.2,750000,510000,232,141,124528,130320,0.964989
118.3,735000,510000,231,143,124528,131768,0.968372
118.4,750000,495000,232,158,125976,131768,0.959738
118.5,735000,514080,233,164,125976,131768,0.969667
118.6,705000,540360,217,168,102494,133216,0.982823
118.7,757080,497640,168,131,86880,92672,0.958999
118.8,722520,518040,204,82,89776,92672,0.97355
118.9,1.245e+06,0,206,153,92672,92672,0.5
119,270000,967960,219,99,94120,94120,0.758801
119.1,1.11e+06,150000,219,139,97016,97016,0.632712
119.2,645000,600000,222,122,99912,98464,0.998695
119.3,900000,345000,219,141,101360,101360,0.834221
119.4,705000,540000,224,130,104256,102808,0.982739
119.5,855000,405000,216,135,105704,105704,0.886878
119.6,690000,555000,225,129,107152,107152,0.988379
119.7,765000,480000,230,133,110048,110048,0.950207
119.8,825000,420000,228,136,111496,111496,0.904306
119.9,780000,465000,227,138,112944,112944,0.939836
120,735000,525000,231,137,114392,115840,0.972973
120.1,735000,510000,233,138,115840,117288,0.968372
120.2,780000,465000,231,138,115840,118736,0.939836
120.3,780000,465000,232,142,117288,120184,0.939836
120.4,750000,510000,233,143,118736,121632,0.964989
120.5,735000,510000,235,144,120184,123080,0.968372
120.6,750000,495000,235,142,120184,124528,0.959738
120.7,765000,480000,233,144,121632,124528,0.950207
120.8,765000,480000,234,145,121632,125976,0.950207
120.9,735000,525000,236,147,123080,127424,0.972973
121,735000,510000,237,147,123080,127424,0.968372
121.1,720000,525000,238,147,124528,128872,0.976056
121.2,750000,495000,238,148,124528,128872,0.959738
121.3,750000,510000,236,145,124528,130320,0.964989
121.4,765000,480000,235,149,124528,130320,0.950207
121.5,735000,510000,237,151,125976,131768,0.968372
121.6,735000,510000,238,165,125976,131768,0.968372
121.7,720000,533600,240,169,125976,131768,0.978369
121.8,675000,573840,225,168,96362,133216,0.993481
121.9,727960,512640,182,162,86880,132014,0.970757
122,385360,871760,220,84,86880,92672,0.869789
122.1,1.24772e+06,0,216,149,91224,92672,0.5
122.2,825000,423680,239,119,94120,92672,0.906376
122.3,720000,525000,219,140,97016,95568,0.976056
122.4,840000,405000,232,124,98464,97016,0.891203
122.5,645000,600000,233,126,101360,99912,0.998695
122.6,915000,345000,233,130,102808,101360,0.830118
122.7,735000,510000,234,132,105704,104256,0.968372
122.8,840000,405000,235,143,107152,107152,0.891203
122.9,765000,480000,233,138,108600,108600,0.950207
123,765000,495000,235,138,110048,110048,0.956098
123.1,735000,510000,241,136,111496,112944,0.968372
123.2,780000,465000,240,140,112944,114392,0.939836
123.3,780000,465000,239,140,114392,115840,0.939836
123.4,780000,465000,240,144,115840,117288,0.939836
123.5,720000,540000,245,141,117288,118736,0.98
123.6,750000,495000,244,141,118736,120184,0.959738
123.7,780000,465000,242,143,118736,121632,0.939836
123.8,780000,465000,243,147,120184,123080,0.939836
123.9,735000,525000,245,147,121632,124528,0.972973
124,735000,510000,246,146,121632,125976,0.968372
124.1,720000,525000,249,146,123080,127424,0.976056
124.2,780000,465000,243,149,123080,127424,0.939836
124.3,750000,495000,243,149,123080,128872,0.959738
124.4,750000,510000,244,151,124528,128872,0.964989
124.5,720000,525000,248,151,124528,130320,0.976056
124.6,735000,510000,249,151,124528,130320,0.968372
124.7,720000,525000,250,150,125976,130320,0.976056
124.8,735000,525000,251,152,125976,131768,0.972973
124.9,780000,465000,247,167,125976,131768,0.939836
125,735000,515480,246,170,125976,131768,0.970104
125.1,705000,532200,228,174,86880,133216,0.980866
125.2,637880,622000,196,138,86880,112650,0.999841
125.3,657240,586000,222,86,89776,92672,0.996727
125.4,1.245e+06,0,225,151,92672,92672,0.5
125.5,285000,958920,241,98,94120,92672,0.773087
125.6,1.155e+06,105000,236,146,97016,97016,0.590164
125.7,615000,630000,241,125,99912,98464,0.999855
125.8,915000,330000,235,147,101360,101360,0.819144
125.9,690000,555000,241,133,104256,102808,0.988379
126,825000,420000,235,139,105704,105704,0.904306
126.1,720000,540000,246,132,107152,107152,0.98
126.2,795000,450000,249,140,110048,110048,0.928687
126.3,810000,435000,246,142,111496,111496,0.916822
126.4,780000,465000,245,144,112944,112944,0.939836
126.5,735000,525000,249,143,114392,115840,0.972973
126.6,705000,540000,255,140,115840,117288,0.982739
126.7,810000,435000,249,144,115840,118736,0.916822
126.8,780000,465000,248,146,117288,120184,0.939836
126.9,750000,495000,253,148,118736,121632,0.959738
127,720000,540000,256,147,120184,123080,0.98
127.1,735000,510000,255,146,120184,124528,0.968372
127.2,780000,465000,254,147,121632,124528,0.939836
127.3,780000,465000,250,151,121632,125976,0.939836
127.4,735000,525000,254,151,123080,127424,0.972973
127.5,735000,510000,257,151,123080,127424,0.968372
127.6,720000,525000,256,153,124528,128872,0.976056
127.7,720000,525000,258,150,124528,128872,0.976056
127.8,750000,510000,258,147,124528,130320,0.964989
127.9,765000,480000,255,151,124528,130320,0.950207
128,750000,495000,256,152,125976,130320,0.959738
128.1,735000,510000,257,166,125976,131768,0.968372
128.2,735000,516440,260,176,125976,131768,0.970401
128.3,675000,573840,253,171,129384,133216,0.993481
128.4,735000,512640,209,167,86880,130382,0.969214
128.5,352360,892760,249,88,86880,92672,0.84149
128.6,1.24612e+06,0,234,153,91224,92672,0.5
128.7,720000,538920,253,116,92672,92672,0.97973
128.8,825000,420000,237,151,97016,97016,0.904306
128.9,780000,465000,248,126,98464,97016,0.939836
129,705000,540000,245,134,101360,99912,0.982739
129.1,825000,420000,251,129,102808,101360,0.904306
129.2,765000,495000,254,136,105704,104256,0.956098
129.3,825000,420000,254,142,107152,107152,0.904306
129.4,780000,465000,253,144,108600,108600,0.939836
129.5,780000,465000,256,145,110048,111496,0.939836
129.6,720000,540000,259,140,111496,112944,0.98
129.7,765000,480000,259,141,112944,114392,0.950207
129.8,825000,420000,257,146,114392,115840,0.904306
129.9,735000,510000,259,148,115840,118736,0.968372
130,720000,525000,264,146,117288,120184,0.976056
130.1,765000,495000,262,143,118736,120184,0.956098
130.2,780000,465000,260,148,118736,123080,0.939836
130.3,750000,495000,263,149,120184,123080,0.959738
130.4,750000,495000,264,151,121632,124528,0.959738
130.5,735000,525000,265,149,121632,125976,0.972973
130.6,735000,510000,265,150,123080,127424,0.968372
130.7,780000,465000,263,151,123080,127424,0.939836
130.8,750000,495000,261,153,123080,128872,0.959738
130.9,735000,510000,263,155,124528,128872,0.968372
131,735000,525000,266,155,124528,130320,0.972973
131.1,720000,525000,268,154,124528,130320,0.976056
131.2,735000,510000,268,152,125976,130320,0.968372
131.3,735000,510000,267,160,125976,131768,0.968372
131.4,780000,480000,265,170,125976,131768,0.946352
131.5,720000,517200,265,173,125976,131768,0.973834
131.6,690000,562200,231,178,86880,133216,0.989691
131.7,426360,820800,250,118,86880,92672,0.909069
131.8,949240,307280,243,90,89776,92672,0.793008
131.9,1.245e+06,0,244,155,92672,92672,0.5
132,300000,948680,261,100,94120,92672,0.787481
132.1,1.155e+06,90000,255,151,98464,97016,0.577452
132.2,615000,630000,261,128,99912,98464,0.999855
132.3,915000,330000,256,150,102808,101360,0.819144
132.4,705000,555000,260,136,104256,102808,0.986026
132.5,810000,435000,257,141,105704,105704,0.916822
132.6,735000,510000,266,138,108600,107152,0.968372
132.7,765000,480000,268,142,110048,110048,0.950207
132.8,810000,435000,265,146,111496,111496,0.916822
132.9,795000,465000,265,148,112944,112944,0.935809
133,750000,495000,268,146,114392,114392,0.959738
133.1,720000,525000,271,145,115840,117288,0.976056
133.2,795000,450000,269,148,117288,118736,0.928687
133.3,765000,495000,270,148,117288,120184,0.956098
133.4,780000,465000,269,154,118736,121632,0.939836
133.5,705000,540000,275,151,120184,123080,0.982739
133.6,735000,510000,274,150,120184,124528,0.968372
133.7,780000,465000,271,153,121632,124528,0.939836
133.8,765000,495000,272,153,121632,125976,0.956098
133.9,750000,495000,273,155,123080,127424,0.959738
134,735000,510000,276,155,123080,127424,0.968372
134.1,720000,525000,277,157,124528,128872,0.976056
134.2,750000,510000,275,155,124528,128872,0.964989
134.3,735000,510000,276,154,124528,130320,0.968372
134.4,750000,495000,274,155,124528,130320,0.959738
134.5,750000,495000,275,156,125976,130320,0.959738
134.6,735000,510000,276,169,125976,131768,0.968372
134.7,750000,510000,278,178,125976,131768,0.964989
134.8,645000,598640,278,174,127254,133216,0.998612
134.9,750000,497640,234,173,86880,127911,0.960695
135,336280,919400,274,92,86880,92672,0.822602
135.1,1.24788e+06,0,253,157,91224,92672,0.5
135.2,810000,433920,274,127,92672,92672,0.916249
135.3,720000,525000,256,148,95568,95568,0.976056
135.4,840000,405000,268,132,98464,97016,0.891203
135.5,660000,600000,266,134,101360,99912,0.997738
135.6,870000,375000,271,136,102808,101360,0.8635
135.7,765000,480000,271,142,104256,104256,0.950207
135.8,810000,435000,273,149,107152,107152,0.916822
135.9,765000,480000,273,146,108600,108600,0.950207
136,795000,465000,271,146,110048,110048,0.935809
136.1,720000,525000,276,145,111496,112944,0.976056
136.2,765000,480000,278,146,112944,114392,0.950207
136.3,810000,435000,277,148,114392,115840,0.916822
136.4,765000,495000,277,150,115840,117288,0.956098
136.5,750000,495000,280,150,117288,118736,0.959738
136.6,735000,510000,282,151,118736,120184,0.968372
136.7,750000,495000,280,151,118736,121632,0.959738
136.8,795000,450000,280,154,120184,123080,0.928687
136.9,765000,495000,280,156,121632,124528,0.956098
137,720000,525000,282,156,121632,125976,0.976056
137.1,735000,510000,284,154,123080,125976,0.968372
137.2,735000,510000,285,157,123080,127424,0.968372
137.3,765000,495000,282,155,123080,128872,0.956098
137.4,765000,480000,280,157,124528,128872,0.950207
137.5,735000,510000,283,160,124528,130320,0.968372
137.6,720000,525000,285,157,124528,130320,0.976056
137.7,720000,525000,288,158,125976,130320,0.976056
137.8,750000,510000,286,163,125976,131768,0.964989
137.9,735000,510000,287,172,125976,131768,0.968372
138,765000,487240,284,177,125976,131768,0.953107
138.1,675000,559920,269,180,93295,133216,0.991391
138.2,652720,606120,232,154,86880,107205,0.998632
138.3,570040,674360,262,93,89776,92672,0.993021
138.4,1.2434e+06,0,263,157,92672,92672,0.5
138.5,525000,735000,285,108,94120,92672,0.972973
138.6,1.02e+06,225000,267,160,97016,97016,0.710353
138.7,690000,555000,279,131,99912,97016,0.988379
138.8,795000,450000,269,145,101360,99912,0.928687
138.9,750000,495000,283,136,104256,102808,0.959738
139,750000,510000,282,139,105704,104256,0.964989
139.1,855000,390000,282,143,107152,107152,0.87758
139.2,780000,465000,283,150,108600,110048,0.939836
139.3,750000,495000,285,150,111496,111496,0.959738
139.4,780000,480000,284,147,112944,112944,0.946352
139.5,780000,465000,283,149,114392,114392,0.939836
139.6,750000,495000,288,152,115840,117288,0.959738
139.7,750000,495000,290,154,115840,118736,0.959738
139.8,765000,480000,288,153,117288,120184,0.950207
139.9,765000,495000,288,153,118736,121632,0.956098
140,750000,495000,289,155,120184,123080,0.959738
140.1,735000,510000,294,155,120184,123080,0.968372
140.2,735000,510000,294,156,121632,124528,0.968372
140.3,765000,495000,293,154,121632,125976,0.956098
140.4,750000,495000,292,154,123080,127424,0.959738
140.5,795000,450000,289,160,123080,127424,0.928687
140.6,690000,555000,293,158,123080,128872,0.988379
140.7,735000,510000,297,158,124528,128872,0.968372
140.8,750000,510000,295,159,124528,130320,0.964989
140.9,720000,525000,295,158,124528,130320,0.976056
141,750000,495000,294,157,125976,130320,0.959738
141.1,750000,495000,294,167,125976,131768,0.959738
141.2,795000,465000,291,181,125976,131768,0.935809
141.3,660000,580160,297,181,126913,133216,0.995872
141.4,690000,557640,257,170,86880,135322,0.988871
141.5,411840,842120,293,96,86880,92672,0.89466
141.6,1.24468e+06,0,271,163,91224,92672,0.5
141.7,810000,436160,293,131,94120,92672,0.917434
141.8,720000,525000,274,152,95568,95568,0.976056
141.9,840000,420000,286,135,98464,97016,0.9
142,660000,585000,284,138,101360,99912,0.996384
142.1,870000,375000,289,140,102808,101360,0.8635
142.2,765000,480000,289,146,104256,104256,0.950207
142.3,810000,435000,293,153,107152,107152,0.916822
142.4,780000,480000,290,150,108600,108600,0.946352
142.5,780000,465000,289,150,110048,110048,0.939836
142.6,720000,525000,294,148,111496,111496,0.976056
142.7,765000,480000,296,150,112944,114392,0.950207
142.8,825000,435000,294,152,114392,115840,0.912571
142.9,780000,465000,293,156,115840,117288,0.939836
143,720000,525000,298,154,117288,118736,0.976056
143.1,735000,510000,299,155,117288,120184,0.968372
143.2,750000,495000,300,155,118736,121632,0.959738
143.3,810000,450000,297,158,120184,123080,0.924528
143.4,735000,510000,298,159,120184,124528,0.968372
143.5,735000,510000,302,160,121632,125976,0.968372
143.6,735000,510000,301,158,121632,125976,0.968372
143.7,750000,510000,302,161,123080,127424,0.964989
143.8,750000,495000,300,159,123080,128872,0.959738
143.9,735000,510000,300,161,124528,128872,0.968372
144,750000,495000,302,160,124528,128872,0.959738
144.1,735000,510000,303,161,124528,130320,0.968372
144.2,750000,510000,304,163,125976,130320,0.964989
144.3,720000,525000,304,166,125976,131768,0.976056
144.4,735000,510000,305,177,125976,131768,0.968372
144.5,750000,501400,303,183,125976,131768,0.962034
144.6,705000,547200,289,183,94664,133216,0.984368
144.7,710960,529920,243,163,86880,106907,0.979158
144.8,509880,737000,280,98,89776,92672,0.967887
144.9,1.24904e+06,0,279,163,91224,92672,0.5
145,375000,868920,301,104,92672,92672,0.86381
145.1,1.155e+06,105000,285,164,97016,97016,0.590164
145.2,615000,630000,295,137,98464,98464,0.999855
145.3,885000,360000,285,157,99912,101360,0.849026
145.4,705000,540000,294,142,102808,102808,0.982739
145.5,765000,495000,296,147,104256,105704,0.956098
145.6,780000,465000,299,145,105704,107152,0.939836
145.7,765000,480000,302,151,108600,110048,0.950207
145.8,795000,450000,302,156,110048,111496,0.928687
145.9,780000,465000,299,154,111496,112944,0.939836
146,750000,510000,302,153,112944,114392,0.964989
146.1,735000,510000,306,155,114392,117288,0.968372
146.2,780000,465000,304,157,114392,118736,0.939836
146.3,765000,480000,302,158,115840,120184,0.950207
146.4,765000,495000,304,158,117288,121632,0.956098
146.5,720000,525000,309,158,118736,123080,0.976056
146.6,750000,495000,309,159,118736,123080,0.959738
146.7,750000,495000,308,161,120184,124528,0.959738
146.8,750000,495000,309,159,121632,125976,0.959738
146.9,750000,510000,309,162,121632,127424,0.964989
147,750000,495000,312,163,123080,127424,0.959738
147.1,720000,525000,312,161,123080,128872,0.976056
147.2,750000,495000,311,162,124528,128872,0.959738
147.3,765000,495000,310,164,124528,130320,0.956098
147.4,720000,525000,310,163,124528,130320,0.976056
147.5,750000,495000,313,164,125976,130320,0.959738
147.6,735000,510000,312,174,125976,131768,0.968372
147.7,750000,495000,314,186,125976,131768,0.959738
147.8,690000,565840,312,184,128106,133216,0.99032
147.9,765000,480360,266,181,86880,133498,0.950354
148,364040,886760,305,104,86880,92672,0.851319
148.1,1.23356e+06,17280,287,169,91224,92672,0.514005
148.2,870000,366800,300,141,92672,92672,0.857977
148.3,675000,585000,289,152,95568,95568,0.994924
148.4,840000,405000,302,142,97016,97016,0.891203
148.5,645000,600000,303,142,99912,99912,0.998695
148.6,900000,345000,304,148,101360,101360,0.834221
148.7,750000,510000,306,150,104256,104256,0.964989
148.8,840000,405000,305,161,105704,107152,0.891203
148.9,765000,480000,301,156,107152,108600,0.950207
149,750000,495000,304,156,108600,110048,0.959738
149.1,735000,510000,308,154,110048,112944,0.968372
149.2,765000,495000,311,156,112944,114392,0.956098
149.3,795000,450000,310,161,112944,115840,0.928687
149.4,765000,480000,310,162,114392,117288,0.950207
149.5,735000,510000,312,162,115840,120184,0.968372
149.6,765000,495000,314,159,117288,120184,0.956098
149.7,750000,495000,315,164,118736,123080,0.959738
149.8,750000,495000,315,163,118736,123080,0.959738
149.9,750000,495000,316,165,120184,124528,0.959738
150,735000,510000,318,166,121632,125976,0.968372
150.1,735000,525000,317,164,121632,127424,0.972973
150.2,780000,465000,316,167,123080,127424,0.939836
150.3,720000,525000,316,165,123080,128872,0.976056
150.4,765000,480000,316,169,124528,128872,0.950207
150.5,735000,525000,317,169,124528,130320,0.972973
150.6,720000,525000,319,168,124528,130320,0.976056
150.7,750000,495000,320,169,125976,130320,0.959738
150.8,720000,525000,320,175,125976,131768,0.976056
150.9,765000,480000,319,185,125976,131768,0.950207
151,705000,546360,318,185,125976,131768,0.984183
151.1,720000,529920,293,191,86880,133216,0.977396
151.2,576520,675800,276,146,86880,115837,0.993754
151.3,766800,473280,294,104,89776,92672,0.946948
151.4,1.26e+06,0,296,169,92672,92672,0.5
151.5,285000,958920,302,129,94120,94120,0.773087
151.6,1.065e+06,180000,309,159,97016,97016,0.66432
151.7,615000,630000,311,142,98464,98464,0.999855
151.8,915000,345000,312,163,101360,101360,0.830118
151.9,705000,540000,312,151,102808,104256,0.982739
152,840000,405000,309,157,104256,105704,0.891203
152.1,705000,540000,316,152,107152,107152,0.982739
152.2,765000,480000,318,154,108600,110048,0.950207
152.3,795000,465000,318,156,110048,111496,0.935809
152.4,780000,465000,317,160,111496,112944,0.939836
152.5,765000,480000,317,162,112944,115840,0.950207
152.6,735000,510000,319,159,114392,117288,0.968372
152.7,795000,465000,319,163,115840,118736,0.935809
152.8,735000,510000,323,164,117288,120184,0.968372
152.9,750000,495000,323,166,117288,121632,0.959738
153,750000,495000,322,166,118736,123080,0.959738
153.1,750000,495000,322,164,118736,124528,0.959738
153.2,765000,495000,322,167,120184,124528,0.956098
153.3,720000,525000,327,167,121632,125976,0.976056
153.4,750000,495000,325,167,121632,127424,0.959738
153.5,735000,510000,327,170,123080,128872,0.968372
153.6,735000,525000,328,167,123080,128872,0.972973
153.7,780000,465000,325,170,124528,128872,0.939836
153.8,735000,510000,326,171,124528,130320,0.968372
153.9,735000,510000,327,171,124528,130320,0.968372
154,720000,525000,330,172,125976,131768,0.976056
154.1,750000,510000,330,183,125976,131768,0.964989
154.2,735000,513760,329,192,125976,131768,0.969567
154.3,660000,579480,323,186,128872,133216,0.995798
154.4,765000,480360,276,186,86880,131315,0.950354
154.5,348840,904040,318,105,86880,92672,0.83586
154.6,1.24892e+06,0,305,169,91224,92672,0.5
154.7,735000,510000,326,135,94120,92672,0.968372
154.8,795000,450000,310,165,95568,95568,0.928687
154.9,795000,465000,320,143,97016,97016,0.935809
155,705000,540000,315,151,99912,99912,0.982739
155.1,825000,420000,323,146,101360,101360,0.904306
155.2,750000,495000,327,153,104256,104256,0.959738
155.3,855000,405000,323,160,105704,107152,0.886878
155.4,765000,480000,323,161,107152,108600,0.950207
155.5,750000,495000,328,161,108600,110048,0.959738
155.6,720000,525000,327,156,110048,112944,0.976056
155.7,765000,480000,331,159,111496,114392,0.950207
155.8,825000,435000,330,163,114392,115840,0.912571
155.9,735000,510000,331,164,114392,117288,0.968372
156,735000,510000,331,164,115840,120184,0.968372
156.1,765000,480000,333,164,117288,120184,0.950207
156.2,765000,495000,333,164,118736,121632,0.956098
156.3,750000,495000,333,166,118736,123080,0.959738
156.4,735000,510000,335,167,120184,124528,0.968372
156.5,765000,480000,332,168,120184,125976,0.950207
156.6,735000,510000,334,169,121632,127424,0.968372
156.7,750000,510000,337,169,123080,127424,0.964989
156.8,735000,510000,336,170,123080,128872,0.968372
156.9,750000,495000,335,171,124528,128872,0.959738
157,735000,510000,338,172,124528,130320,0.968372
157.1,750000,510000,336,170,124528,130320,0.964989
157.2,750000,495000,337,171,125976,130320,0.959738
157.3,735000,510000,338,177,125976,131768,0.968372
157.4,735000,510000,337,188,125976,131768,0.968372
157.5,705000,546840,340,190,125976,131768,0.984288
157.6,720000,535560,313,193,86880,133216,0.978877
157.7,589920,654280,294,153,86880,113619,0.997331
157.8,709080,532200,314,106,89776,92672,0.980098
157.9,1.245e+06,0,317,171,92672,94120,0.5
158,285000,975000,324,128,92672,99912,0.769298
158.1,1.08e+06,165000,329,164,97016,101360,0.649293
158.2,615000,630000,329,148,98464,104256,0.999855
158.3,900000,345000,328,168,99912,105704,0.834221
158.4,675000,585000,331,157,102808,108600,0.994924
158.5,825000,420000,325,162,104256,110048,0.904306
158.6,690000,555000,334,156,105704,111496,0.988379
158.7,765000,480000,337,161,108600,112944,0.950207
158.8,765000,480000,337,161,110048,115840,0.950207
158.9,780000,480000,334,164,111496,117288,0.946352
159,750000,495000,337,166,112944,118736,0.959738
159.1,720000,525000,338,164,114392,120184,0.976056
159.2,750000,495000,341,163,115840,120184,0.959738
159.3,765000,495000,340,168,115840,123080,0.956098
159.4,750000,495000,341,167,117288,123080,0.959738
159.5,750000,495000,342,171,118736,124528,0.959738
159.6,735000,510000,344,168,120184,125976,0.968372
159.7,720000,525000,344,168,120184,127424,0.976056
159.8,765000,495000,344,169,121632,127424,0.956098
159.9,720000,525000,344,169,121632,128872,0.976056
160,765000,480000,344,173,123080,128872,0.950207
160.1,735000,510000,345,174,123080,130320,0.968372
160.2,720000,540000,348,170,124528,130320,0.98
160.3,735000,510000,347,170,124528,130320,0.968372
160.4,735000,510000,346,179,124528,131768,0.968372
160.5,735000,510000,348,193,125976,131768,0.968372
160.6,735000,523080,347,191,125125,133216,0.972408
160.7,720000,514920,310,198,86880,133216,0.973162
160.8,393800,867560,328,167,86880,133216,0.876369
160.9,767320,467640,328,210,89776,133216,0.944389
161,615000,633280,336,192,91224,133216,0.999786
161.1,630000,622000,334,190,94120,133216,0.999959
161.2,675000,568720,316,186,65160,133216,0.992751
161.3,470880,777760,330,174,66608,133216,0.943037
161.4,690000,562200,322,189,66608,133216,0.989691
161.5,600000,655160,324,188,69504,133216,0.998072
161.6,630000,611760,323,194,70952,133216,0.999784
161.7,585000,670160,322,192,70952,133216,0.995418
161.8,600000,638400,323,190,72400,133216,0.999039
161.9,585000,659920,325,186,73848,133216,0.996391
162,630000,622000,322,188,75296,133216,0.999959
162.1,585000,659920,327,186,75296,133216,0.996391
162.2,615000,637000,327,187,76744,133216,0.999691
162.3,645000,601880,326,190,76744,133216,0.998805
162.4,600000,653400,326,187,76744,133216,0.998188
162.5,615000,628520,328,188,78192,133216,0.999882
162.6,630000,616880,326,188,78192,133216,0.999889
162.7,630000,616880,326,190,78192,133216,0.999889
162.8,600000,648640,331,186,79640,133216,0.998485
162.9,645000,611760,328,186,79640,133216,0.999301
163,630000,616880,326,188,79640,133216,0.999889
163.1,630000,616880,328,188,79640,133216,0.999889
163.2,630000,616880,328,188,79640,133216,0.999889
163.3,630000,622000,326,188,79640,133216,0.999959
163.4,600000,643520,328,188,79640,133216,0.998777
163.5,630000,611760,328,186,79640,133216,0.999784
163.6,630000,622000,328,188,79640,133216,0.999959
163.7,630000,622000,328,190,79640,133216,0.999959
163.8,630000,611760,328,190,79640,133216,0.999784
163.9,615000,643520,329,188,79640,133216,0.999487
164,630000,611760,330,186,81088,133216,0.999784
164.1,630000,622000,330,188,81088,133216,0.999959
164.2,630000,622000,331,188,82536,133216,0.999959
164.3,645000,590240,330,190,82536,133216,0.998039
164.4,630000,616880,330,188,82536,133216,0.999889
164.5,645000,616880,330,190,83984,133216,0.999504
164.6,630000,610360,330,189,83984,133216,0.999749
164.7,630000,622000,333,187,85432,133216,0.999959
164.8,645000,607000,332,188,85432,133216,0.99908
164.9,660000,585120,332,188,85432,133216,0.996396
165,630000,610360,333,189,86880,133216,0.999749
165.1,675000,580360,332,190,86880,133216,0.994349
165.2,630000,622000,333,188,88328,133216,0.999959
165.3,645000,595360,334,190,88328,133216,0.998401
165.4,660000,595360,332,188,88328,133216,0.997356
165.5,645000,595360,334,190,89776,133216,0.998401
165.6,660000,590240,334,190,89776,133216,0.996896
165.7,660000,588840,334,191,89776,133216,0.996764
165.8,645000,601880,336,190,91224,133216,0.998805
165.9,675000,573840,335,190,91224,133216,0.993481
166,630000,616880,338,188,92672,133216,0.999889
166.1,675000,573840,337,192,92672,133216,0.993481
166.2,675000,573840,336,192,92672,133216,0.993481
166.3,660000,590240,337,190,94120,133216,0.996896
166.4,675000,573840,336,192,94120,133216,0.993481
166.5,660000,588840,336,191,94120,133216,0.996764
166.6,660000,580360,339,190,95568,133216,0.995894
166.7,660000,595360,339,188,95568,133216,0.997356
166.8,675000,568720,341,190,97016,133216,0.992751
166.9,660000,588840,341,189,97016,133216,0.996764
167,675000,568720,340,189,97016,133216,0.992751
167.1,690000,563960,339,192,98464,133216,0.989998
167.2,675000,573840,340,192,98464,133216,0.993481
167.3,660000,590240,340,188,98464,133216,0.996896
167.4,690000,547200,341,192,99912,133216,0.986853
167.5,705000,547200,341,192,101360,133216,0.984368
167.6,675000,578960,341,192,102808,133216,0.994168
167.7,675000,573840,344,192,105704,133216,0.993481
167.8,705000,542080,346,192,107152,133216,0.983219
167.9,690000,557440,346,192,110048,133216,0.988834
168,705000,542080,349,192,112944,133216,0.983219
168.1,705000,547200,352,194,115840,133216,0.984368
168.2,705000,530800,355,192,118736,133216,0.980517
168.3,735000,524280,345,195,128747,133216,0.972762
168.4,720000,519160,297,170,83984,112273,0.974403
168.5,585000,665040,326,116,88678,92672,0.995917
168.6,1.058e+06,34560,319,140,62264,92672,0.532631
168.7,870000,374720,310,161,63712,92672,0.863313
168.8,660000,601840,309,160,65160,95568,0.99788
168.9,705000,540000,321,166,66608,99912,0.982739
169,675000,570000,318,163,66608,101360,0.992937
169.1,705000,540000,322,167,68056,104256,0.982739
169.2,660000,585000,327,165,69504,105704,0.996384
169.3,705000,555000,326,166,69504,108600,0.986026
169.4,660000,585000,327,166,70952,110048,0.996384
169.5,705000,540000,326,168,70952,112944,0.982739
169.6,660000,585000,324,170,70952,114392,0.996384
169.7,660000,600000,325,169,72400,115840,0.997738
169.8,675000,570000,324,170,72400,117288,0.992937
169.9,660000,585000,324,172,72400,118736,0.996384
170,630000,615000,325,168,73848,120184,0.999855
170.1,675000,570000,324,171,73848,121632,0.992937
170.2,615000,645000,323,167,73848,123080,0.999433
170.3,645000,600000,322,170,73848,124528,0.998695
170.4,615000,630000,326,167,75296,125976,0.999855
170.5,600000,645000,328,168,75296,125976,0.998695
170.6,630000,630000,330,167,75296,127424,1
170.7,660000,585000,329,169,76744,128872,0.996384
170.8,645000,600000,328,173,76744,128872,0.998695
170.9,630000,615000,329,173,78192,130320,0.999855
171,645000,600000,330,175,78192,130320,0.998695
171.1,630000,630000,329,173,79640,130320,1
171.2,630000,615000,329,187,79640,131768,0.999855
171.3,615000,638480,330,192,79640,131768,0.999649
171.4,630000,608400,331,192,81088,133216,0.999696
171.5,645000,610360,330,195,81088,133216,0.999239
171.6,630000,607000,333,194,82536,133216,0.999654
171.7,645000,611760,332,194,82536,133216,0.999301
171.8,645000,605600,331,196,82536,133216,0.999008
171.9,615000,626760,331,195,83984,133216,0.99991
172,645000,601880,332,196,83984,133216,0.998805
172.1,630000,616880,335,194,85432,133216,0.999889
172.2,630000,616880,337,194,85432,133216,0.999889
172.3,675000,573840,332,198,85432,133216,0.993481
172.4,630000,616880,335,196,86880,133216,0.999889
172.5,645000,610360,334,195,86880,133216,0.999239
172.6,630000,623400,336,192,86880,133216,0.999972
172.7,660000,578960,337,194,88328,133216,0.99574
172.8,660000,590240,335,196,88328,133216,0.996896
172.9,645000,600480,335,196,89776,133216,0.998724
173,675000,573840,334,198,89776,133216,0.993481
173.1,630000,616880,338,196,89776,133216,0.999889
173.2,660000,590240,339,194,91224,133216,0.996896
173.3,660000,595360,337,194,91224,133216,0.997356
173.4,645000,595360,338,194,91224,133216,0.998401
173.5,675000,568720,338,196,92672,133216,0.992751
173.6,660000,595360,338,196,92672,133216,0.997356
173.7,675000,573840,338,196,94120,133216,0.993481
173.8,675000,573840,339,198,94120,133216,0.993481
173.9,645000,600480,340,196,94120,133216,0.998724
174,660000,585120,341,194,95568,133216,0.996396
174.1,675000,578960,342,196,95568,133216,0.994168
174.2,660000,590240,342,194,95568,133216,0.996896
174.3,675000,573840,342,194,97016,133216,0.993481
174.4,690000,547200,340,196,97016,133216,0.986853
174.5,675000,578960,341,198,97016,133216,0.994168
174.6,645000,605240,343,195,98464,133216,0.99899
174.7,720000,532200,341,200,98464,133216,0.978002
174.8,660000,573840,344,200,99912,133216,0.995147
174.9,675000,573840,343,198,99912,133216,0.993481
175,690000,568720,344,198,101360,133216,0.990802
175.1,690000,557440,344,198,104256,133216,0.988834
175.2,675000,563600,346,198,105704,133216,0.991976
175.3,690000,567320,350,199,108600,133216,0.990569
175.4,705000,532200,351,200,111496,133216,0.980866
175.5,735000,525680,350,202,114392,133216,0.973171
175.6,705000,530800,353,202,117288,133216,0.980517
175.7,735000,519160,357,198,121632,128940,0.971234
175.8,705000,545800,355,153,126517,92672,0.984058
175.9,870000,374680,299,121,85432,92672,0.863287
176,708000,33160,328,186,88328,92672,0.546734
176.1,811800,438600,331,157,91224,92672,0.918205
176.2,720000,523160,332,167,92672,95568,0.975542
176.3,795000,450000,335,160,95568,97016,0.928687
176.4,705000,540000,339,160,97016,99912,0.982739
176.5,780000,480000,347,156,99912,102808,0.946352
176.6,780000,465000,352,163,101360,105704,0.939836
176.7,825000,420000,351,170,104256,107152,0.904306
176.8,810000,435000,346,177,105704,110048,0.916822
176.9,735000,510000,352,174,107152,111496,0.968372
177,765000,495000,348,172,108600,112944,0.956098
177.1,750000,495000,349,172,110048,114392,0.959738
177.2,780000,465000,354,177,111496,117288,0.939836
177.3,735000,510000,354,178,112944,118736,0.968372
177.4,765000,495000,352,178,114392,120184,0.956098
177.5,765000,480000,352,179,115840,121632,0.950207
177.6,735000,510000,355,180,115840,123080,0.968372
177.7,720000,525000,358,180,117288,124528,0.976056
177.8,750000,495000,359,181,118736,124528,0.959738
177.9,735000,525000,358,177,118736,125976,0.972973
178,765000,480000,356,184,120184,127424,0.950207
178.1,720000,525000,360,181,120184,127424,0.976056
178.2,735000,510000,359,184,120184,128872,0.968372
178.3,735000,525000,361,183,121632,128872,0.972973
178.4,720000,525000,361,181,121632,130320,0.976056
178.5,750000,495000,361,182,121632,130320,0.959738
178.6,750000,495000,360,183,123080,130320,0.959738
178.7,720000,525000,362,196,123080,131768,0.976056
178.8,735000,513400,363,206,123080,131768,0.969454
178.9,705000,544920,363,207,123080,133216,0.983862
179,705000,542640,327,178,85432,116470,0.983347
179.1,544440,612080,302,122,85432,92672,0.996591
179.2,62960,0,296,191,85432,92672,0.5
179.3,0,949280,296,128,85432,94120,0.5
179.4,0,420000,296,161,85432,97016,0.5
179.5,0,585000,296,176,85432,99912,0.5
179.6,0,1.035e+06,296,141,85432,102808,0.5
179.7,0,615000,296,153,85432,104256,0.5
179.8,0,555000,296,185,85432,108600,0.5
179.9,0,1.035e+06,296,153,85432,110048,0.5
180,0,810000,296,144,85432,111496,0.5
180.1,15000,615000,296,181,1448,114392,0.524376
180.2,15000,885000,296,167,1448,115840,0.516944
180.3,0,1.005e+06,296,145,1448,117288,0.5
180.4,0,690000,298,170,2896,118736,0.5
180.5,90000,720000,304,179,11584,120184,0.623077
180.6,300000,945000,300,159,23168,121632,0.788396
180.7,540000,705000,333,181,62264,123080,0.982739
180.8,645000,600000,331,176,63712,124528,0.998695
180.9,615000,645000,331,179,65160,124528,0.999433
181,615000,630000,330,180,65160,125976,0.999855
181.1,615000,630000,330,183,66608,127424,0.999855
181.2,615000,630000,332,183,68056,127424,0.999855
181.3,600000,660000,332,182,68056,128872,0.997738
181.4,600000,645000,333,183,69504,128872,0.998695
181.5,600000,645000,333,181,69504,130320,0.998695
181.6,600000,645000,333,180,69504,130320,0.998695
181.7,615000,630000,333,193,70952,131768,0.999855
181.8,585000,665960,334,199,70952,131768,0.995829
181.9,615000,638400,333,202,70952,133216,0.999652
182,585000,654800,337,200,72400,133216,0.99684
182.1,615000,638400,336,202,72400,133216,0.999652
182.2,600000,654800,336,202,72400,133216,0.998096
182.3,630000,611760,336,204,72400,133216,0.999784
182.4,600000,648640,336,204,72400,133216,0.998485
182.5,600000,644560,336,202,72400,133216,0.99872
182.6,600000,648640,336,202,72400,133216,0.998485
182.7,630000,628160,337,204,73848,133216,0.999998
182.8,600000,638400,337,202,73848,133216,0.999039
182.9,615000,643160,336,201,73848,133216,0.999499
183,600000,638400,337,203,75296,133216,0.999039
183.1,615000,639800,338,200,75296,133216,0.99961
183.2,630000,616880,339,204,76744,133216,0.999889
183.3,615000,628160,338,204,76744,133216,0.999888
183.4,630000,622000,339,206,78192,133216,0.999959
183.5,630000,611760,337,206,78192,133216,0.999784
183.6,615000,633280,338,206,78192,133216,0.999786
183.7,615000,638400,340,202,79640,133216,0.999652
183.8,630000,611760,340,202,79640,133216,0.999784
183.9,645000,611760,340,206,81088,133216,0.999301
184,630000,621640,340,205,81088,133216,0.999955
184.1,630000,607000,340,206,81088,133216,0.999654
184.2,630000,628160,341,204,82536,133216,0.999998
184.3,645000,600480,342,206,82536,133216,0.998724
184.4,630000,611760,343,206,83984,133216,0.999784
184.5,645000,606640,342,206,83984,133216,0.999062
184.6,630000,622000,344,206,83984,133216,0.999959
184.7,660000,580000,343,206,85432,133216,0.995855
184.8,630000,622000,343,206,85432,133216,0.999959
184.9,645000,601520,345,204,86880,133216,0.998785
185,645000,600480,346,204,86880,133216,0.998724
185.1,645000,601520,345,204,86880,133216,0.998785
185.2,660000,590240,346,206,88328,133216,0.996896
185.3,660000,595360,346,206,88328,133216,0.997356
185.4,630000,606640,346,206,88328,133216,0.999643
185.5,675000,573840,346,206,89776,133216,0.993481
185.6,660000,600120,348,203,89776,133216,0.997747
185.7,645000,601880,348,206,91224,133216,0.998805
185.8,675000,563600,347,206,91224,133216,0.991976
185.9,675000,583720,346,207,91224,133216,0.994769
186,645000,601880,348,206,92672,133216,0.998805
186.1,660000,585120,348,206,92672,133216,0.996396
186.2,660000,588840,348,205,92672,133216,0.996764
186.3,675000,565000,350,206,94120,133216,0.992192
186.4,660000,595360,350,204,94120,133216,0.997356
186.5,675000,573840,350,206,95568,133216,0.993481
186.6,690000,563600,348,208,95568,133216,0.989936
186.7,645000,590240,351,206,95568,133216,0.998039
186.8,675000,585120,353,206,97016,133216,0.994938
186.9,690000,547200,352,208,98464,133216,0.986853
187,675000,578600,352,207,99912,133216,0.994121
187.1,675000,575240,355,206,102808,133216,0.993673
187.2,705000,545800,356,209,105704,133216,0.984058
187.3,675000,565000,361,206,108600,133216,0.992192
187.4,720000,530800,361,210,111496,133216,0.977631
187.5,690000,563600,363,206,114392,133216,0.989936
187.6,720000,520560,365,210,117288,133216,0.974805
187.7,720000,525680,365,208,120184,133216,0.976244
187.8,720000,525320,341,209,83984,133216,0.976144
187.9,589040,668400,325,161,83984,92672,0.996033
188,843960,403080,339,127,86880,92672,0.888896
188.1,1.2e+06,39680,343,189,89776,92672,0.533031
188.2,855000,404040,342,190,92672,95568,0.886296
188.3,705000,543480,345,174,95568,97016,0.983538
188.4,795000,450000,345,173,97016,98464,0.928687
188.5,675000,570000,354,165,99912,101360,0.992937
188.6,780000,465000,359,168,101360,104256,0.939836
188.7,825000,435000,359,172,102808,105704,0.912571
188.8,795000,450000,361,180,104256,108600,0.928687
188.9,795000,450000,360,183,107152,110048,0.928687
189,750000,495000,361,181,108600,111496,0.959738
189.1,735000,525000,365,178,110048,114392,0.972973
189.2,735000,510000,366,179,110048,115840,0.968372
189.3,780000,465000,367,181,111496,117288,0.939836
189.4,780000,465000,364,185,112944,118736,0.939836
189.5,750000,495000,367,185,114392,120184,0.959738
189.6,735000,525000,367,185,115840,121632,0.972973
189.7,750000,495000,367,185,115840,123080,0.959738
189.8,720000,525000,370,187,117288,124528,0.976056
189.9,780000,465000,368,188,117288,124528,0.939836
190,735000,525000,368,186,118736,125976,0.972973
190.1,705000,540000,371,187,118736,127424,0.982739
190.2,750000,495000,371,189,118736,128872,0.959738
190.3,735000,510000,371,191,120184,128872,0.968372
190.4,735000,510000,372,189,120184,128872,0.968372
190.5,750000,510000,370,190,120184,130320,0.964989
190.6,720000,525000,371,191,121632,130320,0.976056
190.7,735000,510000,372,192,121632,131768,0.968372
190.8,735000,510000,371,204,121632,131768,0.968372
190.9,735000,515840,372,215,121632,131768,0.970216
191,705000,538080,373,216,121632,133216,0.982288
191.1,750000,512640,337,189,83984,113916,0.965867
191.2,480000,618600,362,133,83984,92672,0.984333
191.3,1.14604e+06,2280,322,199,59368,92672,0.501989
191.4,268720,885080,346,141,60816,92672,0.777986
191.5,1.005e+06,240680,339,182,63712,95568,0.726493
191.6,555000,690000,342,166,63712,98464,0.988379
191.7,780000,480000,341,174,65160,101360,0.946352
191.8,645000,600000,341,171,66608,102808,0.998695
191.9,720000,525000,341,176,66608,105704,0.976056
192,645000,600000,343,175,68056,107152,0.998695
192.1,735000,525000,340,178,68056,110048,0.972973
192.2,645000,600000,342,179,69504,111496,0.998695
192.3,660000,585000,342,182,69504,114392,0.996384
192.4,660000,585000,343,182,70952,115840,0.996384
192.5,645000,600000,346,183,70952,117288,0.998695
192.6,645000,615000,345,181,70952,118736,0.999433
192.7,660000,585000,343,185,70952,120184,0.996384
192.8,630000,615000,346,185,72400,121632,0.999855
192.9,630000,615000,348,187,72400,123080,0.999855
193,660000,600000,346,188,72400,124528,0.997738
193.1,645000,600000,347,189,72400,125976,0.998695
193.2,615000,630000,346,191,72400,125976,0.999855
193.3,630000,615000,346,191,72400,127424,0.999855
193.4,630000,615000,347,193,73848,128872,0.999855
193.5,645000,615000,344,192,73848,128872,0.999433
193.6,600000,645000,345,192,75296,130320,0.998695
193.7,615000,630000,348,192,75296,130320,0.999855
193.8,615000,630000,350,193,76744,131768,0.999855
193.9,660000,600000,346,207,76744,131768,0.997738
194,600000,641240,348,211,76744,131768,0.998897
194.1,615000,632760,348,215,78192,133216,0.999797
194.2,630000,617400,350,214,78192,133216,0.999898
194.3,630000,616880,351,216,79640,133216,0.999889
194.4,645000,611760,350,216,79640,133216,0.999301
194.5,630000,611760,348,214,79640,133216,0.999784
194.6,615000,638400,350,214,81088,133216,0.999652
194.7,615000,633280,351,212,81088,133216,0.999786
194.8,645000,595360,353,216,82536,133216,0.998401
194.9,645000,606640,352,216,82536,133216,0.999062
195,630000,622000,352,216,82536,133216,0.999959
195.1,630000,616520,353,213,83984,133216,0.999883
195.2,645000,601880,354,214,83984,133216,0.998805
195.3,660000,585120,353,216,85432,133216,0.996396
195.4,630000,616880,353,216,85432,133216,0.999889
195.5,660000,595360,353,216,85432,133216,0.997356
195.6,615000,628160,355,214,86880,133216,0.999888
195.7,675000,573840,354,216,86880,133216,0.993481
195.8,645000,606640,356,216,88328,133216,0.999062
195.9,645000,595360,355,216,88328,133216,0.998401
196,675000,580000,354,214,88328,133216,0.994303
196.1,630000,622000,357,216,89776,133216,0.999959
196.2,660000,573840,357,218,89776,133216,0.995147
196.3,660000,601520,357,214,89776,133216,0.997856
196.4,645000,600480,359,216,91224,133216,0.998724
196.5,660000,580000,359,214,91224,133216,0.995855
196.6,690000,568720,358,216,92672,133216,0.990802
196.7,645000,590240,359,216,92672,133216,0.998039
196.8,660000,590240,359,216,92672,133216,0.996896
196.9,675000,583720,359,217,94120,133216,0.994769
197,660000,575240,359,216,94120,133216,0.995314
197.1,675000,573840,360,216,94120,133216,0.993481
197.2,660000,595000,361,215,95568,133216,0.997325
197.3,675000,568720,362,217,95568,133216,0.992751
197.4,660000,585480,362,216,95568,133216,0.996433
197.5,690000,568360,361,215,97016,133216,0.990742
197.6,690000,558840,361,218,97016,133216,0.98909
197.7,660000,585120,363,216,99912,133216,0.996396
197.8,690000,562200,364,217,101360,133216,0.989691
197.9,690000,548600,364,218,104256,133216,0.987135
198,675000,573840,369,218,107152,133216,0.993481
198.1,705000,547200,370,218,110048,133216,0.984368
198.2,705000,536960,373,218,112944,133216,0.982022
198.3,720000,525680,373,220,115840,133216,0.976244
198.4,705000,547200,376,218,118736,133216,0.984368
198.5,735000,518800,366,220,129373,133216,0.971124
198.6,735000,504160,317,202,83984,107880,0.966461
198.7,540000,716000,348,138,88029,92672,0.980742
198.8,1.02508e+06,26640,343,154,62264,92672,0.525971
198.9,930000,313160,336,185,63712,92672,0.802438
199,600000,660000,331,182,65160,95568,0.997738
199.1,735000,510000,343,186,66608,98464,0.968372
199.2,675000,570000,338,188,66608,101360,0.992937
199.3,705000,540000,344,184,68056,104256,0.982739
199.4,660000,600000,347,187,69504,105704,0.997738
199.5,705000,540000,346,189,69504,108600,0.982739
199.6,675000,570000,346,190,70952,110048,0.992937
199.7,690000,555000,346,193,70952,112944,0.988379
199.8,660000,585000,346,193,70952,114392,0.996384
199.9,660000,600000,347,192,72400,115840,0.997738
