Time,Flow1_Bbr_Bps,Flow2_Cubic_Bps,Flow1_PktLoss,Flow2_PktLoss,Flow1_Cwnd,Flow2_Cwnd,JainsFairnessIndex
0.4,616080,560,21,11,53576,14480,0.500909
0.5,1.08e+06,150520,70,18,137560,27512,0.636715
0.6,1.25076e+06,0,92,18,189688,27512,0.5
0.7,970920,270000,93,24,189688,44888,0.758125
0.8,1.25156e+06,0,92,36,189688,53576,0.5
0.9,702960,540000,98,22,189688,68056,0.983102
1,1.24504e+06,0,92,47,189688,69504,0.5
1.1,751120,510000,102,23,189688,69504,0.964734
1.2,1.09356e+06,150000,53,49,126536,72400,0.634634
1.3,499880,690000,46,12,65623,71078,0.975106
1.4,988640,150000,82,38,136391,64240,0.648309
1.5,855000,390000,104,20,188519,53576,0.87758
1.6,1.12488e+06,125800,99,40,188519,55024,0.610453
1.7,945680,300000,106,25,188519,56472,0.788226
1.8,991560,255000,98,33,188519,57920,0.741217
1.9,981680,270000,107,26,188519,59368,0.755696
2,949920,285000,107,32,188519,60816,0.775249
2.1,1.04624e+06,210000,107,35,188519,62264,0.692945
2.2,928400,315000,104,35,188519,63712,0.804266
2.3,1.03124e+06,225000,104,38,188519,63712,0.708269
2.4,900360,345000,105,32,188519,65160,0.834122
2.5,1.0046e+06,240000,101,36,188519,65160,0.726002
2.6,900360,345000,107,32,188519,66608,0.834122
2.7,971440,285000,105,36,188519,68056,0.770129
2.8,976560,270000,106,36,188519,68056,0.756847
2.9,923640,315000,105,38,188519,69504,0.805508
3,959800,300000,106,36,188519,69504,0.784746
3.1,928400,315000,105,33,188519,69504,0.804266
3.2,945160,300000,107,36,188519,70952,0.788356
3.3,928400,315000,108,37,188519,70952,0.804266
3.4,955040,300000,104,40,188519,72400,0.785911
3.5,943400,300000,104,38,188519,72400,0.788795
3.6,934920,315000,104,39,188519,72400,0.802579
3.7,921880,330000,105,37,188519,72400,0.817305
3.8,923640,315000,106,36,188519,72400,0.805508
3.9,938280,315000,107,39,188519,72400,0.801715
4,955040,300000,105,39,188519,72400,0.785911
4.1,912000,330000,107,37,188519,72400,0.819951
4.2,940040,300000,105,39,188519,72400,0.789637
4.3,928400,330000,107,37,188519,72400,0.815579
4.4,912000,330000,107,37,188519,72400,0.819951
4.5,944800,300000,107,39,188519,72400,0.788445
4.6,949920,300000,104,39,188519,72400,0.787173
4.7,917120,330000,106,39,188519,72400,0.818575
4.8,928400,330000,106,37,188519,72400,0.815579
4.9,938280,300000,105,37,188519,72400,0.790079
5,923640,330000,106,37,188519,72400,0.816838
5.1,943400,300000,107,39,188519,72400,0.788795
5.2,913400,330000,108,37,188519,72400,0.819574
5.3,955040,300000,104,39,188519,72400,0.785911
5.4,927000,315000,107,38,188519,72400,0.804631
5.5,944800,315000,104,39,188519,72400,0.800051
5.6,912000,330000,107,37,188519,72400,0.819951
5.7,955040,300000,103,39,188519,72400,0.785911
5.8,908280,330000,106,37,188519,72400,0.820956
5.9,938640,315000,106,38,188519,72400,0.801623
6,928400,315000,107,39,188519,72400,0.804266
6.1,916760,330000,107,38,188519,73848,0.818672
6.2,938640,315000,108,39,188519,73848,0.801623
6.3,913400,330000,108,37,188519,73848,0.819574
6.4,955040,300000,106,40,188519,75296,0.785911
6.5,944800,300000,103,40,188519,75296,0.788445
6.6,895600,345000,105,39,188519,75296,0.83544
6.7,928400,330000,106,40,188519,76744,0.815579
6.8,900360,345000,105,39,188519,76744,0.834122
6.9,940040,300000,105,42,188519,78192,0.789637
7,901760,345000,108,42,188519,79640,0.833736
7.1,927000,330000,105,44,188519,79640,0.815948
7.2,906880,345000,104,42,188519,81088,0.832329
7.3,870360,375000,108,42,188519,82536,0.863396
7.4,912000,330000,107,45,188519,83984,0.819951
7.5,880240,375000,108,43,188519,85432,0.860578
7.6,901760,345000,106,43,188519,86880,0.833736
7.7,895600,345000,107,47,188519,88328,0.83544
7.8,853600,390000,110,46,188519,89776,0.877985
7.9,900360,360000,106,49,188519,91224,0.844728
8,863840,375000,107,47,188519,92672,0.865273
8.1,867560,390000,84,51,129024,95568,0.873965
8.2,840920,405000,12,51,152400,97016,0.890936
8.3,117280,840000,10,40,15873,98464,0.636949
8.4,120000,795000,13,26,21665,99912,0.647581
8.5,210000,570000,12,48,27632,102808,0.82439
8.6,195000,780000,12,46,30528,105704,0.735294
8.7,225000,885000,14,30,35127,107152,0.738802
8.8,315000,660000,16,46,38923,110048,0.888725
8.9,405000,780000,18,48,49484,112944,0.908972
9,450000,795000,25,45,57092,115840,0.928687
9.1,480000,765000,23,48,62207,118736,0.950207
9.2,525000,735000,26,53,62207,121632,0.972973
9.3,495000,750000,30,53,62207,124528,0.959738
9.4,540000,705000,34,59,65103,128872,0.982739
9.5,555000,690000,32,65,62858,131768,0.988379
9.6,510000,735000,37,78,64480,133216,0.968372
9.7,570000,689600,38,81,64480,133216,0.991065
9.8,540000,708960,42,81,68126,133216,0.982028
9.9,600000,643520,38,85,65230,133216,0.998777
10,510000,729600,44,77,66844,133216,0.969571
10.1,615000,643520,43,85,66844,133216,0.999487
10.2,570000,681440,44,79,66844,133216,0.992133
10.3,570000,665040,29,81,5792,133216,0.994113
10.4,300000,960160,13,55,5792,133216,0.784659
10.5,120000,847440,13,75,5792,133216,0.638819
10.6,120000,1.02984e+06,9,59,5792,133216,0.614962
10.7,315000,749720,33,74,73316,133216,0.857115
10.8,540000,714600,32,81,70420,133216,0.981
10.9,510000,734720,39,79,69001,133216,0.968435
11,570000,681440,40,81,69001,133216,0.992133
11.1,555000,691680,43,81,69001,133216,0.988123
11.2,585000,665040,42,81,69001,133216,0.995917
11.3,555000,686560,43,79,71044,133216,0.988896
11.4,585000,659920,46,83,71044,133216,0.996391
11.5,600000,658520,47,82,71548,133216,0.997843
11.6,600000,650040,49,85,74444,133216,0.9984
11.7,600000,638400,43,83,71548,133216,0.999039
11.8,570000,686560,46,83,71548,133216,0.991469
11.9,600000,638400,47,83,71548,133216,0.999039
12,585000,665040,48,83,74444,133216,0.995917
12.1,615000,638400,42,83,71548,133216,0.999652
12.2,555000,686560,47,79,71548,133216,0.988896
12.3,615000,637000,46,84,71548,133216,0.999691
12.4,570000,671560,48,81,71548,133216,0.993353
12.5,615000,638400,46,83,71548,133216,0.999652
12.6,585000,665040,45,81,71548,133216,0.995917
12.7,585000,665040,47,85,71548,133216,0.995917
12.8,600000,643520,46,83,70671,133216,0.998777
12.9,600000,654800,47,83,73567,133216,0.998096
13,600000,643520,41,85,70671,133216,0.998777
13.1,540000,713200,45,79,70671,133216,0.981257
13.2,615000,631880,45,84,70671,133216,0.999817
13.3,570000,666440,47,83,71373,133216,0.993953
13.4,615000,643520,44,83,71373,133216,0.999487
13.5,555000,686560,46,79,71373,133216,0.988896
13.6,600000,643520,47,83,71373,133216,0.998777
13.7,600000,653400,48,82,71373,133216,0.998188
13.8,600000,655160,49,83,74269,133216,0.998072
13.9,600000,638400,44,83,71373,133216,0.999039
14,570000,681440,46,83,71373,133216,0.992133
14.1,615000,631880,46,84,71373,133216,0.999817
14.2,585000,671560,47,83,74269,133216,0.995277
14.3,600000,643520,43,83,71373,133216,0.998777
14.4,555000,691680,47,79,71373,133216,0.988123
14.5,615000,633280,47,83,71373,133216,0.999786
14.6,585000,665040,47,81,70781,133216,0.995917
14.7,600000,643520,46,83,70781,133216,0.998777
14.8,585000,659920,43,81,70781,133216,0.996391
14.9,570000,686560,46,83,70781,133216,0.991469
15,615000,637000,45,84,70781,133216,0.999691
15.1,570000,671560,48,83,73677,133216,0.993353
15.2,615000,638400,41,83,70671,133216,0.999652
15.3,555000,691680,45,79,70671,133216,0.988123
15.4,600000,638400,45,85,70671,133216,0.999039
15.5,585000,674920,46,80,70671,133216,0.994932
15.6,585000,650040,46,83,70671,133216,0.997234
15.7,585000,665040,43,81,70671,133216,0.995917
15.8,570000,681440,46,83,70671,133216,0.992133
15.9,600000,643520,47,81,70671,133216,0.998777
16,600000,653400,48,84,73567,133216,0.998188
16.1,615000,628520,40,85,70671,133216,0.999882
16.2,540000,713200,45,81,70476,133216,0.981257
16.3,600000,643520,46,85,70476,133216,0.998777
16.4,585000,669800,45,82,70476,133216,0.995454
16.5,600000,650040,42,83,70476,133216,0.9984
16.6,540000,708080,45,75,70476,133216,0.982187
16.7,600000,643520,46,83,70476,133216,0.998777
16.8,600000,653400,47,82,71779,133216,0.998188
16.9,600000,648640,47,84,71779,133216,0.998485
17,600000,644920,43,83,71779,133216,0.9987
17.1,570000,674920,46,82,71779,133216,0.992947
17.2,615000,628520,46,85,71779,133216,0.999882
17.3,585000,665040,48,85,74675,133216,0.995917
17.4,600000,643520,42,85,71779,133216,0.998777
17.5,555000,702960,47,79,71779,133216,0.986355
17.6,630000,622000,45,85,71779,133216,0.999959
17.7,570000,674920,47,82,71779,133216,0.992947
17.8,615000,628520,45,85,71779,133216,0.999882
17.9,570000,681440,45,81,71779,133216,0.992133
18,600000,643520,46,85,70456,133216,0.998777
18.1,585000,665040,46,83,70456,133216,0.995917
18.2,585000,665040,49,83,73352,133216,0.995917
18.3,630000,616880,40,85,70456,133216,0.999889
18.4,525000,723080,45,80,70456,133216,0.975431
18.5,630000,623400,44,85,70456,133216,0.999972
18.6,555000,691680,47,81,71155,133216,0.988123
18.7,600000,638400,45,83,71155,133216,0.999039
18.8,570000,686560,46,77,71155,133216,0.991469
18.9,600000,638400,47,83,71155,133216,0.999039
19,600000,658520,48,82,71155,133216,0.997843
19.1,600000,650040,49,83,74051,133216,0.9984
19.2,615000,622000,42,85,71155,133216,0.999968
19.3,555000,696440,46,82,71155,133216,0.987387
19.4,615000,638400,46,84,71155,133216,0.999652
19.5,585000,655160,47,83,74051,133216,0.99681
19.6,615000,638400,42,85,71155,133216,0.999652
19.7,540000,708080,46,77,71155,133216,0.982187
19.8,615000,638400,46,83,71155,133216,0.999652
19.9,585000,658520,47,82,70516,133216,0.996517
20,600000,650040,46,83,70516,133216,0.9984
20.1,585000,659920,42,81,70516,133216,0.996391
20.2,555000,686560,46,81,70516,133216,0.988896
20.3,615000,643520,46,83,71216,133216,0.999487
20.4,585000,665040,48,83,74112,133216,0.995917
20.5,630000,616880,40,85,71216,133216,0.999889
20.6,540000,708080,46,79,71216,133216,0.982187
20.7,585000,658520,9,82,5792,133216,0.996517
20.8,45000,1.0944e+06,13,60,5792,133216,0.541049
20.9,120000,938640,11,58,5792,133216,0.625789
21,165000,837560,22,81,72423,133216,0.689641
21.1,450000,794160,36,73,72423,133216,0.92892
21.2,540000,713200,38,77,71247,133216,0.981257
21.3,555000,686560,42,79,71247,133216,0.988896
21.4,585000,659920,43,81,71247,133216,0.996391
21.5,570000,686560,49,81,74143,133216,0.991469
21.6,630000,610360,39,86,71790,133216,0.999749
21.7,525000,724840,45,81,72174,133216,0.975072
21.8,615000,633280,45,85,72174,133216,0.999786
21.9,570000,680040,47,82,72174,133216,0.99231
22,600000,650040,46,83,72174,133216,0.9984
22.1,585000,665040,44,79,72174,133216,0.995917
22.2,585000,659920,46,83,72174,133216,0.996391
22.3,600000,638400,47,83,72174,133216,0.999039
22.4,600000,658520,49,84,75070,133216,0.997843
22.5,615000,623400,42,85,72174,133216,0.999954
22.6,540000,718320,47,81,72174,133216,0.980313
22.7,615000,626760,47,84,72174,133216,0.99991
22.8,585000,671560,47,81,72174,133216,0.995277
22.9,600000,638400,46,83,72032,133216,0.999039
23,585000,665040,44,81,72032,133216,0.995917
23.1,585000,665040,46,83,72032,133216,0.995917
23.2,600000,653400,47,82,72032,133216,0.998188
23.3,585000,655160,49,83,74928,133216,0.99681
23.4,630000,626760,40,86,72032,133216,0.999993
23.5,540000,698200,45,79,72032,133216,0.983938
23.6,615000,638400,45,85,72032,133216,0.999652
23.7,570000,680040,47,82,72032,133216,0.99231
23.8,600000,650040,47,83,72018,133216,0.9984
23.9,600000,643520,43,83,72018,133216,0.998777
24,570000,681440,46,83,72018,133216,0.992133
24.1,600000,643520,47,83,72018,133216,0.998777
24.2,585000,659920,48,83,74914,133216,0.996391
24.3,615000,637000,42,84,72018,133216,0.999691
24.4,555000,687960,46,79,72018,133216,0.988687
24.5,615000,643520,46,83,72018,133216,0.999487
24.6,570000,665040,48,81,72018,133216,0.994113
24.7,615000,643520,49,85,74914,133216,0.999487
24.8,600000,638400,42,85,72018,133216,0.999039
24.9,555000,691680,46,83,71935,133216,0.988123
25,615000,638400,46,85,71935,133216,0.999652
25.1,585000,659920,46,83,71935,133216,0.996391
25.2,600000,653400,44,82,71935,133216,0.998188
25.3,570000,676680,45,79,71935,133216,0.992731
25.4,585000,665040,46,83,71935,133216,0.995917
25.5,600000,653400,47,82,72018,133216,0.998188
25.6,600000,644920,49,83,74914,133216,0.9987
25.7,615000,622000,42,85,72018,133216,0.999968
25.8,540000,708080,47,81,72018,133216,0.982187
25.9,615000,638400,46,83,72018,133216,0.999652
26,585000,670160,47,81,72018,133216,0.995418
26.1,600000,638400,45,83,72018,133216,0.999039
26.2,570000,686560,46,79,72018,133216,0.991469
26.3,600000,638400,47,83,72018,133216,0.999039
26.4,600000,658520,47,82,72018,133216,0.997843
26.5,600000,644920,48,83,74914,133216,0.9987
26.6,615000,637000,42,84,72018,133216,0.999691
26.7,555000,687960,46,83,71712,133216,0.988687
26.8,600000,643520,46,85,71712,133216,0.998777
26.9,585000,665040,47,81,71712,133216,0.995917
27,600000,643520,44,83,71712,133216,0.998777
27.1,570000,686560,45,79,71745,133216,0.991469
27.2,600000,643520,46,85,71745,133216,0.998777
27.3,600000,654800,46,83,71745,133216,0.998096
27.4,585000,658520,49,84,74641,133216,0.996517
27.5,615000,638400,42,84,72282,133216,0.999652
27.6,540000,703320,47,81,72282,133216,0.983038
27.7,630000,611760,46,85,72282,133216,0.999784
27.8,570000,686560,47,81,72282,133216,0.991469
27.9,600000,638400,46,83,72282,133216,0.999039
28,585000,665040,44,81,72282,133216,0.995917
28.1,585000,665040,46,83,72282,133216,0.995917
28.2,600000,653400,47,82,72282,133216,0.998188
28.3,585000,655160,49,83,75178,133216,0.99681
28.4,615000,638400,41,85,72282,133216,0.999652
28.5,555000,686560,46,79,72282,133216,0.988896
28.6,615000,638400,46,85,72282,133216,0.999652
28.7,585000,665040,47,81,72282,133216,0.995917
28.8,585000,665040,49,81,71632,133216,0.995917
28.9,600000,643520,43,83,71715,133216,0.998777
29,570000,681440,46,83,71715,133216,0.992133
29.1,600000,643520,47,83,71715,133216,0.998777
29.2,585000,659920,48,83,74611,133216,0.996391
29.3,615000,643520,42,83,71715,133216,0.999487
29.4,540000,708080,47,77,72396,133216,0.982187
29.5,630000,616880,46,85,72396,133216,0.999889
29.6,585000,665040,47,81,72396,133216,0.995917
29.7,600000,643520,49,83,75292,133216,0.998777
29.8,615000,638400,41,85,72396,133216,0.999652
29.9,540000,708080,47,81,72396,133216,0.982187
30,615000,622000,47,85,72396,133216,0.999968
30.1,600000,659920,46,83,72396,133216,0.997743
30.2,585000,653400,44,84,72396,133216,0.996959
30.3,570000,686560,45,78,72396,133216,0.991469
30.4,600000,643520,46,84,72396,133216,0.998777
30.5,600000,650040,47,83,72396,133216,0.9984
30.6,585000,659920,50,83,74722,133216,0.996391
30.7,630000,622000,40,85,71826,133216,0.999959
30.8,540000,708080,45,81,71826,133216,0.982187
30.9,600000,638400,46,85,71826,133216,0.999039
31,585000,670160,47,83,72018,133216,0.995418
31.1,600000,653400,9,84,5792,133216,0.998188
31.2,45000,1.10092e+06,13,59,5792,133216,0.540807
31.3,120000,932120,11,58,5792,133216,0.62664
31.4,150000,832440,22,79,72018,133216,0.674526
31.5,435000,814280,34,72,72018,133216,0.915606
31.6,570000,686560,37,82,72018,133216,0.991469
31.7,540000,698200,48,79,72018,133216,0.983938
31.8,630000,622000,41,87,72018,133216,0.999959
31.9,525000,724480,47,79,72762,133216,0.975145
32,645000,595360,46,87,72762,133216,0.998401
32.1,570000,686560,48,81,73337,133216,0.991469
32.2,615000,637000,44,84,73337,133216,0.999691
32.3,570000,671560,46,79,73337,133216,0.993353
32.4,600000,653400,48,84,73337,133216,0.998188
32.5,600000,650040,48,81,73561,133216,0.9984
32.6,600000,638400,51,83,76457,133216,0.999039
32.7,630000,622000,43,85,73561,133216,0.999959
32.8,555000,686560,47,83,73561,133216,0.988896
32.9,615000,643520,47,83,73561,133216,0.999487
33,585000,654800,48,83,73561,133216,0.99684
33.1,615000,643520,45,83,73561,133216,0.999487
33.2,570000,665040,46,81,73561,133216,0.994113
33.3,600000,658520,47,84,73561,133216,0.997843
33.4,600000,644920,49,81,73561,133216,0.9987
33.5,600000,643520,51,83,76457,133216,0.998777
33.6,630000,616880,42,85,73561,133216,0.999889
33.7,540000,708080,48,81,73561,133216,0.982187
33.8,630000,622000,47,85,73118,133216,0.999959
33.9,585000,665040,48,83,73118,133216,0.995917
34,615000,633280,47,83,73118,133216,0.999786
34.1,585000,665040,45,81,73118,133216,0.995917
34.2,585000,665040,47,83,73118,133216,0.995917
34.3,600000,638400,49,83,73341,133216,0.999039
34.4,615000,643520,49,83,76237,133216,0.999487
34.5,615000,631880,42,86,73341,133216,0.999817
34.6,555000,693080,47,79,73341,133216,0.987908
34.7,615000,622000,47,85,73341,133216,0.999968
34.8,600000,659920,47,81,73341,133216,0.997743
34.9,600000,638400,50,85,76237,133216,0.999039
35,615000,643520,43,85,73341,133216,0.999487
35.1,555000,686560,47,83,73341,133216,0.988896
35.2,630000,622000,47,85,73341,133216,0.999959
35.3,585000,659920,47,83,73341,133216,0.996391
35.4,600000,643520,44,83,73341,133216,0.998777
35.5,570000,681440,47,79,73341,133216,0.992133
35.6,600000,643520,48,83,73341,133216,0.998777
35.7,615000,638400,48,83,73119,133216,0.999652
35.8,600000,648640,50,85,76015,133216,0.998485
35.9,615000,633280,42,85,73119,133216,0.999786
36,555000,686560,47,83,72472,133216,0.988896
36.1,615000,643520,47,83,73346,133216,0.999487
36.2,585000,665040,48,81,73346,133216,0.995917
36.3,615000,631880,46,84,73346,133216,0.999817
36.4,570000,676680,47,79,73432,133216,0.992731
36.5,615000,633280,47,85,73432,133216,0.999786
36.6,600000,638400,48,83,73432,133216,0.999039
36.7,600000,658520,50,84,76328,133216,0.997843
36.8,615000,623400,42,85,73432,133216,0.999954
36.9,555000,691680,47,81,73432,133216,0.988123
37,615000,638400,48,83,73432,133216,0.999652
37.1,585000,670160,48,81,73432,133216,0.995418
37.2,600000,638400,49,83,73432,133216,0.999039
37.3,600000,643520,46,83,73432,133216,0.998777
37.4,600000,654800,47,83,73432,133216,0.998096
37.5,600000,643520,48,83,73432,133216,0.998777
37.6,600000,653400,49,84,76242,133216,0.998188
37.7,615000,633640,43,85,73346,133216,0.999777
37.8,555000,696440,47,78,73346,133216,0.987387
37.9,615000,623400,47,85,73346,133216,0.999954
38,585000,670160,49,81,73346,133216,0.995418
38.1,615000,638400,48,83,73346,133216,0.999652
38.2,600000,643520,44,83,73346,133216,0.998777
38.3,570000,681440,48,83,73346,133216,0.992133
38.4,630000,616880,47,85,72607,133216,0.999889
38.5,585000,665040,47,83,72969,133216,0.995917
38.6,600000,643520,44,83,72969,133216,0.998777
38.7,570000,674920,46,80,72969,133216,0.992947
38.8,615000,628520,47,85,72969,133216,0.999882
38.9,585000,665040,49,81,72969,133216,0.995917
39,615000,643520,50,83,75865,133216,0.999487
39.1,615000,626760,42,86,72969,133216,0.99991
39.2,555000,698200,47,81,72969,133216,0.987111
39.3,615000,626760,47,84,73576,133216,0.99991
39.4,600000,650040,47,83,73576,133216,0.9984
39.5,600000,643520,45,85,73576,133216,0.998777
39.6,570000,686560,46,79,73576,133216,0.991469
39.7,600000,643520,47,85,73576,133216,0.998777
39.8,615000,638400,48,83,73576,133216,0.999652
39.9,600000,643520,50,85,76472,133216,0.998777
40,615000,638400,42,85,73576,133216,0.999652
40.1,555000,686560,47,79,73576,133216,0.988896
40.2,615000,638400,47,83,73576,133216,0.999652
40.3,585000,658520,48,82,73576,133216,0.996517
40.4,615000,638400,47,84,73576,133216,0.999652
40.5,585000,650040,45,83,73576,133216,0.997234
40.6,585000,665040,48,83,73346,133216,0.995917
40.7,615000,643520,48,83,73346,133216,0.999487
40.8,585000,654800,50,83,76242,133216,0.99684
40.9,630000,627120,42,85,73346,133216,0.999995
41,555000,681440,47,79,73346,133216,0.989651
41.1,615000,643520,47,85,72727,133216,0.999487
41.2,585000,659920,49,81,72969,133216,0.996391
41.3,600000,643520,50,83,72969,133216,0.998777
41.4,615000,638400,25,83,5792,133216,0.999652
41.5,240000,1.00832e+06,13,55,5792,133216,0.725258
41.6,120000,847440,13,73,5792,133216,0.638819
41.7,120000,1.00832e+06,11,61,72969,133216,0.617348
41.8,360000,766120,34,74,75865,133216,0.88491
41.9,540000,714600,34,79,72969,133216,0.981
42,525000,718320,41,79,72969,133216,0.976395
42.1,585000,654800,43,83,71505,133216,0.99684
42.2,570000,691680,46,81,71505,133216,0.990784
42.3,600000,638400,44,83,71505,133216,0.999039
42.4,570000,686560,44,79,72396,133216,0.991469
42.5,585000,653400,47,84,72396,133216,0.996959
42.6,600000,655160,48,81,72396,133216,0.998072
42.7,600000,638400,49,85,75292,133216,0.999039
42.8,615000,638400,41,85,72396,133216,0.999652
42.9,540000,708080,46,79,72396,133216,0.982187
43,615000,637000,46,84,72396,133216,0.999691
43.1,585000,659920,47,82,72396,133216,0.996391
43.2,600000,650040,46,83,72396,133216,0.9984
43.3,585000,665040,44,81,72396,133216,0.995917
43.4,585000,665040,46,85,72396,133216,0.995917
43.5,600000,643520,47,83,72396,133216,0.998777
43.6,600000,653400,48,84,74640,133216,0.998188
43.7,600000,644920,41,83,71744,133216,0.9987
43.8,555000,686560,45,81,71744,133216,0.988896
43.9,615000,643520,45,85,71744,133216,0.999487
44,570000,665040,47,81,72097,133216,0.994113
44.1,615000,643520,45,83,72097,133216,0.999487
44.2,555000,681440,45,79,72097,133216,0.989651
44.3,600000,658520,46,84,72097,133216,0.997843
44.4,600000,644920,47,83,72097,133216,0.9987
44.5,600000,643520,48,85,74993,133216,0.998777
44.6,615000,638400,41,85,72097,133216,0.999652
44.7,540000,713200,46,79,72097,133216,0.981257
44.8,615000,626760,46,84,72097,133216,0.99991
44.9,570000,676680,48,81,72097,133216,0.992731
45,615000,638400,46,83,72097,133216,0.999652
45.1,585000,658520,44,82,72097,133216,0.996517
45.2,585000,666440,46,83,71769,133216,0.995783
45.3,600000,643520,47,83,71769,133216,0.998777
45.4,585000,665040,49,83,74665,133216,0.995917
45.5,615000,638400,42,83,71769,133216,0.999652
45.6,555000,691680,46,79,71769,133216,0.988123
45.7,615000,626760,46,84,71769,133216,0.99991
45.8,585000,671560,46,81,71769,133216,0.995277
45.9,600000,648640,45,83,71652,133216,0.998485
46,570000,674920,44,80,72040,133216,0.992947
46.1,585000,659920,46,84,72040,133216,0.996391
46.2,600000,655160,47,83,72040,133216,0.998072
46.3,600000,638400,48,85,74936,133216,0.999039
46.4,600000,643520,41,85,72040,133216,0.998777
46.5,555000,702960,45,79,72040,133216,0.986355
46.6,600000,643520,46,83,72040,133216,0.998777
46.7,585000,665040,47,81,72040,133216,0.995917
46.8,600000,643520,49,83,74936,133216,0.998777
46.9,600000,654800,43,83,72040,133216,0.998096
47,570000,670160,46,83,72040,133216,0.993519
47.1,615000,638400,46,85,72040,133216,0.999652
47.2,585000,665040,46,83,74936,133216,0.995917
47.3,600000,638400,43,83,71712,133216,0.999039
47.4,555000,701560,46,78,71712,133216,0.986579
47.5,600000,650040,47,83,71712,133216,0.9984
47.6,600000,638400,47,83,71712,133216,0.999039
47.7,600000,658520,49,84,74608,133216,0.997843
47.8,615000,623400,41,85,71713,133216,0.999954
47.9,540000,708080,46,83,71713,133216,0.982187
48,615000,637000,46,84,71967,133216,0.999691
48.1,585000,671560,46,83,71967,133216,0.995277
48.2,600000,638400,44,83,71967,133216,0.999039
48.3,570000,680040,45,80,71967,133216,0.99231
48.4,600000,650040,46,85,71967,133216,0.9984
48.5,585000,659920,48,81,71967,133216,0.996391
48.6,600000,648640,50,83,74863,133216,0.998485
48.7,615000,633280,42,85,71967,133216,0.999786
48.8,570000,686560,45,83,71967,133216,0.991469
48.9,600000,643520,46,85,71967,133216,0.998777
49,585000,665040,47,83,74863,133216,0.995917
49.1,600000,643520,43,83,71967,133216,0.998777
49.2,555000,696440,46,78,71967,133216,0.987387
49.3,615000,628520,46,85,71720,133216,0.999882
49.4,585000,659920,48,81,71720,133216,0.996391
49.5,615000,643520,48,85,74616,133216,0.999487
49.6,600000,638400,41,85,71909,133216,0.999039
49.7,540000,713200,46,81,71909,133216,0.981257
49.8,615000,638400,46,83,71909,133216,0.999652
49.9,585000,653400,46,82,71909,133216,0.996959
50,600000,650040,45,83,71909,133216,0.9984
50.1,570000,680040,45,80,71909,133216,0.99231
50.2,600000,644920,46,83,71909,133216,0.9987
50.3,585000,665040,48,81,72018,133216,0.995917
50.4,600000,643520,49,83,74914,133216,0.998777
50.5,615000,638400,42,85,72018,133216,0.999652
50.6,555000,691680,46,81,72018,133216,0.988123
50.7,615000,638400,46,85,72018,133216,0.999652
50.8,570000,674920,47,82,72018,133216,0.992947
50.9,600000,650040,46,83,72018,133216,0.9984
51,585000,665040,45,81,72018,133216,0.995917
51.1,585000,653400,47,84,72018,133216,0.996959
51.2,600000,655160,48,83,72018,133216,0.998072
51.3,600000,638400,49,85,74914,133216,0.999039
51.4,615000,643520,42,83,72018,133216,0.999487
51.5,555000,696440,46,80,72018,133216,0.987387
51.6,615000,628520,46,85,71712,133216,0.999882
51.7,585000,659920,46,83,71712,133216,0.996391
51.8,600000,643520,30,85,5792,133216,0.998777
51.9,315000,938640,12,57,5792,133216,0.801623
52,105000,842320,13,77,5792,133216,0.622748
52.1,120000,1.07148e+06,9,58,5792,133216,0.610607
52.2,315000,741240,27,73,71712,133216,0.859957
52.3,495000,751120,35,79,71712,133216,0.959468
52.4,540000,713200,45,79,71666,133216,0.981257
52.5,585000,659920,42,81,71666,133216,0.996391
52.6,555000,686560,45,81,71666,133216,0.988896
52.7,615000,643520,45,83,71666,133216,0.999487
52.8,585000,665040,48,83,74914,133216,0.995917
52.9,600000,643520,42,83,72018,133216,0.998777
53,540000,702960,47,77,72322,133216,0.983102
53.1,630000,622000,46,85,72322,133216,0.999959
53.2,585000,659920,47,81,72322,133216,0.996391
53.3,600000,658520,49,82,75218,133216,0.997843
53.4,600000,638400,43,84,72322,133216,0.999039
53.5,555000,698200,47,81,72322,133216,0.987111
53.6,630000,611760,46,85,72322,133216,0.999784
53.7,585000,665040,46,83,75218,133216,0.995917
53.8,600000,643520,43,83,72322,133216,0.998777
53.9,555000,701560,46,78,72322,133216,0.986579
54,600000,644920,47,83,72322,133216,0.9987
54.1,600000,648640,47,83,72322,133216,0.998485
54.2,600000,648280,50,82,75218,133216,0.998506
54.3,615000,633640,42,85,71891,133216,0.999777
54.4,555000,696440,46,82,71891,133216,0.987387
54.5,615000,623400,46,85,71891,133216,0.999954
54.6,570000,686560,47,81,71891,133216,0.991469
54.7,600000,648640,44,83,71891,133216,0.998485
54.8,570000,681440,45,79,71891,133216,0.992133
54.9,600000,638400,46,85,71891,133216,0.999039
55,585000,670160,48,81,72018,133216,0.995418
55.1,600000,638400,49,83,74914,133216,0.999039
55.2,615000,643520,41,83,72018,133216,0.999487
55.3,540000,702960,46,81,72018,133216,0.983102
55.4,630000,622000,45,85,72018,133216,0.999959
55.5,570000,674920,47,82,72018,133216,0.992947
55.6,600000,643520,45,84,72018,133216,0.998777
55.7,570000,681440,45,78,72018,133216,0.992133
55.8,600000,655160,46,85,72018,133216,0.998072
55.9,600000,638400,47,83,72018,133216,0.999039
56,585000,665040,50,83,74914,133216,0.995917
56.1,630000,616880,41,85,72018,133216,0.999889
56.2,540000,708080,46,81,72018,133216,0.982187
56.3,615000,638400,46,83,71935,133216,0.999652
56.4,585000,665040,46,81,71935,133216,0.995917
56.5,600000,643520,46,83,71935,133216,0.998777
56.6,585000,659920,43,81,71935,133216,0.996391
56.7,570000,686560,46,83,71935,133216,0.991469
56.8,600000,648640,47,83,72018,133216,0.998485
56.9,585000,659920,48,83,74914,133216,0.996391
57,615000,637000,42,84,72018,133216,0.999691
57.1,555000,693080,46,79,72018,133216,0.987908
57.2,600000,638400,47,83,72018,133216,0.999039
57.3,585000,659920,48,81,72018,133216,0.996391
57.4,615000,638400,47,83,72018,133216,0.999652
57.5,600000,643520,43,83,72018,133216,0.998777
57.6,570000,686560,46,83,72018,133216,0.991469
57.7,600000,643520,47,83,72018,133216,0.998777
57.8,585000,665040,49,83,74914,133216,0.995917
57.9,630000,616880,41,85,72018,133216,0.999889
58,540000,708080,46,79,72018,133216,0.982187
58.1,600000,643520,47,83,71712,133216,0.998777
58.2,600000,659920,47,81,71712,133216,0.997743
58.3,600000,643520,46,83,71712,133216,0.998777
58.4,585000,665040,43,81,71712,133216,0.995917
58.5,570000,674920,46,84,71712,133216,0.992947
58.6,615000,638400,46,84,71712,133216,0.999652
58.7,585000,650040,48,83,74608,133216,0.997234
58.8,615000,643520,41,83,71712,133216,0.999487
58.9,540000,701560,46,78,71712,133216,0.983349
59,615000,628520,46,85,71712,133216,0.999882
59.1,570000,681440,48,81,71712,133216,0.992133
59.2,615000,643520,49,83,74562,133216,0.999487
59.3,600000,638400,42,83,72288,133216,0.999039
59.4,555000,691680,46,83,72288,133216,0.988123
59.5,615000,638400,46,85,72288,133216,0.999652
59.6,585000,659920,46,83,72288,133216,0.996391
59.7,600000,653400,44,82,72288,133216,0.998188
59.8,570000,676680,45,79,72288,133216,0.992731
59.9,600000,638400,46,85,72288,133216,0.999039
60,585000,670160,48,81,72288,133216,0.995418
60.1,615000,638400,49,85,75184,133216,0.999652
60.2,600000,643520,42,85,72288,133216,0.998777
60.3,555000,696440,46,82,72288,133216,0.987387
60.4,615000,628520,46,85,72288,133216,0.999882
60.5,585000,659920,47,83,72288,133216,0.996391
60.6,615000,643520,43,83,71642,133216,0.999487
60.7,540000,708080,46,77,71669,133216,0.982187
60.8,615000,631880,46,84,71669,133216,0.999817
60.9,585000,665040,48,80,71669,133216,0.995917
61,600000,644920,49,83,74565,133216,0.9987
61.1,615000,622000,41,85,72106,133216,0.999968
61.2,540000,713200,46,83,72106,133216,0.981257
61.3,615000,633280,46,83,72106,133216,0.999786
61.4,585000,665040,47,83,72106,133216,0.995917
61.5,600000,643520,44,83,72106,133216,0.998777
61.6,570000,686560,45,79,72106,133216,0.991469
61.7,600000,643520,46,85,72106,133216,0.998777
61.8,585000,665040,48,83,72106,133216,0.995917
61.9,615000,633280,48,85,75002,133216,0.999786
62,600000,638400,42,85,72106,133216,0.999039
62.1,555000,706680,46,80,72106,133216,0.985753
62.2,585000,650040,9,83,5792,133216,0.997234
62.3,45000,1.09952e+06,13,61,5792,133216,0.540859
62.4,120000,948520,11,56,5792,133216,0.62452
62.5,165000,816040,23,81,73081,133216,0.694254
62.6,435000,815680,34,73,71144,133216,0.915209
62.7,555000,686560,39,81,74040,133216,0.988896
62.8,570000,686560,40,79,71144,133216,0.991469
62.9,555000,686560,44,79,71144,133216,0.988896
63,585000,670160,45,81,71144,133216,0.995418
63.1,600000,653400,46,82,71144,133216,0.998188
63.2,585000,659920,48,82,71068,133216,0.996391
63.3,600000,650040,42,83,72396,133216,0.9984
63.4,555000,691680,46,81,72396,133216,0.988123
63.5,630000,611760,46,85,72396,133216,0.999784
63.6,570000,686560,47,81,72396,133216,0.991469
63.7,600000,638400,44,83,72396,133216,0.999039
63.8,555000,691680,46,77,72396,133216,0.988123
63.9,615000,638400,46,83,72396,133216,0.999652
64,600000,643520,47,83,72396,133216,0.998777
64.1,585000,665040,50,83,75292,133216,0.995917
64.2,630000,616880,41,85,72396,133216,0.999889
64.3,540000,708080,46,81,72396,133216,0.982187
64.4,600000,643520,47,85,72396,133216,0.998777
64.5,600000,659920,46,83,72396,133216,0.997743
64.6,600000,643520,46,83,71790,133216,0.998777
64.7,585000,665040,43,81,71870,133216,0.995917
64.8,570000,681440,46,83,71870,133216,0.992133
64.9,600000,643520,47,83,71870,133216,0.998777
65,585000,659920,48,83,74766,133216,0.996391
65.1,615000,637000,42,84,71870,133216,0.999691
65.2,555000,698200,46,79,72026,133216,0.987111
65.3,615000,633280,46,83,72026,133216,0.999786
65.4,570000,665040,48,81,72026,133216,0.994113
65.5,615000,643520,48,83,72026,133216,0.999487
65.6,585000,659920,43,83,72026,133216,0.996391
65.7,570000,670160,46,83,72026,133216,0.993519
65.8,615000,638400,46,85,72026,133216,0.999652
65.9,585000,659920,47,83,74922,133216,0.996391
66,615000,638400,42,83,72026,133216,0.999652
66.1,540000,706680,46,78,72026,133216,0.982438
66.2,615000,638400,46,84,72026,133216,0.999652
66.3,585000,655160,47,83,72026,133216,0.99681
66.4,600000,654800,49,83,74369,133216,0.998096
66.5,615000,627120,42,85,71473,133216,0.999905
66.6,540000,702960,46,81,71473,133216,0.983102
66.7,615000,643520,46,83,71473,133216,0.999487
66.8,585000,665040,47,81,71473,133216,0.995917
66.9,600000,643520,43,83,71473,133216,0.998777
67,570000,681440,45,79,72250,133216,0.992133
67.1,600000,638400,46,85,72250,133216,0.999039
67.2,585000,665040,48,81,72250,133216,0.995917
67.3,600000,653400,50,82,75146,133216,0.998188
67.4,615000,628520,41,85,72250,133216,0.999882
67.5,540000,708080,46,81,72250,133216,0.982187
67.6,630000,616880,46,85,72250,133216,0.999889
67.7,570000,686560,47,81,72250,133216,0.991469
67.8,600000,643520,46,83,72250,133216,0.998777
67.9,585000,665040,44,81,72250,133216,0.995917
68,585000,659920,47,83,72250,133216,0.996391
68.1,600000,648640,48,83,72250,133216,0.998485
68.2,600000,648280,49,84,74537,133216,0.998506
68.3,615000,638400,40,84,71641,133216,0.999652
68.4,540000,703320,45,79,71641,133216,0.983038
68.5,615000,638400,45,85,71641,133216,0.999652
68.6,570000,674920,47,80,71641,133216,0.992947
68.7,615000,623400,48,85,71641,133216,0.999954
68.8,585000,670160,43,83,71641,133216,0.995418
68.9,555000,686560,46,83,71641,133216,0.988896
69,615000,643520,46,83,71641,133216,0.999487
69.1,585000,654800,47,83,74537,133216,0.99684
69.2,615000,643520,43,83,71449,133216,0.999487
69.3,555000,686560,45,79,71449,133216,0.988896
69.4,600000,643520,46,83,71449,133216,0.998777
69.5,585000,665040,47,81,71449,133216,0.995917
69.6,615000,638400,48,85,74345,133216,0.999652
69.7,600000,643520,41,85,72293,133216,0.998777
69.8,540000,702960,46,81,72293,133216,0.983102
69.9,615000,643520,46,83,72833,133216,0.999487
70,585000,665040,47,81,72833,133216,0.995917
70.1,600000,643520,47,83,72833,133216,0.998777
70.2,585000,665040,46,79,72833,133216,0.995917
70.3,615000,633280,47,85,72833,133216,0.999786
70.4,585000,665040,49,81,72833,133216,0.995917
70.5,615000,631880,49,84,75729,133216,0.999817
70.6,615000,623400,42,85,72833,133216,0.999954
70.7,555000,706680,47,80,72833,133216,0.985753
70.8,615000,623400,47,83,72833,133216,0.999954
70.9,585000,670160,48,81,72833,133216,0.995418
71,600000,638400,48,83,72833,133216,0.999039
71.1,600000,659920,45,81,72833,133216,0.997743
71.2,570000,665040,48,83,72833,133216,0.994113
71.3,615000,643520,48,83,73346,133216,0.999487
71.4,600000,638400,49,83,76242,133216,0.999039
71.5,615000,638400,43,85,73346,133216,0.999652
71.6,555000,691680,47,79,73346,133216,0.988123
71.7,615000,638400,48,85,73346,133216,0.999652
71.8,600000,643520,48,81,73346,133216,0.998777
71.9,615000,638400,50,85,76242,133216,0.999652
72,615000,631880,43,86,73346,133216,0.999817
72.1,555000,693080,47,83,73346,133216,0.987908
72.2,615000,631880,47,84,73346,133216,0.999817
72.3,600000,650040,47,83,73346,133216,0.9984
72.4,600000,643520,45,83,73346,133216,0.998777
72.5,555000,686560,47,79,73346,133216,0.988896
72.6,615000,643520,9,83,5792,133216,0.999487
72.7,60000,1.11452e+06,13,58,5792,133216,0.553679
72.8,120000,913400,10,59,5792,133216,0.629148
72.9,150000,840920,22,80,71882,133216,0.672876
73,450000,789400,36,75,71882,133216,0.930242
73.1,540000,708080,38,79,71882,133216,0.982187
73.2,555000,691680,42,81,71882,133216,0.988123
73.3,585000,659920,44,83,71882,133216,0.996391
73.4,585000,674920,49,82,74778,133216,0.994932
73.5,615000,628520,41,85,71790,133216,0.999882
73.6,540000,708080,46,81,72250,133216,0.982187
73.7,630000,616880,45,85,72250,133216,0.999889
73.8,555000,686560,48,81,72250,133216,0.988896
73.9,615000,643520,45,83,72250,133216,0.999487
74,570000,680040,44,80,72250,133216,0.99231
74.1,600000,644920,46,85,72250,133216,0.9987
74.2,585000,665040,48,81,72250,133216,0.995917
74.3,600000,643520,49,83,75146,133216,0.998777
74.4,615000,638400,42,83,72250,133216,0.999652
74.5,555000,691680,46,81,72250,133216,0.988123
74.6,600000,638400,47,83,72250,133216,0.999039
74.7,600000,659920,47,81,72250,133216,0.997743
74.8,600000,638400,46,83,72250,133216,0.999039
74.9,585000,670160,44,81,71738,133216,0.995418
75,585000,659920,46,83,71738,133216,0.996391
75.1,600000,643520,46,85,71738,133216,0.998777
75.2,585000,665040,49,83,74634,133216,0.995917
75.3,615000,638400,40,85,71738,133216,0.999652
75.4,540000,708080,45,77,71738,133216,0.982187
75.5,600000,638400,46,83,71738,133216,0.999039
75.6,585000,670160,48,81,72762,133216,0.995418
75.7,615000,638400,47,83,72762,133216,0.999652
75.8,585000,659920,45,81,73672,133216,0.996391
75.9,585000,665040,48,83,73672,133216,0.995917
76,615000,631880,48,84,73672,133216,0.999817
76.1,600000,650040,49,83,76568,133216,0.9984
76.2,630000,616880,42,85,73672,133216,0.999889
76.3,525000,713200,49,79,73672,133216,0.977419
76.4,630000,616880,48,85,73672,133216,0.999889
76.5,585000,665040,49,81,73672,133216,0.995917
76.6,615000,643520,48,83,73672,133216,0.999487
76.7,600000,638400,45,83,73672,133216,0.999039
76.8,585000,659920,47,85,73672,133216,0.996391
76.9,615000,638400,48,83,73672,133216,0.999652
77,585000,670160,48,83,76568,133216,0.995418
77.1,615000,626760,43,84,72322,133216,0.99991
77.2,540000,703320,47,77,72322,133216,0.983038
77.3,630000,626760,46,84,72322,133216,0.999993
77.4,585000,665040,48,82,72322,133216,0.995917
77.5,600000,644920,50,83,75218,133216,0.9987
77.6,615000,637000,41,84,72322,133216,0.999691
77.7,555000,693080,46,83,72322,133216,0.987908
77.8,600000,638400,47,83,72322,133216,0.999039
77.9,585000,670160,47,83,72322,133216,0.995418
78,600000,638400,45,83,72322,133216,0.999039
78.1,570000,686560,46,79,72322,133216,0.991469
78.2,600000,653400,46,84,71989,133216,0.998188
78.3,600000,643520,47,82,71989,133216,0.998777
78.4,600000,644920,49,83,74885,133216,0.9987
78.5,600000,643520,42,85,71989,133216,0.998777
78.6,555000,696440,46,80,71989,133216,0.987387
78.7,615000,628520,46,85,71989,133216,0.999882
78.8,570000,686560,48,79,71989,133216,0.991469
78.9,615000,637000,46,84,71989,133216,0.999691
79,570000,671560,44,81,71989,133216,0.993353
79.1,585000,659920,46,83,71989,133216,0.996391
79.2,615000,638400,46,83,71989,133216,0.999652
79.3,570000,670160,48,83,74885,133216,0.993519
79.4,615000,638400,42,83,71728,133216,0.999652
79.5,555000,691680,45,79,71728,133216,0.988123
79.6,600000,654800,46,83,71728,133216,0.998096
79.7,585000,665040,48,81,71868,133216,0.995917
79.8,600000,643520,49,83,74764,133216,0.998777
79.9,615000,637000,42,84,71868,133216,0.999691
80,555000,693080,46,81,71868,133216,0.987908
80.1,615000,626760,46,84,71868,133216,0.99991
80.2,570000,671560,48,83,71868,133216,0.993353
80.3,615000,637000,43,84,71868,133216,0.999691
80.4,555000,693080,45,79,71868,133216,0.987908
80.5,600000,653400,46,82,71868,133216,0.998188
80.6,585000,655160,48,81,71868,133216,0.99681
80.7,615000,638400,49,85,74764,133216,0.999652
80.8,600000,643520,42,83,71868,133216,0.998777
80.9,555000,702960,46,79,71868,133216,0.986355
81,615000,622000,46,85,71847,133216,0.999968
81.1,570000,686560,47,81,71847,133216,0.991469
81.2,615000,631880,46,84,71847,133216,0.999817
81.3,585000,666440,43,81,71847,133216,0.995783
81.4,570000,670160,46,83,71847,133216,0.993519
81.5,585000,659920,48,83,71847,133216,0.996391
81.6,615000,643520,47,83,74743,133216,0.999487
81.7,600000,638400,43,83,71331,133216,0.999039
81.8,555000,701560,45,78,71331,133216,0.986579
81.9,600000,650040,46,83,71331,133216,0.9984
82,585000,665040,48,81,71331,133216,0.995917
82.1,600000,638400,50,83,74227,133216,0.999039
82.2,615000,638400,42,83,71981,133216,0.999652
82.3,555000,686560,46,83,71981,133216,0.988896
82.4,600000,648640,47,83,71981,133216,0.998485
82.5,585000,659920,47,83,71981,133216,0.996391
82.6,615000,638400,43,85,71981,133216,0.999652
82.7,555000,691680,45,79,71981,133216,0.988123
82.8,600000,653400,46,84,71981,133216,0.998188
82.9,585000,659920,33,82,5792,133216,0.996391
83,360000,880600,13,63,5792,133216,0.850272
83.1,120000,868960,9,75,5792,133216,0.635512
83.2,120000,1.09952e+06,9,57,5792,133216,0.607854
83.3,315000,686560,31,81,71868,133216,0.879023
83.4,480000,777760,38,75,81276,133216,0.946929
83.5,600000,638400,45,85,81276,133216,0.999039
83.6,585000,665040,53,83,81276,133216,0.995917
83.7,630000,616880,54,85,84172,133216,0.999889
83.8,630000,616880,51,85,81276,133216,0.999889
83.9,615000,637000,54,84,81276,133216,0.999691
84,645000,601880,53,85,81276,133216,0.998805
84.1,615000,638400,55,83,81276,133216,0.999652
84.2,645000,595360,55,85,84172,133216,0.998401
84.3,630000,622000,51,85,81276,133216,0.999959
84.4,600000,643520,53,85,81276,133216,0.998777
84.5,645000,611760,53,83,81276,133216,0.999301
84.6,615000,631880,54,84,84172,133216,0.999817
84.7,645000,601880,46,85,76079,133216,0.998805
84.8,555000,686560,51,81,76079,133216,0.988896
84.9,645000,610360,49,86,76079,133216,0.999239
85,600000,650040,50,83,76079,133216,0.9984
85.1,615000,631880,52,84,78975,133216,0.999817
85.2,615000,623400,46,85,75017,133216,0.999954
85.3,585000,670160,48,83,75017,133216,0.995418
85.4,615000,638400,48,83,75017,133216,0.999652
85.5,600000,643520,48,85,75017,133216,0.998777
85.6,600000,638400,47,83,75017,133216,0.999039
85.7,585000,665040,49,81,75017,133216,0.995917
85.8,615000,638400,49,83,75017,133216,0.999652
85.9,600000,643520,50,83,74038,133216,0.998777
86,615000,638400,51,83,75503,133216,0.999652
86.1,630000,616880,42,85,72607,133216,0.999889
86.2,540000,708080,47,81,72607,133216,0.982187
86.3,630000,622000,47,85,72607,133216,0.999959
86.4,585000,659920,47,83,72607,133216,0.996391
86.5,600000,648640,46,83,72607,133216,0.998485
86.6,585000,659920,45,81,72607,133216,0.996391
86.7,585000,659920,48,83,72607,133216,0.996391
86.8,615000,643520,48,83,74324,133216,0.999487
86.9,600000,638400,51,85,77220,133216,0.999039
87,630000,622000,43,85,74324,133216,0.999959
87.1,540000,702960,49,79,74324,133216,0.983102
87.2,645000,615480,47,84,74324,133216,0.999452
87.3,570000,666440,50,81,74324,133216,0.993953
87.4,630000,627120,47,83,74324,133216,0.999995
87.5,585000,654800,45,83,74324,133216,0.99684
87.6,585000,670160,49,83,74324,133216,0.995418
87.7,630000,611760,48,85,74324,133216,0.999784
87.8,585000,665040,50,83,77220,133216,0.995917
87.9,630000,616880,43,85,74324,133216,0.999889
88,555000,701560,48,78,74324,133216,0.986579
88.1,615000,628520,48,83,73206,133216,0.999882
88.2,600000,653400,49,82,73206,133216,0.998188
88.3,615000,628520,50,83,76102,133216,0.999882
88.4,615000,631880,43,86,73206,133216,0.999817
88.5,555000,693080,47,83,73206,133216,0.987908
88.6,630000,622000,46,85,73206,133216,0.999959
88.7,585000,659920,47,83,73206,133216,0.996391
88.8,600000,653400,45,82,73206,133216,0.998188
88.9,570000,676680,46,79,73206,133216,0.992731
89,600000,638400,48,83,73206,133216,0.999039
89.1,615000,643520,48,83,73196,133216,0.999487
89.2,585000,653400,50,84,76092,133216,0.996959
89.3,630000,628520,42,85,73196,133216,0.999999
89.4,555000,681440,47,81,73196,133216,0.989651
89.5,615000,643520,47,83,72749,133216,0.999487
89.6,585000,653400,48,82,73346,133216,0.996959
89.7,600000,650040,47,83,73346,133216,0.9984
89.8,585000,665040,46,79,73346,133216,0.995917
89.9,600000,653400,47,84,73346,133216,0.998188
90,615000,628520,48,83,73346,133216,0.999882
90.1,600000,653400,50,84,76242,133216,0.998188
90.2,615000,628520,42,85,73346,133216,0.999882
90.3,540000,708080,48,81,73346,133216,0.982187
90.4,630000,616880,47,85,73346,133216,0.999889
90.5,585000,665040,48,81,73569,133216,0.995917
90.6,600000,643520,48,83,73569,133216,0.998777
90.7,600000,653400,45,82,73569,133216,0.998188
90.8,585000,665040,47,82,73569,133216,0.995917
90.9,615000,623400,48,85,73569,133216,0.999954
91,585000,670160,49,83,76465,133216,0.995418
91.1,630000,611760,43,85,73569,133216,0.999784
91.2,540000,713200,48,79,73569,133216,0.981257
91.3,630000,611760,47,85,73569,133216,0.999784
91.4,585000,670160,48,81,73569,133216,0.995418
91.5,600000,638400,50,83,76465,133216,0.999039
91.6,615000,638400,44,83,73569,133216,0.999652
91.7,555000,691680,48,81,73346,133216,0.988123
91.8,645000,611760,46,85,73346,133216,0.999301
91.9,570000,670160,48,83,73346,133216,0.993519
92,615000,638400,45,83,73346,133216,0.999652
92.1,570000,674920,46,78,73346,133216,0.992947
92.2,600000,650040,48,83,73346,133216,0.9984
92.3,600000,643520,48,83,73346,133216,0.998777
92.4,615000,638400,50,85,76242,133216,0.999652
92.5,615000,631880,43,84,73346,133216,0.999817
92.6,555000,698200,47,81,73346,133216,0.987111
92.7,630000,616880,46,85,73338,133216,0.999889
92.8,570000,665040,48,83,73338,133216,0.994113
92.9,615000,643520,45,83,73338,133216,0.999487
93,570000,681440,46,79,73338,133216,0.992133
93.1,600000,643520,47,85,73338,133216,0.998777
93.2,615000,638400,47,83,72346,133216,0.999652
93.3,585000,658520,13,84,5792,133216,0.996517
93.4,105000,1.10092e+06,11,53,5792,133216,0.594515
93.5,120000,868960,9,63,5792,133216,0.635512
93.6,120000,874080,21,79,72346,133216,0.634748
93.7,435000,820800,36,73,75242,133216,0.913759
93.8,600000,643520,34,85,72346,133216,0.998777
93.9,495000,756240,43,77,73161,133216,0.95823
94,615000,631880,43,86,73161,133216,0.999817
94.1,555000,693080,48,81,73915,133216,0.987908
94.2,630000,616880,48,85,73915,133216,0.999889
94.3,585000,665040,46,81,74377,133216,0.995917
94.4,600000,643520,48,85,74377,133216,0.998777
94.5,615000,638400,49,85,74377,133216,0.999652
94.6,600000,643520,50,85,77273,133216,0.998777
94.7,615000,638400,44,85,74377,133216,0.999652
94.8,555000,691680,49,79,74377,133216,0.988123
94.9,630000,611760,49,85,74377,133216,0.999784
95,600000,653400,49,82,74377,133216,0.998188
95.1,615000,628520,51,85,77273,133216,0.999882
95.2,615000,638400,45,83,74377,133216,0.999652
95.3,570000,670160,49,83,74377,133216,0.993519
95.4,615000,638400,49,85,74377,133216,0.999652
95.5,600000,643520,49,83,77273,133216,0.998777
95.6,615000,638400,45,85,74377,133216,0.999652
95.7,570000,674920,48,80,72749,133216,0.992947
95.8,615000,638400,47,84,72749,133216,0.999652
95.9,585000,655160,49,81,72749,133216,0.99681
96,615000,638400,50,83,75645,133216,0.999652
96.1,615000,631880,43,84,72749,133216,0.999817
96.2,555000,698200,48,81,72749,133216,0.987111
96.3,630000,616880,47,85,73346,133216,0.999889
96.4,585000,665040,47,83,73417,133216,0.995917
96.5,600000,643520,45,83,73417,133216,0.998777
96.6,570000,681440,47,79,73417,133216,0.992133
96.7,600000,638400,48,83,73417,133216,0.999039
96.8,615000,643520,48,81,73417,133216,0.999487
96.9,600000,638400,50,85,76313,133216,0.999039
97,615000,643520,43,83,73417,133216,0.999487
97.1,555000,686560,48,81,73417,133216,0.988896
97.2,630000,616880,47,85,73417,133216,0.999889
97.3,585000,665040,48,81,73417,133216,0.995917
97.4,600000,643520,47,83,73417,133216,0.998777
97.5,585000,665040,46,81,73417,133216,0.995917
97.6,600000,648280,47,84,72756,133216,0.998506
97.7,600000,650040,48,83,72756,133216,0.9984
97.8,600000,643520,50,85,75652,133216,0.998777
97.9,615000,638400,43,85,72756,133216,0.999652
98,555000,691680,47,79,72756,133216,0.988123
98.1,615000,638400,47,85,72330,133216,0.999652
98.2,585000,659920,49,81,73424,133216,0.996391
98.3,615000,638400,48,83,73424,133216,0.999652
98.4,600000,643520,44,83,73672,133216,0.998777
98.5,570000,680040,48,82,73672,133216,0.99231
98.6,615000,623400,48,83,73672,133216,0.999954
98.7,600000,658520,47,84,76568,133216,0.997843
98.8,600000,644920,45,83,73672,133216,0.9987
98.9,570000,670160,47,79,73672,133216,0.993519
99,615000,638400,47,85,73672,133216,0.999652
99.1,585000,659920,49,81,73672,133216,0.996391
99.2,615000,637000,51,84,76568,133216,0.999691
99.3,615000,628520,43,85,73672,133216,0.999882
99.4,555000,702960,48,81,73672,133216,0.986355
99.5,630000,610360,47,86,73672,133216,0.999749
99.6,585000,671560,47,83,73672,133216,0.995277
99.7,600000,643520,46,83,72811,133216,0.998777
99.8,585000,665040,45,81,72811,133216,0.995917
99.9,585000,659920,48,83,72811,133216,0.996391
100,615000,638400,48,83,73033,133216,0.999652
100.1,600000,643520,50,85,75929,133216,0.998777
100.2,615000,638400,42,83,73033,133216,0.999652
100.3,555000,691680,47,81,73033,133216,0.988123
100.4,630000,616880,46,85,73033,133216,0.999889
100.5,585000,665040,48,83,73118,133216,0.995917
100.6,600000,638400,47,83,73118,133216,0.999039
100.7,585000,665040,45,81,73118,133216,0.995917
100.8,585000,659920,48,83,73118,133216,0.996391
100.9,600000,648640,49,83,73118,133216,0.998485
101,615000,633280,49,85,76014,133216,0.999786
101.1,615000,637000,42,86,73118,133216,0.999691
101.2,555000,693080,46,79,73118,133216,0.987908
101.3,615000,638400,47,85,73118,133216,0.999652
101.4,585000,658520,49,82,73118,133216,0.996517
101.5,600000,650040,48,83,73118,133216,0.9984
101.6,600000,643520,44,83,73118,133216,0.998777
101.7,570000,681440,48,83,73118,133216,0.992133
101.8,630000,616880,47,85,73341,133216,0.999889
101.9,585000,665040,48,83,76237,133216,0.995917
102,615000,631880,44,84,73341,133216,0.999817
102.1,555000,698200,47,79,73341,133216,0.987111
102.2,615000,631880,47,84,73341,133216,0.999817
102.3,600000,650040,48,81,73341,133216,0.9984
102.4,600000,643520,51,83,76237,133216,0.998777
102.5,630000,611760,43,85,73341,133216,0.999784
102.6,540000,708080,48,81,73341,133216,0.982187
102.7,630000,616880,47,85,73341,133216,0.999889
102.8,585000,665040,48,83,73341,133216,0.995917
102.9,615000,643520,45,83,73341,133216,0.999487
103,570000,674920,46,80,73341,133216,0.992947
103.1,600000,643520,48,84,73341,133216,0.998777
103.2,600000,650040,49,81,73346,133216,0.9984
103.3,600000,643520,50,83,76242,133216,0.998777
103.4,615000,638400,43,85,73346,133216,0.999652
103.5,555000,686560,48,81,73346,133216,0.988896
103.6,630000,626760,33,84,5792,133216,0.999993
103.7,360000,885720,13,63,5792,133216,0.848823
103.8,120000,863840,9,75,5792,133216,0.636285
103.9,105000,1.09952e+06,10,57,5792,133216,0.594633
104,285000,734720,27,77,73346,133216,0.837169
104.1,495000,751120,38,79,76242,133216,0.959468
104.2,585000,670160,38,83,72250,133216,0.995418
104.3,540000,702960,43,79,72469,133216,0.983102
104.4,600000,643520,45,85,72469,133216,0.998777
104.5,570000,680040,48,80,72469,133216,0.99231
104.6,615000,643520,47,84,72469,133216,0.999487
104.7,585000,650040,45,83,73999,133216,0.997234
104.8,585000,674920,48,84,73999,133216,0.994932
104.9,615000,623400,49,83,73999,133216,0.999954
105,615000,643520,50,85,76895,133216,0.999487
105.1,600000,638400,44,85,73999,133216,0.999039
105.2,570000,680040,48,80,73999,133216,0.99231
105.3,630000,623400,48,85,73999,133216,0.999972
105.4,585000,658520,49,82,73999,133216,0.996517
105.5,615000,638400,49,84,73999,133216,0.999652
105.6,615000,628520,45,85,73999,133216,0.999882
105.7,570000,681440,48,83,73999,133216,0.992133
105.8,615000,622000,49,85,73999,133216,0.999968
105.9,600000,659920,49,83,76895,133216,0.997743
106,615000,622000,44,85,72947,133216,0.999968
106.1,570000,686560,47,79,72947,133216,0.991469
106.2,600000,638400,48,85,72947,133216,0.999039
106.3,600000,658520,49,82,72969,133216,0.997843
106.4,600000,644920,51,83,75865,133216,0.9987
106.5,630000,622000,43,85,72969,133216,0.999959
106.6,555000,686560,47,83,72969,133216,0.988896
106.7,630000,616880,46,85,73118,133216,0.999889
106.8,570000,681440,48,83,73118,133216,0.992133
106.9,615000,627120,44,85,73118,133216,0.999905
107,570000,681440,47,79,73118,133216,0.992133
107.1,600000,643520,48,85,73118,133216,0.998777
107.2,600000,659920,48,81,73118,133216,0.997743
107.3,600000,643520,51,83,76014,133216,0.998777
107.4,630000,616880,42,85,73118,133216,0.999889
107.5,555000,691680,47,83,73118,133216,0.988123
107.6,615000,638400,47,85,73118,133216,0.999652
107.7,585000,659920,48,83,73576,133216,0.996391
107.8,615000,638400,46,83,73576,133216,0.999652
107.9,585000,665040,46,81,73576,133216,0.995917
108,585000,658520,48,84,73576,133216,0.996517
108.1,600000,644920,49,81,73576,133216,0.9987
108.2,615000,637000,50,84,76472,133216,0.999691
108.3,615000,623400,43,85,73576,133216,0.999954
108.4,555000,706680,48,80,73576,133216,0.985753
108.5,615000,623400,47,85,73576,133216,0.999954
108.6,585000,659920,48,81,73576,133216,0.996391
108.7,615000,638400,47,83,73576,133216,0.999652
108.8,585000,670160,45,81,73576,133216,0.995418
108.9,585000,659920,48,83,73576,133216,0.996391
109,615000,622000,48,85,72473,133216,0.999968
109.1,600000,659920,49,83,75369,133216,0.997743
109.2,615000,622000,43,85,72473,133216,0.999968
109.3,555000,702960,47,79,72473,133216,0.986355
109.4,615000,627120,47,85,72473,133216,0.999905
109.5,600000,654800,47,83,73138,133216,0.998096
109.6,600000,643520,50,85,76034,133216,0.998777
109.7,615000,638400,42,83,74373,133216,0.999652
109.8,555000,686560,48,83,74373,133216,0.988896
109.9,630000,622000,48,85,74373,133216,0.999959
110,585000,659920,48,83,74373,133216,0.996391
110.1,600000,643520,47,83,74373,133216,0.998777
110.2,585000,665040,48,79,74373,133216,0.995917
110.3,615000,643520,49,85,74373,133216,0.999487
110.4,600000,638400,49,81,74373,133216,0.999039
110.5,615000,631880,51,84,77269,133216,0.999817
110.6,630000,623400,44,85,74373,133216,0.999972
110.7,555000,686560,49,81,74373,133216,0.988896
110.8,615000,638400,49,83,74373,133216,0.999652
110.9,600000,643520,49,83,74373,133216,0.998777
111,615000,638400,46,83,74373,133216,0.999652
111.1,570000,670160,48,81,72941,133216,0.993519
111.2,615000,638400,48,85,72941,133216,0.999652
111.3,600000,653400,48,82,72941,133216,0.998188
111.4,600000,650040,50,83,75503,133216,0.9984
111.5,630000,616880,42,85,73085,133216,0.999889
111.6,540000,708080,47,79,73085,133216,0.982187
111.7,615000,622000,48,85,73085,133216,0.999968
111.8,600000,659920,48,81,73085,133216,0.997743
111.9,600000,648640,47,83,73085,133216,0.998485
112,585000,659920,46,81,73085,133216,0.996391
112.1,600000,638400,47,85,73085,133216,0.999039
112.2,600000,658520,48,84,73085,133216,0.997843
112.3,600000,644920,50,83,75981,133216,0.9987
112.4,630000,622000,42,85,73085,133216,0.999959
112.5,540000,702960,48,79,73085,133216,0.983102
112.6,615000,627120,48,85,73085,133216,0.999905
112.7,600000,654800,48,81,73085,133216,0.998096
112.8,600000,643520,48,83,72969,133216,0.998777
112.9,585000,665040,45,81,72969,133216,0.995917
113,585000,665040,48,83,72969,133216,0.995917
113.1,615000,638400,48,83,73118,133216,0.999652
113.2,600000,643520,49,83,76014,133216,0.998777
113.3,630000,616880,42,85,73118,133216,0.999889
113.4,540000,708080,48,79,73118,133216,0.982187
113.5,615000,638400,48,83,73118,133216,0.999652
113.6,600000,648640,48,83,73118,133216,0.998485
113.7,615000,633280,47,83,73118,133216,0.999786
113.8,585000,665040,45,83,73118,133216,0.995917
113.9,570000,665040,48,83,73118,133216,0.994113
114,630000,616880,14,85,5792,133216,0.999889
114.1,135000,1.12104e+06,9,51,5792,133216,0.618702
114.2,120000,852560,9,65,5792,133216,0.638018
114.3,90000,900360,20,76,72331,133216,0.598971
114.4,435000,810920,35,73,75227,133216,0.916561
114.5,585000,665040,35,85,72331,133216,0.995917
114.6,510000,734720,42,77,73433,133216,0.968435
114.7,600000,638400,44,85,73433,133216,0.999039
114.8,570000,686560,48,81,73433,133216,0.991469
114.9,630000,622000,46,85,73433,133216,0.999959
115,570000,674920,46,80,74851,133216,0.992947
115.1,600000,644920,48,85,74851,133216,0.9987
115.2,600000,643520,50,83,74851,133216,0.998777
115.3,615000,638400,50,83,77747,133216,0.999652
115.4,615000,637000,44,84,74851,133216,0.999691
115.5,555000,686560,49,80,74851,133216,0.988896
115.6,630000,628520,48,83,74851,133216,0.999999
115.7,585000,654800,50,81,74851,133216,0.99684
115.8,615000,627120,51,83,74851,133216,0.999905
115.9,630000,626760,44,86,74851,133216,0.999993
116,570000,671560,48,85,74851,133216,0.993353
116.1,615000,638400,49,83,74851,133216,0.999652
116.2,600000,643520,48,83,77747,133216,0.998777
116.3,615000,638400,45,83,72988,133216,0.999652
116.4,570000,680040,47,80,72988,133216,0.99231
116.5,615000,628520,47,85,72988,133216,0.999882
116.6,585000,659920,49,81,72988,133216,0.996391
116.7,615000,643520,50,83,75884,133216,0.999487
116.8,630000,616880,42,85,72988,133216,0.999889
116.9,540000,708080,47,81,72988,133216,0.982187
117,615000,622000,47,85,73576,133216,0.999968
117.1,585000,674920,48,82,73576,133216,0.994932
117.2,615000,633640,45,85,73576,133216,0.999777
117.3,570000,674920,46,78,73576,133216,0.992947
117.4,600000,644920,48,83,73576,133216,0.9987
117.5,600000,643520,48,83,73576,133216,0.998777
117.6,615000,638400,49,85,76472,133216,0.999652
117.7,600000,643520,43,85,73576,133216,0.998777
117.8,570000,681440,47,81,73576,133216,0.992133
117.9,615000,627120,47,85,73576,133216,0.999905
118,585000,669800,48,82,73576,133216,0.995454
118.1,615000,628520,46,85,73576,133216,0.999882
118.2,570000,686560,46,79,73576,133216,0.991469
118.3,600000,643520,47,85,73346,133216,0.998777
118.4,615000,638400,48,83,73346,133216,0.999652
118.5,600000,638400,50,85,76242,133216,0.999039
118.6,615000,643520,42,85,73346,133216,0.999487
118.7,555000,691680,47,81,73346,133216,0.988123
118.8,615000,633280,47,83,73118,133216,0.999786
118.9,585000,665040,48,81,73118,133216,0.995917
119,615000,631880,48,84,73118,133216,0.999817
119.1,585000,650040,45,83,73118,133216,0.997234
119.2,585000,665040,47,83,73118,133216,0.995917
119.3,615000,638400,48,83,73341,133216,0.999652
119.4,585000,670160,48,83,73341,133216,0.995418
119.5,615000,626760,44,84,73341,133216,0.99991
119.6,570000,671560,47,81,73341,133216,0.993353
119.7,615000,638400,47,85,73341,133216,0.999652
119.8,585000,670160,48,81,73341,133216,0.995418
119.9,600000,638400,51,83,76237,133216,0.999039
120,630000,616880,43,85,73341,133216,0.999889
120.1,555000,701560,47,82,73341,133216,0.986579
120.2,615000,628520,47,85,73341,133216,0.999882
120.3,585000,665040,48,81,73341,133216,0.995917
120.4,615000,638400,45,83,73341,133216,0.999652
120.5,585000,659920,45,79,73341,133216,0.996391
120.6,585000,665040,48,83,73341,133216,0.995917
120.7,600000,643520,49,81,72619,133216,0.998777
120.8,615000,638400,50,83,75515,133216,0.999652
120.9,615000,631880,42,84,72619,133216,0.999817
121,540000,698200,47,81,72619,133216,0.983938
121.1,630000,616880,46,85,72393,133216,0.999889
121.2,585000,665040,49,81,74324,133216,0.995917
121.3,615000,643520,47,85,74324,133216,0.999487
121.4,585000,654800,47,81,74324,133216,0.99684
121.5,600000,643520,48,85,74324,133216,0.998777
121.6,615000,638400,49,83,74324,133216,0.999652
121.7,600000,643520,51,85,77220,133216,0.998777
121.8,615000,638400,44,83,74324,133216,0.999652
121.9,555000,691680,49,79,74324,133216,0.988123
122,630000,616880,49,85,74324,133216,0.999889
122.1,600000,653400,49,82,74324,133216,0.998188
122.2,615000,628520,49,85,74324,133216,0.999882
122.3,600000,653400,46,82,74324,133216,0.998188
122.4,600000,650040,48,85,74324,133216,0.9984
122.5,615000,631880,47,84,72969,133216,0.999817
122.6,585000,665040,48,82,75865,133216,0.995917
122.7,615000,623400,43,85,72969,133216,0.999954
122.8,555000,701560,47,78,72969,133216,0.986579
122.9,615000,633640,47,85,72780,133216,0.999777
123,585000,659920,49,81,73346,133216,0.996391
123.1,615000,626760,49,84,73346,133216,0.99991
123.2,600000,655160,44,83,73346,133216,0.998072
123.3,570000,674920,48,82,73346,133216,0.992947
123.4,630000,622000,47,86,73346,133216,0.999959
123.5,570000,671560,49,83,76242,133216,0.993353
123.6,630000,616880,44,85,73346,133216,0.999889
123.7,555000,696440,47,78,73346,133216,0.987387
123.8,615000,628520,47,85,73346,133216,0.999882
123.9,600000,653400,48,82,73346,133216,0.998188
124,600000,650040,50,83,76242,133216,0.9984
124.1,630000,616880,42,85,73346,133216,0.999889
124.2,540000,713200,47,81,72848,133216,0.981257
124.3,630000,616880,47,85,73118,133216,0.999889
124.4,585000,665040,18,83,5792,133216,0.995917
124.5,195000,1.05136e+06,9,51,5792,133216,0.679306
124.6,90000,874080,11,67,5792,133216,0.601885
124.7,90000,933520,18,71,74338,133216,0.595521
124.8,420000,777760,32,73,74338,133216,0.918091
124.9,555000,701560,37,84,74338,133216,0.986579
125,540000,698200,45,81,77234,133216,0.983938
125.1,615000,643520,43,87,74338,133216,0.999487
125.2,555000,681440,48,77,76864,133216,0.989651
125.3,630000,631880,49,86,76864,133216,0.999998
125.4,600000,638400,52,82,76864,133216,0.999039
125.5,615000,633640,51,85,76864,133216,0.999777
125.6,615000,633280,48,83,76864,133216,0.999786
125.7,600000,648640,50,85,76864,133216,0.998485
125.8,630000,616880,51,87,76864,133216,0.999889
125.9,600000,653400,52,84,79760,133216,0.998188
126,630000,616880,46,84,76864,133216,0.999889
126.1,570000,681440,51,80,76864,133216,0.992133
126.2,630000,612120,50,85,76864,133216,0.999793
126.3,615000,638400,51,83,76864,133216,0.999652
126.4,615000,631880,53,84,79760,133216,0.999817
126.5,630000,616880,46,86,76864,133216,0.999889
126.6,570000,676680,51,83,76864,133216,0.992731
126.7,630000,611760,49,85,75161,133216,0.999784
126.8,585000,665040,49,81,75161,133216,0.995917
126.9,615000,643520,46,83,75161,133216,0.999487
127,585000,653400,48,80,75161,133216,0.996959
127.1,615000,643520,48,84,75161,133216,0.999487
127.2,600000,638400,50,84,74754,133216,0.999039
127.3,615000,628520,51,85,77650,133216,0.999882
127.4,615000,638400,44,85,74754,133216,0.999652
127.5,570000,686560,48,81,74754,133216,0.991469
127.6,630000,611760,47,85,74754,133216,0.999784
127.7,585000,670160,48,83,74754,133216,0.995418
127.8,600000,638400,48,83,74754,133216,0.999039
127.9,600000,643520,46,83,74754,133216,0.998777
128,600000,659920,48,85,74079,133216,0.997743
128.1,600000,643520,49,83,74079,133216,0.998777
128.2,615000,638400,49,83,76975,133216,0.999652
128.3,615000,631880,43,84,74079,133216,0.999817
128.4,555000,693080,48,79,74079,133216,0.987908
128.5,615000,622000,48,85,74079,133216,0.999968
128.6,600000,659920,49,81,74079,133216,0.997743
128.7,615000,622000,51,85,76975,133216,0.999968
128.8,615000,643520,43,85,74079,133216,0.999487
128.9,555000,681440,48,83,74079,133216,0.989651
129,630000,631880,47,84,73969,133216,0.999998
129.1,585000,650040,48,83,73969,133216,0.997234
129.2,615000,643520,46,85,73969,133216,0.999487
129.3,570000,674920,47,78,73978,133216,0.992947
129.4,615000,628520,47,85,73978,133216,0.999882
129.5,600000,653400,49,82,73978,133216,0.998188
129.6,600000,643520,51,84,76874,133216,0.998777
129.7,630000,623400,43,85,74719,133216,0.999972
129.8,555000,686560,48,81,74719,133216,0.988896
129.9,615000,638400,48,83,74719,133216,0.999652
130,600000,643520,49,83,74719,133216,0.998777
130.1,615000,638400,48,83,74719,133216,0.999652
130.2,585000,665040,46,81,74719,133216,0.995917
130.3,600000,643520,48,85,74719,133216,0.998777
130.4,615000,638400,48,85,74719,133216,0.999652
130.5,600000,643520,50,85,77615,133216,0.998777
130.6,615000,638400,43,83,74719,133216,0.999652
130.7,555000,691680,48,79,74719,133216,0.988123
130.8,630000,611760,48,85,74719,133216,0.999784
130.9,585000,670160,50,81,74719,133216,0.995418
131,615000,626760,51,84,76940,133216,0.99991
131.1,615000,628520,44,85,74044,133216,0.999882
131.2,570000,681440,47,83,74044,133216,0.992133
131.3,615000,642120,48,84,74044,133216,0.999535
131.4,585000,654800,49,82,74044,133216,0.99684
131.5,615000,628520,46,85,74044,133216,0.999882
131.6,570000,686560,47,79,74327,133216,0.991469
131.7,615000,637000,48,84,74327,133216,0.999691
131.8,600000,644920,50,81,74327,133216,0.9987
131.9,615000,631880,51,84,77223,133216,0.999817
132,615000,628520,43,85,74327,133216,0.999882
132.1,570000,686560,47,81,74327,133216,0.991469
132.2,615000,631880,48,86,74327,133216,0.999817
132.3,600000,650040,48,83,74327,133216,0.9984
132.4,600000,643520,48,85,74327,133216,0.998777
132.5,600000,638400,45,83,74327,133216,0.999039
132.6,585000,674920,48,84,74327,133216,0.994932
132.7,615000,633640,49,85,74327,133216,0.999777
132.8,600000,648280,50,84,77223,133216,0.998506
132.9,615000,623400,42,85,73794,133216,0.999954
133,555000,691680,47,79,73794,133216,0.988123
133.1,615000,638400,47,83,73794,133216,0.999652
133.2,585000,670160,49,81,74804,133216,0.995418
133.3,615000,626760,51,84,77700,133216,0.99991
133.4,615000,628520,44,85,74804,133216,0.999882
133.5,570000,681440,48,83,74804,133216,0.992133
133.6,615000,627120,49,85,74804,133216,0.999905
133.7,600000,654800,48,83,74804,133216,0.998096
133.8,600000,643520,47,83,74804,133216,0.998777
133.9,585000,665040,47,79,74804,133216,0.995917
134,615000,638400,48,85,74804,133216,0.999652
134.1,600000,643520,50,83,74804,133216,0.998777
134.2,615000,638400,50,85,77700,133216,0.999652
134.3,615000,631880,43,84,74804,133216,0.999817
134.4,555000,686560,48,80,74804,133216,0.988896
134.5,630000,628520,48,85,74804,133216,0.999999
134.6,585000,653400,49,82,74129,133216,0.996959
134.7,630000,628520,48,85,74129,133216,0.999999
134.8,585000,653400,20,84,5792,133216,0.996959
134.9,225000,1.01996e+06,9,53,5792,133216,0.71036
135,75000,890480,12,67,5792,133216,0.583631
135.1,105000,938640,17,69,73016,133216,0.610481
135.2,420000,799280,31,75,73016,133216,0.911773
135.3,540000,708080,42,83,75912,133216,0.982187
135.4,585000,665040,40,83,73016,133216,0.995917
135.5,540000,708080,45,81,73016,133216,0.982187
135.6,615000,631880,46,84,73016,133216,0.999817
135.7,585000,671560,47,83,73744,133216,0.995277
135.8,600000,643520,46,83,73744,133216,0.998777
135.9,585000,665040,46,79,73744,133216,0.995917
136,600000,643520,47,85,73744,133216,0.998777
136.1,600000,654800,49,81,73744,133216,0.998096
136.2,600000,643520,51,83,76640,133216,0.998777
136.3,630000,622000,42,85,73744,133216,0.999959
136.4,555000,686560,47,83,73744,133216,0.988896
136.5,615000,638400,47,85,73744,133216,0.999652
136.6,585000,665040,48,81,73744,133216,0.995917
136.7,600000,638400,48,83,73744,133216,0.999039
136.8,600000,658520,45,82,73744,133216,0.997843
136.9,585000,650040,48,85,72969,133216,0.997234
137,615000,638400,48,85,72969,133216,0.999652
137.1,585000,659920,50,83,75865,133216,0.996391
137.2,630000,622000,42,85,72969,133216,0.999959
137.3,540000,708080,48,77,72969,133216,0.982187
137.4,630000,616880,46,85,72250,133216,0.999889
137.5,585000,665040,48,81,73346,133216,0.995917
137.6,615000,638400,49,83,76242,133216,0.999652
137.7,600000,643520,43,83,73450,133216,0.998777
137.8,555000,691680,48,83,73450,133216,0.988123
137.9,630000,616880,47,85,73450,133216,0.999889
138,585000,669800,47,82,73450,133216,0.995454
138.1,615000,628520,44,85,73450,133216,0.999882
138.2,555000,686560,47,79,73450,133216,0.988896
138.3,615000,643520,47,83,73450,133216,0.999487
138.4,600000,638400,48,83,73450,133216,0.999039
138.5,600000,658520,50,84,76346,133216,0.997843
138.6,615000,623400,43,85,73450,133216,0.999954
138.7,570000,686560,47,83,73450,133216,0.991469
138.8,600000,638400,48,85,73450,133216,0.999039
138.9,585000,665040,48,81,73450,133216,0.995917
139,615000,643520,47,83,72788,133216,0.999487
139.1,585000,659920,45,79,72788,133216,0.996391
139.2,600000,643520,47,85,72788,133216,0.998777
139.3,600000,653400,48,82,73457,133216,0.998188
139.4,600000,643520,50,84,76353,133216,0.998777
139.5,630000,623400,41,85,73457,133216,0.999972
139.6,540000,701560,47,80,73457,133216,0.983349
139.7,615000,633640,47,85,73457,133216,0.999777
139.8,585000,659920,48,83,73457,133216,0.996391
139.9,615000,638400,48,83,73457,133216,0.999652
140,585000,665040,46,81,73457,133216,0.995917
140.1,585000,653400,48,84,73457,133216,0.996959
140.2,630000,628520,47,83,73457,133216,0.999999
140.3,585000,665040,49,83,76353,133216,0.995917
140.4,630000,616880,42,85,73457,133216,0.999889
140.5,540000,708080,47,79,73457,133216,0.982187
140.6,630000,616880,46,85,73235,133216,0.999889
140.7,585000,665040,48,81,73235,133216,0.995917
140.8,600000,638400,48,83,73235,133216,0.999039
140.9,600000,658520,45,82,73235,133216,0.997843
141,570000,671560,48,83,73235,133216,0.993353
141.1,630000,616880,47,83,72762,133216,0.999889
141.2,585000,665040,49,83,75658,133216,0.995917
141.3,615000,631880,43,84,72762,133216,0.999817
141.4,555000,693080,46,79,72762,133216,0.987908
141.5,600000,643520,48,83,72762,133216,0.998777
141.6,600000,653400,49,82,73346,133216,0.998188
141.7,615000,628520,50,85,76242,133216,0.999882
141.8,615000,638400,43,85,73346,133216,0.999652
141.9,555000,691680,48,83,73346,133216,0.988123
142,630000,611760,47,87,73346,133216,0.999784
142.1,585000,670160,47,83,73346,133216,0.995418
142.2,600000,653400,45,84,73346,133216,0.998188
142.3,570000,671560,47,79,73346,133216,0.993353
142.4,615000,638400,47,83,73346,133216,0.999652
142.5,600000,643520,48,83,73346,133216,0.998777
142.6,600000,653400,50,84,76242,133216,0.998188
142.7,615000,623400,43,85,73346,133216,0.999954
142.8,555000,691680,48,81,73346,133216,0.988123
142.9,615000,638400,48,85,73346,133216,0.999652
143,585000,659920,48,81,72473,133216,0.996391
143.1,615000,637000,46,84,72473,133216,0.999691
143.2,570000,671560,46,79,72473,133216,0.993353
143.3,600000,659920,47,83,72473,133216,0.997743
143.4,600000,643520,49,81,74324,133216,0.998777
143.5,600000,638400,51,83,77220,133216,0.999039
143.6,630000,622000,43,85,74324,133216,0.999959
143.7,570000,686560,48,81,74324,133216,0.991469
143.8,630000,616880,47,85,74324,133216,0.999889
143.9,585000,665040,49,83,74324,133216,0.995917
144,600000,643520,49,83,74324,133216,0.998777
144.1,600000,653400,46,82,74324,133216,0.998188
144.2,600000,644920,48,83,74324,133216,0.9987
144.3,600000,638400,50,83,74324,133216,0.999039
144.4,615000,643520,49,83,77220,133216,0.999487
144.5,615000,622000,44,85,74324,133216,0.999968
144.6,555000,696440,49,80,74324,133216,0.987387
144.7,630000,628520,47,85,73005,133216,0.999999
144.8,585000,659920,48,81,73196,133216,0.996391
144.9,600000,643520,51,83,76092,133216,0.998777
145,630000,616880,43,85,73196,133216,0.999889
145.1,555000,691680,44,83,5792,133216,0.988123
145.2,525000,729600,9,77,5792,133216,0.974094
145.3,60000,1.02472e+06,13,65,5792,133216,0.558353
145.4,120000,1.00832e+06,13,51,5792,133216,0.617348
145.5,210000,771240,24,80,73346,133216,0.753494
145.6,450000,799280,36,74,73346,133216,0.927499
145.7,600000,650040,41,83,73346,133216,0.9984
145.8,540000,708080,44,77,73346,133216,0.982187
145.9,600000,643520,46,83,73346,133216,0.998777
146,585000,665040,49,81,73346,133216,0.995917
146.1,615000,638400,50,83,76242,133216,0.999652
146.2,630000,616880,41,85,73292,133216,0.999889
146.3,540000,701560,47,82,73305,133216,0.983349
146.4,615000,628520,48,85,73305,133216,0.999882
146.5,585000,665040,48,81,73305,133216,0.995917
146.6,600000,643520,48,83,73305,133216,0.998777
146.7,600000,653400,46,82,73305,133216,0.998188
146.8,585000,671560,48,83,73305,133216,0.995277
146.9,615000,626760,48,82,73305,133216,0.99991
147,600000,655160,49,85,76201,133216,0.998072
147.1,630000,611760,41,85,73305,133216,0.999784
147.2,525000,718320,48,79,73305,133216,0.976395
147.3,645000,611760,46,85,73305,133216,0.999301
147.4,570000,670160,49,81,73528,133216,0.993519
147.5,615000,638400,47,83,73528,133216,0.999652
147.6,585000,659920,45,83,73528,133216,0.996391
147.7,585000,665040,47,83,73528,133216,0.995917
147.8,615000,638400,48,83,73528,133216,0.999652
147.9,585000,658520,49,84,76424,133216,0.996517
148,630000,623400,43,83,73528,133216,0.999972
148.1,540000,708080,48,77,73528,133216,0.982187
148.2,615000,622000,48,85,73528,133216,0.999968
148.3,600000,658520,49,82,73528,133216,0.997843
148.4,600000,638400,51,84,76424,133216,0.999039
148.5,615000,628520,44,85,73528,133216,0.999882
148.6,570000,681440,48,83,73306,133216,0.992133
148.7,615000,643520,48,85,73306,133216,0.999487
148.8,600000,638400,47,83,73306,133216,0.999039
148.9,600000,658520,45,84,73306,133216,0.997843
149,570000,671560,46,79,73306,133216,0.993353
149.1,600000,643520,48,83,73306,133216,0.998777
149.2,600000,654800,49,81,73306,133216,0.998096
149.3,600000,643520,51,83,76202,133216,0.998777
149.4,630000,622000,43,85,73306,133216,0.999959
149.5,555000,686560,47,83,73306,133216,0.988896
149.6,615000,638400,47,85,72536,133216,0.999652
149.7,585000,665040,48,81,73118,133216,0.995917
149.8,615000,631880,46,84,73118,133216,0.999817
149.9,570000,671560,46,79,73118,133216,0.993353
150,600000,659920,48,83,73118,133216,0.997743
150.1,615000,622000,48,83,73118,133216,0.999968
150.2,585000,659920,51,83,76014,133216,0.996391
150.3,630000,622000,42,85,73118,133216,0.999959
150.4,540000,708080,48,79,73118,133216,0.982187
150.5,630000,616880,47,85,73118,133216,0.999889
150.6,585000,665040,48,83,73118,133216,0.995917
150.7,615000,638400,46,83,73118,133216,0.999652
150.8,570000,670160,46,81,73118,133216,0.993519
150.9,600000,654800,47,83,73118,133216,0.998096
151,600000,643520,48,83,73341,133216,0.998777
151.1,600000,653400,50,84,76237,133216,0.998188
151.2,630000,612120,42,87,73341,133216,0.999793
151.3,540000,717960,47,78,73341,133216,0.98038
151.4,615000,628520,48,85,73341,133216,0.999882
151.5,600000,638400,48,83,73341,133216,0.999039
151.6,600000,658520,50,82,73341,133216,0.997843
151.7,615000,623400,44,85,73341,133216,0.999954
151.8,570000,686560,47,83,73341,133216,0.991469
151.9,615000,638400,47,83,73341,133216,0.999652
152,585000,648640,48,85,76237,133216,0.997346
152.1,615000,633280,44,83,73341,133216,0.999786
152.2,570000,686560,46,79,73341,133216,0.991469
152.3,600000,643520,47,83,72346,133216,0.998777
152.4,585000,665040,49,81,73346,133216,0.995917
152.5,615000,631880,50,84,76242,133216,0.999817
152.6,615000,638400,43,84,73895,133216,0.999652
152.7,555000,686560,48,82,73895,133216,0.988896
152.8,630000,623400,48,85,73895,133216,0.999972
152.9,585000,658520,49,84,73895,133216,0.996517
153,615000,638400,47,82,73895,133216,0.999652
153.1,585000,655160,47,81,73895,133216,0.99681
153.2,600000,659920,49,83,73895,133216,0.997743
153.3,615000,622000,50,85,73895,133216,0.999968
153.4,615000,638400,50,85,76791,133216,0.999652
153.5,615000,638400,44,85,73895,133216,0.999652
153.6,555000,691680,49,79,73895,133216,0.988123
153.7,630000,611760,48,85,73895,133216,0.999784
153.8,585000,670160,49,81,73895,133216,0.995418
153.9,615000,626760,48,82,72744,133216,0.99991
154,600000,655160,45,83,73145,133216,0.998072
154.1,570000,665040,48,83,73145,133216,0.994113
154.2,615000,633280,48,83,73145,133216,0.999786
154.3,600000,648640,49,83,76041,133216,0.998485
154.4,615000,633280,43,85,73145,133216,0.999786
154.5,555000,701560,47,78,73145,133216,0.986579
154.6,615000,628520,47,85,73145,133216,0.999882
154.7,585000,665040,49,81,73145,133216,0.995917
154.8,615000,631880,49,84,73145,133216,0.999817
154.9,600000,650040,45,83,73145,133216,0.9984
155,585000,659920,47,83,73145,133216,0.996391
155.1,615000,638400,47,85,73145,133216,0.999652
155.2,585000,658520,49,84,76041,133216,0.996517
155.3,615000,638400,43,84,73118,133216,0.999652
155.4,555000,691680,47,80,73118,133216,0.988123
155.5,615000,623400,23,85,5792,133216,0.999954
155.6,240000,1.00832e+06,11,51,5792,133216,0.725258
155.7,90000,890480,13,71,5792,133216,0.600047
155.8,120000,938640,14,67,72473,133216,0.625789
155.9,390000,777760,35,75,72473,133216,0.90069
156,525000,713200,35,81,72473,133216,0.977419
156.1,540000,708080,41,81,72473,133216,0.982187
156.2,570000,681440,44,83,72473,133216,0.992133
156.3,585000,670160,47,83,75369,133216,0.995418
156.4,615000,626760,43,84,72473,133216,0.99991
156.5,540000,703320,48,77,73895,133216,0.983038
156.6,630000,626760,48,84,73895,133216,0.999993
156.7,600000,643520,49,82,73895,133216,0.998777
156.8,615000,638400,50,84,73895,133216,0.999652
156.9,615000,623400,44,85,73895,133216,0.999954
157,570000,686560,48,83,73895,133216,0.991469
157.1,630000,622000,48,85,73895,133216,0.999959
157.2,585000,659920,49,83,76791,133216,0.996391
157.3,615000,637000,45,84,73895,133216,0.999691
157.4,570000,671560,48,79,73895,133216,0.993353
157.5,615000,638400,48,83,73895,133216,0.999652
157.6,600000,643520,49,83,73895,133216,0.998777
157.7,615000,638400,51,83,76791,133216,0.999652
157.8,630000,616880,43,85,73175,133216,0.999889
157.9,555000,686560,47,83,73175,133216,0.988896
158,615000,637000,47,84,73175,133216,0.999691
158.1,585000,659920,47,82,73175,133216,0.996391
158.2,615000,628520,45,85,73175,133216,0.999882
158.3,570000,681440,46,79,73175,133216,0.992133
158.4,600000,643520,47,85,73175,133216,0.998777
158.5,600000,653400,49,82,73118,133216,0.998188
158.6,600000,650040,50,83,76014,133216,0.9984
158.7,630000,616880,42,85,73118,133216,0.999889
158.8,540000,713200,48,81,73118,133216,0.981257
158.9,630000,616880,47,83,73118,133216,0.999889
159,585000,665040,47,81,73118,133216,0.995917
159.1,600000,643520,47,83,73118,133216,0.998777
159.2,585000,665040,46,81,73118,133216,0.995917
159.3,600000,648280,47,84,73118,133216,0.998506
159.4,600000,650040,49,83,73118,133216,0.9984
159.5,600000,643520,50,83,76014,133216,0.998777
159.6,630000,611760,42,85,73118,133216,0.999784
159.7,540000,718320,48,79,73118,133216,0.980313
159.8,630000,611760,47,85,73118,133216,0.999784
159.9,585000,670160,48,83,72459,133216,0.995418
160,600000,638400,48,83,72459,133216,0.999039
160.1,585000,659920,46,81,72459,133216,0.996391
160.2,585000,665040,48,83,72459,133216,0.995917
160.3,615000,643520,48,83,73346,133216,0.999487
160.4,600000,638400,50,83,76242,133216,0.999039
160.5,630000,616880,42,87,73346,133216,0.999889
160.6,540000,713200,48,79,73346,133216,0.981257
160.7,630000,611760,47,85,73346,133216,0.999784
160.8,585000,670160,48,81,73346,133216,0.995418
160.9,600000,653400,47,84,73346,133216,0.998188
161,600000,644920,45,81,73346,133216,0.9987
161.1,585000,665040,47,83,73346,133216,0.995917
161.2,600000,643520,49,83,73346,133216,0.998777
161.3,615000,638400,49,85,76242,133216,0.999652
161.4,600000,643520,42,85,73346,133216,0.998777
161.5,555000,686560,47,79,73346,133216,0.988896
161.6,630000,616880,47,85,73346,133216,0.999889
161.7,570000,681440,49,79,73346,133216,0.992133
161.8,615000,643520,47,81,73346,133216,0.999487
161.9,600000,638400,45,81,73346,133216,0.999039
162,585000,670160,47,85,73346,133216,0.995418
162.1,600000,638400,48,83,72759,133216,0.999039
162.2,600000,658520,50,84,75655,133216,0.997843
162.3,615000,623400,42,85,72759,133216,0.999954
162.4,555000,691680,47,81,72759,133216,0.988123
162.5,615000,638400,47,85,72759,133216,0.999652
162.6,585000,659920,50,81,74561,133216,0.996391
162.7,615000,638400,52,83,77457,133216,0.999652
162.8,630000,622000,43,85,74561,133216,0.999959
162.9,555000,686560,48,83,74561,133216,0.988896
163,630000,622000,48,85,74561,133216,0.999959
163.1,585000,659920,49,83,74561,133216,0.996391
163.2,615000,638400,46,83,74561,133216,0.999652
163.3,585000,665040,47,79,74561,133216,0.995917
163.4,600000,638400,48,85,74561,133216,0.999039
163.5,600000,643520,50,83,74561,133216,0.998777
163.6,615000,638400,51,83,77457,133216,0.999652
163.7,630000,622000,43,85,74561,133216,0.999959
163.8,555000,686560,48,81,74561,133216,0.988896
163.9,630000,616880,47,85,73196,133216,0.999889
164,570000,681440,48,79,73196,133216,0.992133
164.1,615000,642120,46,84,73196,133216,0.999535
164.2,585000,654800,46,80,73196,133216,0.99684
164.3,600000,650040,47,85,73196,133216,0.9984
164.4,600000,643520,49,83,73196,133216,0.998777
164.5,600000,653400,50,84,76092,133216,0.998188
164.6,630000,616880,42,86,73196,133216,0.999889
164.7,555000,698200,47,79,73196,133216,0.987111
164.8,615000,631880,47,84,72969,133216,0.999817
164.9,585000,665040,48,82,72969,133216,0.995917
165,600000,644920,48,83,72969,133216,0.9987
165.1,600000,648640,44,83,72969,133216,0.998485
165.2,570000,681440,48,83,72969,133216,0.992133
165.3,630000,616880,47,83,73576,133216,0.999889
165.4,570000,665040,49,83,76472,133216,0.994113
165.5,630000,631880,43,84,73576,133216,0.999998
165.6,555000,693080,47,79,73576,133216,0.987908
165.7,615000,622000,47,85,73576,133216,0.999968
165.8,600000,659920,46,81,5792,133216,0.997743
165.9,555000,686560,9,79,5792,133216,0.988896
166,60000,1.05136e+06,13,63,5792,133216,0.556884
166.1,120000,980280,12,54,5792,133216,0.620607
166.2,195000,805800,28,79,76472,133216,0.728608
166.3,510000,734720,34,77,79234,133216,0.968435
166.4,540000,708080,43,81,79234,133216,0.982187
166.5,600000,643520,49,83,79234,133216,0.998777
166.6,615000,638400,51,85,79234,133216,0.999652
166.7,630000,616880,51,85,79234,133216,0.999889
166.8,600000,638400,51,83,79234,133216,0.999039
166.9,630000,627120,51,85,79234,133216,0.999995
167,630000,611760,51,87,79234,133216,0.999784
167.1,615000,638400,53,85,82130,133216,0.999652
167.2,630000,622000,47,85,79234,133216,0.999959
167.3,570000,674920,52,80,79234,133216,0.992947
167.4,645000,607000,52,85,79234,133216,0.99908
167.5,615000,622000,52,85,79234,133216,0.999968
167.6,615000,633280,49,85,74899,133216,0.999786
167.7,615000,638400,45,85,74899,133216,0.999652
167.8,570000,670160,49,85,74899,133216,0.993519
167.9,630000,626760,48,84,74899,133216,0.999993
168,585000,655160,49,83,77795,133216,0.99681
168.1,615000,638400,45,83,73835,133216,0.999652
168.2,570000,680040,47,80,73835,133216,0.99231
168.3,615000,638400,47,84,73835,133216,0.999652
168.4,585000,655160,49,81,73835,133216,0.99681
168.5,615000,638400,50,85,76731,133216,0.999652
168.6,615000,626760,44,84,73835,133216,0.99991
168.7,555000,698200,48,81,73835,133216,0.987111
168.8,630000,622000,47,85,72679,133216,0.999959
168.9,585000,659920,48,83,72679,133216,0.996391
169,600000,638400,46,83,72679,133216,0.999039
169.1,585000,665040,46,81,72813,133216,0.995917
169.2,600000,653400,47,84,72813,133216,0.998188
169.3,600000,643520,49,84,73435,133216,0.998777
169.4,600000,650040,50,85,76331,133216,0.9984
169.5,615000,631880,43,84,73435,133216,0.999817
169.6,555000,693080,48,81,73435,133216,0.987908
169.7,630000,616880,47,85,73435,133216,0.999889
169.8,585000,665040,48,81,73435,133216,0.995917
169.9,600000,643520,48,83,73435,133216,0.998777
170,600000,659920,45,83,73435,133216,0.997743
170.1,585000,658520,47,84,73435,133216,0.996517
170.2,615000,638400,48,84,73435,133216,0.999652
170.3,585000,655160,49,83,76331,133216,0.99681
170.4,615000,638400,43,85,73435,133216,0.999652
170.5,570000,681440,47,79,73435,133216,0.992133
170.6,600000,643520,48,83,73435,133216,0.998777
170.7,600000,638400,48,83,72473,133216,0.999039
170.8,600000,658520,50,84,75369,133216,0.997843
170.9,615000,623400,43,85,73895,133216,0.999954
171,555000,706680,48,82,73895,133216,0.985753
171.1,630000,611760,48,86,73895,133216,0.999784
171.2,585000,655160,49,85,73895,133216,0.99681
171.3,615000,638400,47,83,73895,133216,0.999652
171.4,585000,659920,48,81,73895,133216,0.996391
171.5,615000,638400,48,85,73895,133216,0.999652
171.6,600000,643520,50,83,73895,133216,0.998777
171.7,615000,638400,50,85,76791,133216,0.999652
171.8,615000,627120,43,87,73895,133216,0.999905
171.9,555000,702960,49,81,73895,133216,0.986355
172,630000,610360,48,86,73895,133216,0.999749
172.1,585000,671560,49,81,73895,133216,0.995277
172.2,615000,631880,48,84,73895,133216,0.999817
172.3,600000,650040,46,81,72969,133216,0.9984
172.4,585000,653400,48,84,72969,133216,0.996959
172.5,615000,628520,48,85,72969,133216,0.999882
172.6,585000,665040,50,83,75865,133216,0.995917
172.7,630000,616880,42,85,72969,133216,0.999889
172.8,540000,708080,48,79,72969,133216,0.982187
172.9,630000,631880,47,84,72969,133216,0.999998
173,585000,650040,48,83,72969,133216,0.997234
173.1,615000,643520,47,85,72969,133216,0.999487
173.2,585000,659920,45,83,72969,133216,0.996391
173.3,585000,658520,48,84,72969,133216,0.996517
173.4,615000,638400,48,84,72763,133216,0.999652
173.5,585000,655160,48,83,75659,133216,0.99681
173.6,615000,638400,44,83,72763,133216,0.999652
173.7,555000,686560,47,79,72763,133216,0.988896
173.8,615000,638400,48,83,72763,133216,0.999652
173.9,600000,643520,48,83,73432,133216,0.998777
174,600000,659920,50,83,76328,133216,0.997743
174.1,630000,616880,42,85,73432,133216,0.999889
174.2,540000,708080,47,79,73432,133216,0.982187
174.3,615000,622000,48,85,73432,133216,0.999968
174.4,600000,659920,48,83,73432,133216,0.997743
174.5,600000,648640,46,83,73432,133216,0.998485
174.6,585000,659920,46,79,73432,133216,0.996391
174.7,600000,638400,48,85,73432,133216,0.999039
174.8,600000,658520,49,82,73432,133216,0.997843
174.9,600000,644920,51,83,76328,133216,0.9987
175,630000,622000,42,85,73432,133216,0.999959
175.1,555000,686560,47,81,73432,133216,0.988896
175.2,615000,631880,47,86,73210,133216,0.999817
175.3,585000,666440,48,81,73210,133216,0.995783
175.4,600000,643520,47,83,73210,133216,0.998777
175.5,585000,665040,46,81,73210,133216,0.995917
175.6,585000,665040,48,83,73210,133216,0.995917
175.7,615000,638400,49,83,73433,133216,0.999652
175.8,600000,643520,49,83,76329,133216,0.998777
175.9,630000,616880,42,85,73433,133216,0.999889
176,540000,708080,48,79,73433,133216,0.982187
176.1,615000,638400,48,83,73433,133216,0.999652
176.2,600000,643520,48,81,73433,133216,0.998777
176.3,615000,638400,9,83,5792,133216,0.999652
176.4,60000,1.09952e+06,13,59,5792,133216,0.554407
176.5,120000,922240,9,61,5792,133216,0.627952
176.6,135000,857320,22,80,74659,133216,0.653657
176.7,435000,810920,35,73,73454,133216,0.916561
176.8,570000,674920,43,82,73454,133216,0.992947
176.9,570000,686560,41,80,73454,133216,0.991469
177,570000,671560,45,83,73454,133216,0.993353
177.1,600000,643520,46,83,73454,133216,0.998777
177.2,585000,665040,49,83,76136,133216,0.995917
177.3,615000,631880,43,86,73603,133216,0.999817
177.4,555000,693080,47,79,74677,133216,0.987908
177.5,615000,638400,48,85,74677,133216,0.999652
177.6,600000,643520,49,83,74677,133216,0.998777
177.7,615000,638400,51,85,77573,133216,0.999652
177.8,615000,631880,44,84,74677,133216,0.999817
177.9,555000,698200,49,81,74677,133216,0.987111
178,630000,616880,48,83,74677,133216,0.999889
178.1,600000,638400,48,83,74677,133216,0.999039
178.2,615000,643520,45,85,74677,133216,0.999487
178.3,570000,665040,47,81,74677,133216,0.994113
178.4,600000,659920,49,83,74677,133216,0.997743
178.5,600000,638400,50,81,74677,133216,0.999039
178.6,615000,643520,51,83,77573,133216,0.999487
178.7,615000,622000,44,85,74020,133216,0.999968
178.8,570000,686560,47,81,74020,133216,0.991469
178.9,615000,626760,48,86,74020,133216,0.99991
179,585000,670160,49,82,74020,133216,0.995418
179.1,615000,623400,48,85,74020,133216,0.999954
179.2,585000,665040,46,81,74477,133216,0.995917
179.3,600000,653400,48,84,74477,133216,0.998188
179.4,615000,638400,49,84,74477,133216,0.999652
179.5,600000,643520,50,84,77373,133216,0.998777
179.6,615000,623400,44,85,74477,133216,0.999954
179.7,570000,686560,47,79,74477,133216,0.991469
179.8,615000,637000,48,84,74477,133216,0.999691
179.9,600000,644920,49,83,74477,133216,0.9987
180,600000,648640,51,83,77373,133216,0.998485
180.1,630000,616880,44,85,74477,133216,0.999889
180.2,555000,696440,48,82,74477,133216,0.987387
180.3,630000,616880,48,84,74477,133216,0.999889
180.4,585000,665040,49,82,74477,133216,0.995917
180.5,615000,628520,46,85,73962,133216,0.999882
180.6,585000,659920,46,81,73962,133216,0.996391
180.7,600000,643520,48,85,73962,133216,0.998777
180.8,600000,653400,49,82,73962,133216,0.998188
180.9,615000,628520,51,85,76858,133216,0.999882
181,615000,638400,43,85,74593,133216,0.999652
181.1,555000,686560,48,81,74593,133216,0.988896
181.2,630000,622000,48,85,74593,133216,0.999959
181.3,585000,665040,49,83,74593,133216,0.995917
181.4,615000,633280,48,83,74593,133216,0.999786
181.5,600000,648640,45,83,74593,133216,0.998485
181.6,585000,659920,48,85,74593,133216,0.996391
181.7,615000,638400,49,85,74593,133216,0.999652
181.8,600000,643520,50,85,77489,133216,0.998777
181.9,630000,626760,42,86,74593,133216,0.999993
182,540000,703320,48,79,74593,133216,0.983038
182.1,630000,611760,48,85,74593,133216,0.999784
182.2,600000,658520,49,82,74593,133216,0.997843
182.3,615000,623400,49,85,74593,133216,0.999954
182.4,600000,658520,44,84,73919,133216,0.997843
182.5,570000,666440,48,83,73919,133216,0.993953
182.6,630000,627120,47,85,73919,133216,0.999995
182.7,585000,654800,49,83,76815,133216,0.99684
182.8,615000,643520,45,83,73919,133216,0.999487
182.9,570000,665040,47,81,74845,133216,0.994113
183,600000,659920,49,83,74845,133216,0.997743
183.1,600000,643520,50,81,74845,133216,0.998777
183.2,615000,638400,51,83,77741,133216,0.999652
183.3,615000,622000,44,85,74845,133216,0.999968
183.4,570000,686560,48,81,74845,133216,0.991469
183.5,630000,616880,48,85,74845,133216,0.999889
183.6,585000,665040,49,81,74845,133216,0.995917
183.7,615000,631880,47,84,74845,133216,0.999817
183.8,585000,666440,47,79,74845,133216,0.995783
183.9,600000,643520,48,85,74845,133216,0.998777
184,615000,638400,49,83,74845,133216,0.999652
184.1,600000,643520,51,85,77741,133216,0.998777
184.2,630000,622000,42,85,74169,133216,0.999959
184.3,555000,686560,47,81,74169,133216,0.988896
184.4,615000,638400,48,85,74169,133216,0.999652
184.5,585000,665040,49,81,74169,133216,0.995917
184.6,615000,631880,50,84,74169,133216,0.999817
184.7,615000,623400,44,85,74169,133216,0.999954
184.8,570000,680040,48,82,74101,133216,0.99231
184.9,630000,623400,47,85,74101,133216,0.999972
185,585000,658520,49,82,76997,133216,0.996517
185.1,615000,638400,45,84,74101,133216,0.999652
185.2,570000,671560,48,79,74483,133216,0.993353
185.3,600000,648640,49,83,74483,133216,0.998485
185.4,615000,633280,49,81,74483,133216,0.999786
185.5,615000,638400,50,83,77379,133216,0.999652
185.6,615000,627120,43,85,74483,133216,0.999905
185.7,555000,702960,48,81,74483,133216,0.986355
185.8,630000,610360,48,86,74483,133216,0.999749
185.9,585000,665040,49,82,74483,133216,0.995917
186,615000,628520,47,85,74483,133216,0.999882
186.1,585000,659920,46,81,74483,133216,0.996391
186.2,600000,658520,48,84,74483,133216,0.997843
186.3,615000,623400,49,85,74483,133216,0.999954
186.4,600000,653400,51,84,77020,133216,0.998188
186.5,630000,622000,42,86,74124,133216,0.999959
186.6,540000,698200,48,79,74124,133216,0.983938
186.7,615000,633280,12,83,5792,133216,0.999786
186.8,105000,1.11452e+06,11,54,5792,133216,0.593382
186.9,120000,880600,9,61,5792,133216,0.633786
187,105000,868960,22,79,72907,133216,0.619095
187.1,435000,814280,34,74,72907,133216,0.915606
187.2,570000,686560,38,82,75651,133216,0.991469
187.3,555000,686560,43,82,72755,133216,0.988896
187.4,570000,671560,46,81,72755,133216,0.993353
187.5,600000,658520,47,82,72531,133216,0.997843
187.6,600000,650040,48,83,72531,133216,0.9984
187.7,600000,638400,50,83,75427,133216,0.999039
187.8,615000,643520,43,85,72531,133216,0.999487
187.9,555000,681440,47,83,72531,133216,0.989651
188,630000,616880,47,85,72531,133216,0.999889
188.1,585000,665040,48,83,76472,133216,0.995917
188.2,615000,643520,43,83,73576,133216,0.999487
188.3,555000,686560,47,79,73576,133216,0.988896
188.4,600000,643520,48,83,73576,133216,0.998777
188.5,600000,653400,48,82,73576,133216,0.998188
188.6,600000,644920,51,83,76472,133216,0.9987
188.7,630000,622000,44,85,73576,133216,0.999959
188.8,555000,686560,48,83,73576,133216,0.988896
188.9,615000,638400,48,83,73576,133216,0.999652
189,600000,643520,48,85,76472,133216,0.998777
189.1,615000,638400,44,85,73576,133216,0.999652
189.2,555000,691680,48,79,73576,133216,0.988123
189.3,615000,638400,48,85,73576,133216,0.999652
189.4,600000,643520,48,83,72478,133216,0.998777
189.5,600000,653400,51,84,75374,133216,0.998188
189.6,615000,623400,42,85,72478,133216,0.999954
189.7,555000,701560,47,82,72478,133216,0.986579
189.8,615000,623400,47,85,72478,133216,0.999954
189.9,585000,665040,49,83,74089,133216,0.995917
190,615000,638400,46,83,74089,133216,0.999652
190.1,570000,670160,49,79,74089,133216,0.993519
190.2,630000,626760,48,86,74089,133216,0.999993
190.3,600000,643520,49,84,74089,133216,0.998777
190.4,615000,638400,51,86,76985,133216,0.999652
190.5,615000,628520,44,85,74089,133216,0.999882
190.6,570000,681440,48,81,74089,133216,0.992133
190.7,615000,627120,48,85,74089,133216,0.999905
190.8,600000,654800,48,83,74089,133216,0.998096
190.9,600000,643520,48,83,74089,133216,0.998777
191,600000,653400,47,82,74089,133216,0.998188
191.1,600000,643520,48,86,74089,133216,0.998777
191.2,600000,650040,48,83,72906,133216,0.9984
191.3,615000,638400,49,85,75802,133216,0.999652
191.4,630000,616880,41,85,72906,133216,0.999889
191.5,525000,713200,48,79,72906,133216,0.977419
191.6,630000,616880,47,85,72906,133216,0.999889
191.7,585000,665040,48,81,72906,133216,0.995917
191.8,600000,643520,47,85,72906,133216,0.998777
191.9,585000,665040,45,81,72906,133216,0.995917
192,600000,659920,47,83,72607,133216,0.997743
192.1,600000,638400,49,83,74561,133216,0.999039
192.2,615000,643520,50,85,77457,133216,0.999487
192.3,630000,611760,42,87,74561,133216,0.999784
192.4,525000,718320,49,79,74561,133216,0.976395
192.5,645000,611760,48,85,74561,133216,0.999301
192.6,585000,658520,49,82,74561,133216,0.996517
192.7,615000,638400,50,84,74561,133216,0.999652
192.8,615000,628520,44,85,74561,133216,0.999882
192.9,570000,681440,48,83,74561,133216,0.992133
193,615000,627120,49,85,74561,133216,0.999905
193.1,600000,654800,48,83,74561,133216,0.998096
193.2,600000,643520,46,83,74561,133216,0.998777
193.3,585000,665040,48,81,74561,133216,0.995917
193.4,615000,637000,47,84,73196,133216,0.999691
193.5,585000,659920,49,82,73196,133216,0.996391
193.6,615000,623400,50,85,76092,133216,0.999954
193.7,615000,643520,43,83,73196,133216,0.999487
193.8,555000,686560,47,81,73196,133216,0.988896
193.9,630000,616880,47,85,73196,133216,0.999889
194,585000,665040,47,83,73196,133216,0.995917
194.1,600000,643520,46,83,73196,133216,0.998777
194.2,570000,681440,46,79,73196,133216,0.992133
194.3,600000,643520,48,85,73196,133216,0.998777
194.4,615000,638400,48,83,72969,133216,0.999652
194.5,600000,643520,50,85,75865,133216,0.998777
194.6,615000,638400,43,85,72969,133216,0.999652
194.7,555000,691680,47,81,72969,133216,0.988123
194.8,615000,638400,47,85,72969,133216,0.999652
194.9,585000,659920,48,81,73118,133216,0.996391
195,615000,638400,47,83,73118,133216,0.999652
195.1,585000,665040,45,81,73118,133216,0.995917
195.2,600000,643520,47,85,73118,133216,0.998777
195.3,600000,638400,48,83,73118,133216,0.999039
195.4,600000,658520,50,84,76014,133216,0.997843
195.5,615000,623400,42,85,73118,133216,0.999954
195.6,540000,708080,48,79,73118,133216,0.982187
195.7,630000,622000,47,85,73118,133216,0.999959
195.8,585000,659920,49,81,73118,133216,0.996391
195.9,600000,648640,49,83,73118,133216,0.998485
196,600000,659920,45,83,73118,133216,0.997743
196.1,585000,659920,47,83,73118,133216,0.996391
196.2,615000,622000,48,85,73790,133216,0.999968
196.3,600000,659920,47,83,76686,133216,0.997743
196.4,600000,643520,45,83,73790,133216,0.998777
196.5,570000,681440,47,79,73790,133216,0.992133
196.6,615000,627120,47,85,73790,133216,0.999905
196.7,600000,654800,48,83,73790,133216,0.998096
196.8,600000,643520,50,85,76686,133216,0.998777
196.9,615000,638400,44,83,73790,133216,0.999652
197,570000,680040,35,82,5792,133216,0.99231
197.1,390000,847440,13,66,5792,133216,0.879776
197.2,120000,880600,9,77,5792,133216,0.633786
197.3,90000,1.12104e+06,11,55,5792,133216,0.579768
197.4,285000,708080,29,77,75865,133216,0.846382
197.5,510000,734720,34,79,72969,133216,0.968435
197.6,525000,717960,39,78,68528,133216,0.976467
197.7,570000,676680,40,83,68528,133216,0.992731
197.8,555000,696440,42,80,69907,133216,0.987387
197.9,570000,676680,46,83,69907,133216,0.992731
198,585000,665040,42,81,72396,133216,0.995917
198.1,555000,686560,46,83,72396,133216,0.988896
198.2,615000,638400,47,83,72997,133216,0.999652
198.3,585000,665040,50,83,75893,133216,0.995917
198.4,630000,616880,42,85,72997,133216,0.999889
198.5,540000,708080,47,77,73895,133216,0.982187
198.6,630000,622000,48,85,73895,133216,0.999959
198.7,585000,659920,50,81,73895,133216,0.996391
198.8,615000,638400,52,83,76791,133216,0.999652
198.9,615000,622000,45,85,73895,133216,0.999968
199,570000,686560,49,83,73895,133216,0.991469
199.1,630000,622000,48,85,73895,133216,0.999959
199.2,585000,659920,49,83,73895,133216,0.996391
199.3,615000,637000,46,84,73895,133216,0.999691
199.4,570000,666440,48,79,73895,133216,0.993953
199.5,615000,638400,49,83,73895,133216,0.999652
199.6,615000,637000,49,84,73895,133216,0.999691
199.7,600000,644920,52,83,76791,133216,0.9987
199.8,630000,622000,43,85,72996,133216,0.999959
199.9,555000,686560,47,81,72996,133216,0.988896
