Time,NewReno_1_Bps,NewReno_2_Bps,NewReno_1_PktLoss,NewReno_2_PktLoss,NewReno_1_Cwnd,NewReno_2_Cwnd,JainsFairnessIndex
0.4,541080,451080,9,15,31856,31856,0.991839
0.5,630000,615000,33,28,63712,57920,0.999855
0.6,675000,570000,34,36,67259,67073,0.992937
0.7,615000,630000,33,38,67872,67752,0.999855
0.8,645000,600000,37,35,68562,68292,0.998695
0.9,555000,705000,40,32,69162,68952,0.986026
1,690000,555000,39,34,69822,69522,0.988379
1.1,615000,630000,34,40,70347,70231,0.999855
1.2,645000,600000,31,44,70927,70869,0.998695
1.3,525000,720000,45,33,71623,71391,0.976056
1.4,675000,585000,40,36,72203,72000,0.994924
1.5,675000,570000,34,43,72739,72627,0.992937
1.6,600000,645000,40,38,73383,73159,0.998695
1.7,630000,615000,45,35,74027,73691,0.999855
1.8,675000,585000,34,47,74503,74391,0.994924
1.9,540000,705000,40,40,75084,74949,0.982739
2,600000,645000,43,38,75651,75489,0.998695
2.1,675000,570000,38,44,76191,76083,0.992937
2.2,570000,675000,47,37,76812,76596,0.992937
2.3,705000,555000,42,43,77379,77163,0.986026
2.4,600000,645000,38,46,77858,77780,0.998695
2.5,570000,675000,45,40,78430,78274,0.992937
2.6,675000,570000,42,44,78976,78820,0.992937
2.7,630000,630000,48,38,79600,79288,1
2.8,720000,525000,35,54,80042,79938,0.976056
2.9,435000,810000,52,36,80640,80406,0.916822
3,735000,510000,40,48,81091,80991,0.968372
3.1,555000,690000,49,41,81666,81466,0.988379
3.2,735000,525000,40,50,82166,82016,0.972973
3.3,495000,750000,52,40,82716,82516,0.959738
3.4,735000,510000,41,51,83191,83066,0.968372
3.5,555000,690000,50,41,83766,83516,0.988379
3.6,750000,510000,37,56,84203,84107,0.964989
3.7,435000,810000,58,36,84803,84515,0.916822
3.8,750000,495000,42,53,85211,85115,0.959738
3.9,630000,615000,51,45,85811,85499,0.999855
4,570000,675000,45,52,86195,86123,0.992937
4.1,675000,585000,48,47,86771,86531,0.994924
4.2,540000,705000,55,43,87275,87035,0.982739
4.3,765000,480000,40,59,87693,87601,0.950207
4.4,480000,765000,56,42,88245,87992,0.950207
4.5,720000,540000,47,53,88682,88521,0.98
4.6,615000,630000,50,51,89188,88981,0.999855
4.7,480000,765000,60,40,89671,89441,0.950207
4.8,750000,495000,45,56,90062,89993,0.959738
4.9,645000,600000,54,48,90660,90361,0.998695
5,540000,720000,54,48,91074,90913,0.98
5.1,705000,540000,48,57,91518,91408,0.982739
5.2,630000,615000,56,48,92068,91760,0.999855
5.3,525000,720000,55,48,92442,92288,0.976056
5.4,720000,540000,48,57,92882,92772,0.98
5.5,645000,600000,57,49,93454,93124,0.998695
5.6,510000,735000,57,50,93828,93674,0.968372
5.7,705000,540000,49,59,94246,94158,0.982739
5.8,645000,600000,56,53,94796,94532,0.998695
5.9,480000,780000,64,43,95236,94994,0.946352
6,750000,495000,53,56,95639,95492,0.959738
6.1,705000,540000,48,61,96080,95912,0.982739
6.2,480000,765000,60,50,96542,96332,0.950207
6.3,600000,660000,64,46,97004,96752,0.997738
6.4,765000,480000,46,67,97340,97298,0.950207
6.5,630000,615000,52,60,97844,97655,0.999855
6.6,600000,645000,60,51,98348,98012,0.998695
6.7,510000,735000,59,55,98684,98558,0.968372
6.8,735000,525000,50,64,99104,99020,0.972973
6.9,660000,585000,54,61,99608,99398,0.996384
7,510000,735000,63,52,100040,99818,0.968372
7.1,600000,645000,65,52,100460,100240,0.998695
7.2,690000,570000,51,64,100780,100740,0.991011
7.3,645000,600000,54,62,101240,101120,0.998695
7.4,630000,615000,61,56,101720,101460,0.999855
7.5,525000,720000,70,48,102160,101860,0.976056
7.6,615000,630000,69,50,102560,102300,0.999855
7.7,720000,540000,52,69,102860,102840,0.98
7.8,645000,600000,55,65,103320,103200,0.998695
7.9,645000,600000,58,61,103780,103560,0.998695
8,540000,705000,66,54,104220,103960,0.982739
8.1,600000,660000,67,55,104620,104400,0.997738
8.2,630000,615000,61,62,104973,104878,0.999855
8.3,735000,510000,52,70,105353,105277,0.968372
8.4,675000,570000,52,72,105771,105657,0.992937
8.5,585000,660000,61,65,106227,105999,0.996384
8.6,615000,645000,66,58,106664,106341,0.999433
8.7,480000,765000,72,51,107025,106759,0.950207
8.8,630000,615000,71,55,107405,107177,0.999855
8.9,675000,570000,58,67,107709,107652,0.992937
9,690000,570000,56,71,108127,108051,0.991011
9.1,720000,525000,52,74,108545,108412,0.976056
9.2,570000,675000,63,66,109001,108754,0.992937
9.3,570000,675000,69,59,109419,109115,0.992937
9.4,555000,690000,74,55,109818,109514,0.988379
9.5,630000,630000,69,59,110160,109951,1
9.6,570000,675000,69,61,110513,110387,0.992937
9.7,690000,555000,67,64,110909,110747,0.988379
9.8,675000,570000,54,76,111197,111197,0.992937
9.9,630000,630000,59,73,111611,111539,1
10,735000,510000,56,77,112025,111881,0.968372
10.1,585000,660000,50,71,110048,110048,0.996384
10.2,570000,675000,12,37,54300,70200,0.992937
10.3,637480,607480,22,33,54870,54566,0.99942
10.4,570000,690000,31,24,55730,55249,0.991011
10.5,570000,675000,40,17,56581,55952,0.992937
10.6,585000,660000,39,18,57268,56764,0.996384
10.7,630000,615000,36,23,57952,57592,0.999855
10.8,585000,675000,37,23,58661,58381,0.994924
10.9,615000,630000,36,25,59361,59151,0.999855
11,630000,615000,35,27,60057,59886,0.999855
11.1,645000,600000,32,29,60737,60601,0.998695
11.2,645000,600000,34,30,61485,61281,0.998695
11.3,645000,615000,33,31,62184,61986,0.999433
11.4,615000,630000,35,32,62877,62679,0.999855
11.5,600000,645000,35,31,63537,63372,0.998695
11.6,615000,630000,35,32,64177,64049,0.999855
11.7,615000,645000,38,31,64881,64721,0.999433
11.8,615000,630000,42,28,65584,65329,0.999855
11.9,675000,570000,41,28,66266,65925,0.992937
12,630000,615000,44,27,66948,66545,0.999855
12.1,645000,600000,47,26,67661,67134,0.998695
12.2,690000,570000,48,26,68351,67721,0.991011
12.3,705000,540000,37,37,68891,68411,0.982739
12.4,690000,555000,27,46,69431,69101,0.988379
12.5,570000,675000,28,48,69998,69791,0.992937
12.6,555000,705000,27,49,70520,70491,0.986026
12.7,525000,720000,39,40,71187,71042,0.976056
12.8,570000,675000,45,33,71825,71593,0.992937
12.9,660000,585000,50,28,72514,72086,0.996384
13,735000,510000,51,31,73214,72598,0.968372
13.1,750000,510000,35,45,73690,73270,0.964989
13.2,585000,660000,31,52,74166,73970,0.996384
13.3,480000,765000,35,47,74670,74614,0.950207
13.4,510000,735000,48,34,75299,75110,0.968372
13.5,705000,555000,53,32,76001,75569,0.986026
13.6,780000,465000,47,37,76622,76055,0.939836
13.7,705000,540000,33,54,77054,76757,0.982739
13.8,450000,795000,33,53,77459,77459,0.928687
13.9,480000,765000,49,38,78091,77935,0.950207
14,720000,540000,54,33,78767,78325,0.98
14.1,795000,450000,47,41,79365,78819,0.928687
14.2,645000,600000,35,55,79755,79521,0.998695
14.3,435000,810000,42,48,80223,80119,0.916822
14.4,615000,645000,51,39,80865,80561,0.999433
14.5,750000,495000,56,34,81540,80915,0.959738
14.6,750000,495000,36,56,81915,81590,0.959738
14.7,420000,825000,38,55,82290,82265,0.904306
14.8,555000,690000,54,42,82940,82665,0.988379
14.9,795000,465000,57,37,83640,82990,0.935809
15,705000,540000,36,57,83962,83690,0.982739
15.1,405000,840000,44,52,84370,84298,0.891203
15.2,600000,645000,58,39,85018,84658,0.998695
15.3,855000,405000,52,46,85618,85066,0.886878
15.4,570000,675000,38,60,85906,85762,0.992937
15.5,375000,870000,55,42,86410,86242,0.8635
15.6,810000,435000,60,39,87106,86554,0.916822
15.7,795000,450000,41,60,87508,87154,0.928687
15.8,375000,885000,46,55,87853,87784,0.85923
15.9,615000,630000,62,39,88497,88083,0.999855
16,915000,330000,45,58,89003,88543,0.819144
16.1,390000,855000,41,61,89256,89233,0.87758
16.2,570000,690000,58,45,89877,89578,0.991011
16.3,855000,390000,53,50,90475,89923,0.87758
16.4,510000,735000,41,63,90728,90636,0.968372
16.5,480000,765000,60,46,91297,91027,0.950207
16.6,885000,360000,57,51,91913,91341,0.849026
16.7,510000,750000,43,63,92133,92023,0.964989
16.8,480000,765000,59,46,92661,92397,0.950207
16.9,870000,375000,58,50,93277,92705,0.8635
17,510000,735000,44,65,93497,93409,0.968372
17.1,525000,735000,59,50,94047,93783,0.972973
17.2,870000,375000,54,55,94619,94113,0.8635
17.3,435000,810000,45,66,94839,94817,0.916822
17.4,540000,705000,65,45,95449,95103,0.982739
17.5,960000,285000,48,64,95932,95512,0.772829
17.6,315000,945000,51,60,96184,96121,0.8
17.7,660000,585000,67,45,96814,96373,0.996384
17.8,855000,390000,47,67,97192,96877,0.87758
17.9,255000,990000,64,50,97549,97381,0.74155
18,885000,375000,67,47,98200,97612,0.85923
18.1,615000,630000,46,67,98410,98263,0.999855
18.2,465000,780000,62,54,98893,98662,0.939836
18.3,915000,330000,55,60,99460,98956,0.819144
18.4,360000,885000,51,67,99670,99649,0.849026
18.5,660000,600000,70,47,100299,99859,0.997738
18.6,825000,420000,49,70,100639,100359,0.904306
18.7,300000,945000,63,55,100979,100839,0.788396
18.8,930000,315000,64,54,101599,101039,0.803851
18.9,465000,795000,49,70,101759,101719,0.935809
19,570000,675000,71,49,102359,101959,0.992937
19.1,885000,360000,50,71,102739,102419,0.849026
19.2,255000,990000,66,56,103059,102919,0.74155
19.3,975000,270000,65,58,103699,103119,0.757199
19.4,405000,855000,50,71,103819,103819,0.886878
19.5,645000,600000,72,51,104459,104019,0.998695
19.6,795000,450000,51,72,104779,104519,0.928687
19.7,360000,885000,67,57,105162,104953,0.849026
19.8,990000,270000,57,67,105694,105219,0.753846
19.9,255000,990000,63,64,105903,105808,0.74155
20,840000,405000,73,53,106530,105960,0.891203
20.1,555000,690000,52,73,106682,106587,0.988379
20.2,525000,720000,74,53,107214,106853,0.976056
20.3,900000,360000,54,74,107594,107271,0.844828
20.4,285000,960000,69,60,107917,107746,0.772829
20.5,1.02e+06,225000,59,69,108468,107974,0.710353
20.6,225000,1.02e+06,67,63,108677,108563,0.710353
20.7,900000,360000,75,54,109323,108696,0.844828
20.8,480000,765000,55,75,109437,109380,0.950207
20.9,630000,615000,75,54,110026,109570,0.999855
21,750000,495000,56,76,110311,110083,0.959738
21.1,435000,810000,71,62,110710,110458,0.916822
21.2,945000,315000,56,77,111142,110782,0.8
21.3,225000,1.02e+06,69,63,111394,111268,0.710353
21.4,1.02e+06,225000,64,70,111952,111466,0.710353
21.5,210000,1.035e+06,72,62,112150,112006,0.694876
21.6,930000,330000,29,56,54300,112150,0.815157
21.7,394840,840000,2,19,54300,54300,0.884987
21.8,555000,514840,37,21,55212,54566,0.998593
21.9,555000,705000,40,19,55952,55397,0.986026
22,570000,675000,41,18,56655,56211,0.992937
22.1,630000,615000,37,22,57340,57016,0.999855
22.2,675000,570000,31,30,58024,57844,0.992937
22.3,660000,585000,27,36,58731,58626,0.996384
22.4,660000,600000,24,41,59431,59396,0.997738
22.5,630000,615000,22,42,60125,60125,0.999855
22.6,645000,600000,22,42,60839,60805,0.998695
22.7,645000,600000,23,43,61587,61485,0.998695
22.8,645000,615000,23,44,62283,62184,0.999433
22.9,615000,630000,24,45,62976,62877,0.999855
23,600000,645000,24,44,63633,63569,0.998695
23.1,615000,630000,24,45,64273,64241,0.999855
23.2,600000,645000,26,46,64945,64945,0.998695
23.3,600000,660000,31,41,65646,65553,0.997738
23.4,570000,675000,37,34,66328,66142,0.992937
23.5,585000,660000,43,31,67010,66762,0.996384
23.6,615000,630000,48,27,67721,67351,0.999855
23.7,690000,570000,49,27,68411,67931,0.991011
23.8,705000,540000,48,28,69101,68471,0.982739
23.9,690000,555000,43,33,69701,69101,0.988379
24,705000,540000,34,44,70259,69791,0.982739
24.1,615000,630000,29,50,70781,70491,0.999855
24.2,540000,720000,30,51,71303,71187,0.98
24.3,510000,735000,36,44,71883,71796,0.968372
24.4,525000,720000,50,30,72570,72289,0.976056
24.5,720000,525000,52,30,73270,72766,0.976056
24.6,750000,510000,51,32,73942,73270,0.964989
24.7,765000,480000,34,51,74418,73970,0.950207
24.8,510000,735000,32,52,74866,74670,0.968372
24.9,495000,750000,36,49,75353,75299,0.959738
25,510000,735000,54,34,76055,75758,0.968372
25.1,780000,480000,55,32,76757,76163,0.946352
25.2,795000,450000,42,47,77297,76757,0.928687
25.3,570000,675000,34,54,77701,77459,0.992937
25.4,465000,780000,37,50,78143,78091,0.939836
25.5,525000,735000,55,34,78819,78507,0.972973
25.6,795000,450000,56,34,79521,78897,0.928687
25.7,810000,435000,39,53,79989,79521,0.916822
25.8,480000,765000,35,57,80353,80223,0.950207
25.9,420000,825000,51,42,80915,80740,0.904306
26,735000,525000,57,36,81590,81090,0.972973
26.1,825000,420000,46,48,82140,81590,0.904306
26.2,555000,690000,37,58,82490,82290,0.988379
26.3,405000,840000,51,45,82990,82815,0.891203
26.4,735000,525000,58,38,83690,83165,0.972973
26.5,840000,405000,43,53,84178,83690,0.891203
26.6,480000,765000,39,59,84514,84370,0.950207
26.7,390000,855000,59,40,85066,84826,0.87758
26.8,855000,390000,61,40,85762,85138,0.87758
26.9,780000,480000,39,61,86122,85762,0.946352
27,360000,885000,43,56,86458,86410,0.849026
27.1,615000,630000,61,40,87154,86722,0.999855
27.2,885000,360000,48,53,87692,87154,0.849026
27.3,495000,765000,41,62,87991,87853,0.956098
27.4,405000,840000,63,40,88543,88244,0.891203
27.5,915000,330000,60,45,89210,88543,0.819144
27.6,600000,645000,42,62,89463,89233,0.998695
27.7,345000,900000,60,46,89923,89739,0.834221
27.8,870000,390000,64,43,90636,89992,0.873267
27.9,720000,525000,42,64,90935,90636,0.976056
28,315000,930000,58,50,91341,91187,0.803851
28.1,840000,405000,64,44,92023,91407,0.891203
28.2,720000,540000,44,64,92331,92023,0.98
28.3,315000,930000,58,50,92705,92551,0.803851
28.4,840000,405000,66,44,93409,92771,0.891203
28.5,705000,540000,45,66,93695,93409,0.982739
28.6,285000,960000,64,48,94113,93915,0.772829
28.7,930000,330000,67,44,94817,94113,0.815157
28.8,615000,630000,46,67,95037,94817,0.999855
28.9,360000,885000,66,46,95512,95235,0.849026
29,960000,285000,59,53,96100,95512,0.772829
29.1,495000,765000,46,67,96310,96184,0.956098
29.2,480000,765000,68,46,96877,96499,0.950207
29.3,990000,255000,51,65,97381,96877,0.74155
29.4,300000,945000,49,67,97570,97549,0.788396
29.5,705000,540000,68,49,98263,97738,0.982739
29.6,795000,465000,48,68,98599,98263,0.935809
29.7,255000,990000,65,53,98956,98788,0.74155
29.8,945000,300000,68,49,99649,98956,0.788396
29.9,540000,705000,48,70,99817,99670,0.982739
30,480000,780000,71,49,100359,99979,0.946352
30.1,1.005e+06,240000,50,71,100819,100359,0.725922
30.2,210000,1.035e+06,58,62,101039,100959,0.694876
30.3,840000,405000,71,49,101719,101099,0.891203
30.4,630000,615000,51,71,101939,101719,0.999855
30.5,405000,855000,72,50,102419,102079,0.886878
30.6,1.05e+06,195000,53,71,102919,102419,0.679523
30.7,210000,1.035e+06,59,65,103119,103039,0.694876
30.8,855000,390000,72,51,103819,103159,0.87758
30.9,585000,675000,51,72,103999,103819,0.994924
31,465000,780000,73,52,104519,104139,0.939836
31.1,975000,270000,52,73,104953,104519,0.757199
31.2,180000,1.065e+06,68,58,105219,105067,0.66432
31.3,990000,255000,71,57,105865,105219,0.74155
31.4,435000,825000,54,75,105979,105903,0.912571
31.5,660000,585000,74,54,106587,106074,0.996384
31.6,735000,510000,53,74,106853,106587,0.968372
31.7,345000,900000,75,54,107271,106967,0.834221
31.8,1.08e+06,180000,55,75,107765,107271,0.662162
31.9,150000,1.095e+06,67,64,107974,107860,0.634463
32,975000,270000,73,58,108639,107974,0.757199
32.1,405000,840000,56,77,108734,108677,0.891203
32.2,720000,525000,76,56,109380,108810,0.976056
32.3,660000,600000,56,76,109608,109380,0.997738
32.4,450000,795000,77,55,110083,109684,0.928687
32.5,930000,315000,57,77,110476,110083,0.803851
32.6,195000,1.05e+06,78,57,110782,110548,0.679523
32.7,1.14e+06,120000,60,75,111304,110782,0.60411
32.8,150000,1.095e+06,68,66,111466,111358,0.634463
32.9,990000,255000,75,61,112114,111466,0.74155
33,360000,885000,57,79,112168,112150,0.849026
33.1,780000,465000,22,59,54300,110048,0.939836
33.2,274840,949840,40,3,54566,54300,0.766999
33.3,555000,540000,40,18,55249,54832,0.999812
33.4,675000,570000,33,29,55952,55730,0.992937
33.5,690000,570000,26,36,56655,56544,0.991011
33.6,660000,585000,20,41,57340,57340,0.996384
33.7,675000,570000,22,42,58168,58024,0.992937
33.8,660000,585000,22,43,58941,58731,0.996384
33.9,660000,600000,23,44,59711,59431,0.997738
34,630000,615000,23,43,60431,60125,0.999855
34.1,630000,615000,24,42,61145,60805,0.999855
34.2,615000,630000,27,41,61887,61485,0.999855
34.3,630000,615000,28,42,62580,62184,0.999855
34.4,645000,615000,27,44,63273,62877,0.999433
34.5,630000,615000,26,45,63921,63569,0.999855
34.6,615000,630000,25,46,64561,64241,0.999855
34.7,600000,645000,26,47,65201,64945,0.998695
34.8,600000,660000,26,48,65832,65646,0.997738
34.9,570000,675000,26,47,66421,66328,0.992937
35,585000,660000,28,48,67041,67010,0.996384
35.1,570000,675000,34,43,67721,67630,0.992937
35.2,555000,690000,44,36,68411,68201,0.988379
35.3,615000,645000,49,29,69101,68741,0.999433
35.4,690000,555000,50,28,69791,69281,0.988379
35.5,705000,540000,51,29,70491,69821,0.982739
35.6,720000,525000,42,40,71042,70491,0.976056
35.7,705000,555000,31,52,71564,71187,0.986026
35.8,510000,735000,31,51,72057,71883,0.968372
35.9,525000,720000,33,50,72570,72542,0.976056
36,510000,735000,49,35,73270,73018,0.968372
36.1,690000,555000,54,32,73970,73494,0.988379
36.2,765000,495000,53,34,74670,73970,0.956098
36.3,750000,495000,35,51,75110,74670,0.959738
36.4,525000,720000,33,54,75542,75353,0.976056
36.5,480000,765000,39,49,76055,75974,0.950207
36.6,540000,720000,56,33,76757,76406,0.98
36.7,795000,450000,55,34,77459,76811,0.928687
36.8,780000,465000,39,51,77935,77459,0.939836
36.9,525000,720000,35,55,78325,78143,0.976056
37,465000,780000,42,50,78819,78741,0.939836
37.1,585000,675000,57,35,79521,79131,0.994924
37.2,810000,435000,58,36,80223,79521,0.916822
37.3,750000,495000,36,58,80587,80223,0.959738
37.4,420000,825000,36,57,80940,80915,0.904306
37.5,465000,795000,58,37,81590,81315,0.935809
37.6,825000,420000,59,37,82290,81665,0.904306
37.7,825000,420000,39,59,82715,82290,0.904306
37.8,405000,840000,38,60,83040,82990,0.891203
37.9,465000,780000,59,40,83690,83390,0.939836
38,840000,420000,60,38,84370,83715,0.9
38.1,750000,495000,40,60,84730,84370,0.959738
38.2,390000,855000,42,59,85066,85042,0.87758
38.3,585000,660000,62,41,85762,85354,0.996384
38.4,885000,375000,51,51,86338,85762,0.85923
38.5,525000,720000,40,61,86626,86458,0.976056
38.6,375000,870000,60,44,87154,86938,0.8635
38.7,855000,390000,63,42,87853,87226,0.87758
38.8,750000,495000,43,63,88198,87853,0.959738
38.9,360000,900000,50,56,88543,88451,0.844828
39,705000,540000,63,42,89233,88704,0.982739
39.1,870000,375000,43,63,89670,89233,0.8635
39.2,345000,900000,45,64,89946,89923,0.834221
39.3,600000,660000,65,44,90636,90199,0.997738
39.4,930000,315000,47,61,91142,90636,0.803851
39.5,375000,870000,45,66,91385,91341,0.8635
39.6,570000,675000,65,45,92023,91605,0.992937
39.7,930000,315000,49,62,92529,92023,0.803851
39.8,375000,885000,45,66,92749,92705,0.85923
39.9,570000,675000,67,45,93409,92969,0.992937
40,960000,285000,47,66,93893,93409,0.772829
40.1,300000,945000,47,67,94113,94113,0.788396
40.2,660000,600000,68,46,94817,94311,0.997738
40.3,885000,360000,47,68,95235,94817,0.849026
40.4,270000,975000,55,59,95512,95428,0.757199
40.5,780000,465000,68,47,96184,95617,0.939836
40.6,750000,495000,48,68,96499,96184,0.959738
40.7,285000,975000,65,51,96877,96688,0.769298
40.8,930000,315000,70,48,97570,96877,0.803851
40.9,570000,675000,48,70,97738,97570,0.992937
41,435000,810000,69,50,98263,97927,0.916822
41.1,990000,270000,54,64,98788,98263,0.753846
41.2,330000,915000,50,70,98977,98956,0.819144
41.3,675000,570000,71,50,99670,99145,0.992937
41.4,810000,435000,50,71,99999,99670,0.916822
41.5,225000,1.02e+06,71,52,100359,100159,0.710353
41.6,1.02e+06,240000,67,56,100999,100359,0.722951
41.7,450000,795000,51,71,101139,101039,0.928687
41.8,570000,675000,72,50,101719,101279,0.992937
41.9,900000,345000,52,72,102119,101719,0.834221
42,225000,1.035e+06,67,57,102419,102259,0.707581
42.1,960000,285000,72,54,103099,102419,0.772829
42.2,480000,765000,52,74,103219,103119,0.950207
42.3,585000,660000,73,52,103819,103339,0.996384
42.4,840000,405000,53,73,104179,103819,0.891203
42.5,210000,1.05e+06,74,54,104519,104319,0.692308
42.6,1.065e+06,180000,65,62,105124,104519,0.66432
42.7,360000,885000,53,75,105238,105219,0.849026
42.8,720000,525000,76,54,105903,105352,0.976056
42.9,705000,555000,55,76,106150,105903,0.986026
43,390000,855000,75,55,106587,106245,0.87758
43.1,1.005e+06,240000,54,75,107024,106587,0.725922
43.2,165000,1.08e+06,70,61,107271,107138,0.649293
43.3,1.005e+06,240000,73,60,107936,107271,0.725922
43.4,405000,855000,56,77,108031,107974,0.886878
43.5,705000,540000,78,55,108677,108107,0.982739
43.6,675000,570000,57,78,108905,108677,0.992937
43.7,450000,795000,77,57,109380,108981,0.928687
43.8,930000,330000,57,77,109779,109380,0.815157
43.9,180000,1.065e+06,78,56,110083,109855,0.66432
44,1.125e+06,120000,63,73,110638,110083,0.605467
44.1,195000,1.05e+06,66,71,110782,110710,0.679523
44.2,945000,300000,79,59,111466,110782,0.788396
44.3,420000,840000,58,79,111520,111466,0.9
44.4,720000,525000,80,59,112150,111592,0.976056
44.5,630000,615000,57,80,110048,112150,0.999855
44.6,510000,735000,23,50,54300,110048,0.968372
44.7,394840,679840,33,40,54566,54528,0.934293
44.8,690000,555000,24,37,55249,55174,0.988379
44.9,690000,555000,22,42,56063,55952,0.988379
45,690000,570000,21,43,56872,56655,0.991011
45.1,645000,600000,22,41,57664,57340,0.998695
45.2,585000,660000,30,36,58486,58024,0.996384
45.3,600000,645000,34,33,59256,58731,0.998695
45.4,615000,630000,38,32,60023,59431,0.999855
45.5,600000,660000,40,28,60737,60125,0.997738
45.6,600000,645000,43,25,61451,60805,0.998695
45.7,615000,630000,46,24,62184,61485,0.999855
45.8,630000,615000,47,25,62877,62184,0.999855
45.9,645000,615000,46,27,63569,62877,0.999433
46,630000,615000,45,28,64209,63569,0.999855
46.1,645000,600000,42,31,64849,64241,0.998695
46.2,660000,585000,39,36,65489,64945,0.996384
46.3,675000,570000,34,43,66111,65646,0.992937
46.4,660000,600000,29,47,66700,66328,0.997738
46.5,600000,645000,29,49,67320,67010,0.998695
46.6,570000,675000,29,50,67901,67721,0.992937
46.7,555000,690000,31,51,68471,68411,0.988379
46.8,555000,705000,36,44,69101,69011,0.986026
46.9,555000,690000,46,35,69791,69551,0.988379
47,630000,615000,52,30,70491,70085,0.999855
47.1,720000,525000,53,31,71187,70607,0.976056
47.2,735000,510000,48,38,71825,71187,0.968372
47.3,720000,540000,34,50,72318,71883,0.98
47.4,555000,690000,32,53,72794,72570,0.988379
47.5,510000,735000,32,54,73270,73270,0.968372
47.6,495000,750000,50,38,73970,73746,0.959738
47.7,690000,570000,54,33,74670,74194,0.991011
47.8,750000,495000,55,34,75353,74670,0.959738
47.9,765000,480000,36,53,75785,75353,0.950207
48,510000,735000,34,56,76217,76055,0.968372
48.1,465000,780000,44,48,76757,76649,0.939836
48.2,600000,660000,56,35,77459,77054,0.997738
48.3,780000,465000,56,36,78143,77486,0.939836
48.4,780000,465000,37,55,78559,78143,0.939836
48.5,480000,765000,37,57,78975,78819,0.950207
48.6,465000,795000,48,46,79521,79365,0.935809
48.7,660000,585000,59,38,80223,79755,0.996384
48.8,825000,420000,50,46,80815,80223,0.904306
48.9,615000,630000,38,58,81165,80915,0.999855
49,435000,810000,43,55,81590,81540,0.916822
49.1,585000,675000,60,38,82290,81890,0.994924
49.2,840000,405000,57,43,82940,82290,0.891203
49.3,660000,585000,39,61,83265,82990,0.996384
49.4,390000,855000,47,54,83690,83615,0.87758
49.5,645000,615000,61,39,84370,83938,0.999433
49.6,855000,390000,52,50,84946,84370,0.87758
49.7,555000,690000,41,62,85258,85066,0.988379
49.8,375000,870000,59,45,85762,85546,0.8635
49.9,825000,420000,62,43,86458,85858,0.904306
50,795000,465000,41,62,86842,86458,0.935809
50.1,375000,870000,43,63,87154,87154,0.8635
50.2,585000,660000,64,43,87853,87439,0.996384
50.3,900000,345000,53,56,88405,87853,0.834221
50.4,480000,780000,43,65,88658,88543,0.946352
50.5,435000,810000,64,43,89233,88911,0.916822
50.6,900000,345000,61,48,89877,89233,0.834221
50.7,585000,660000,44,65,90130,89923,0.996384
50.8,330000,915000,66,46,90636,90406,0.819144
50.9,930000,330000,67,44,91341,90636,0.815157
51,645000,600000,46,67,91583,91341,0.998695
51.1,300000,945000,66,46,92023,91803,0.788396
51.2,930000,315000,67,47,92705,92045,0.803851
51.3,645000,615000,46,67,92947,92705,0.999433
51.4,300000,945000,68,46,93409,93167,0.788396
51.5,960000,285000,66,49,94091,93409,0.772829
51.6,570000,675000,47,68,94289,94113,0.992937
51.7,390000,855000,69,48,94817,94509,0.87758
51.8,975000,285000,60,57,95428,94817,0.769298
51.9,450000,795000,49,68,95617,95512,0.928687
52,510000,735000,69,48,96184,95806,0.968372
52.1,975000,270000,52,66,96688,96184,0.757199
52.2,330000,930000,48,70,96877,96877,0.815157
52.3,660000,585000,71,50,97570,97066,0.996384
52.4,840000,405000,49,71,97927,97570,0.891203
52.5,240000,1.005e+06,65,54,98263,98095,0.725922
52.6,915000,330000,71,50,98956,98284,0.819144
52.7,600000,660000,51,71,99166,98956,0.997738
52.8,405000,840000,72,51,99670,99334,0.891203
52.9,1.02e+06,225000,55,68,100179,99670,0.710353
53,285000,960000,54,71,100359,100339,0.772829
53.1,750000,510000,72,51,101039,100479,0.964989
53.2,720000,525000,52,72,101319,101039,0.976056
53.3,300000,945000,73,52,101719,101459,0.788396
53.4,1.035e+06,210000,62,64,102299,101719,0.694876
53.5,345000,900000,53,74,102439,102419,0.834221
53.6,705000,555000,75,53,103119,102579,0.986026
53.7,750000,495000,53,75,103399,103119,0.959738
53.8,315000,930000,74,53,103819,103519,0.803851
53.9,1.05e+06,195000,59,70,104359,103819,0.679523
54,270000,990000,57,73,104519,104499,0.753846
54.1,795000,450000,76,55,105219,104619,0.928687
54.2,630000,615000,54,76,105409,105219,0.999855
54.3,450000,795000,77,55,105903,105523,0.928687
54.4,960000,285000,57,77,106321,105903,0.772829
54.5,165000,1.095e+06,74,58,106587,106416,0.647339
54.6,1.05e+06,195000,69,63,107195,106587,0.679523
54.7,360000,885000,57,77,107309,107271,0.849026
54.8,735000,510000,78,57,107974,107404,0.968372
54.9,675000,585000,57,78,108202,107974,0.994924
55,435000,810000,79,56,108677,108278,0.916822
55.1,945000,300000,58,79,109076,108677,0.788396
55.2,180000,1.065e+06,78,58,109380,109152,0.66432
55.3,1.11e+06,135000,64,73,109950,109380,0.619849
55.4,225000,1.035e+06,64,72,110083,110026,0.707581
55.5,900000,345000,80,58,110782,110102,0.834221
55.6,465000,780000,59,80,110872,110782,0.939836
55.7,675000,570000,80,60,111466,110944,0.992937
55.8,690000,570000,59,80,111682,111466,0.991011
55.9,450000,795000,81,60,112150,111754,0.928687
56,900000,345000,40,81,80072,112150,0.834221
56.1,240000,1.005e+06,24,33,54300,69936,0.725922
56.2,664840,409840,20,42,54642,54566,0.946699
56.3,690000,555000,21,42,55508,55249,0.988379
56.4,600000,645000,27,37,56359,55952,0.998695
56.5,585000,660000,35,32,57196,56655,0.996384
56.6,570000,690000,42,24,57988,57340,0.991011
56.7,585000,660000,45,23,58731,58096,0.996384
56.8,600000,645000,46,24,59431,58871,0.998695
56.9,615000,630000,45,25,60125,59606,0.999855
57,600000,660000,45,25,60805,60363,0.997738
57.1,600000,645000,46,25,61485,61077,0.998695
57.2,615000,630000,47,25,62184,61788,0.999855
57.3,630000,615000,48,27,62877,62481,0.999855
57.4,645000,600000,47,27,63569,63141,0.998695
57.5,630000,630000,48,28,64241,63825,1
57.6,645000,600000,49,28,64945,64465,0.998695
57.7,660000,585000,50,27,65646,65073,0.996384
57.8,675000,570000,49,30,66328,65708,0.992937
57.9,660000,600000,48,30,66979,66328,0.997738
58,675000,570000,43,37,67599,67010,0.992937
58.1,690000,555000,36,46,68171,67721,0.988379
58.2,630000,615000,30,52,68711,68411,0.999855
58.3,540000,705000,32,51,69281,69101,0.982739
58.4,570000,690000,31,52,69821,69791,0.991011
58.5,540000,705000,41,43,70491,70346,0.982739
58.6,540000,705000,54,32,71187,70868,0.982739
58.7,735000,510000,53,33,71883,71361,0.968372
58.8,720000,540000,54,33,72570,71883,0.98
58.9,735000,510000,39,48,73046,72570,0.968372
59,600000,645000,33,55,73522,73270,0.998695
59.1,495000,750000,35,56,73998,73970,0.959738
59.2,480000,765000,51,39,74670,74446,0.950207
59.3,690000,570000,56,35,75353,74921,0.991011
59.4,765000,480000,55,36,76028,75353,0.950207
59.5,780000,465000,35,57,76460,76055,0.939836
59.6,465000,780000,37,58,76892,76757,0.939836
59.7,465000,795000,48,45,77459,77297,0.935809
59.8,645000,600000,57,37,78143,77727,0.998695
59.9,780000,465000,56,38,78793,78143,0.939836
60,750000,495000,38,58,79209,78819,0.959738
60.1,450000,795000,38,59,79599,79521,0.928687
60.2,450000,810000,57,42,80223,79989,0.924528
60.3,780000,465000,59,39,80915,80353,0.939836
60.4,810000,435000,44,54,81390,80915,0.916822
60.5,510000,735000,40,60,81765,81590,0.968372
60.6,435000,825000,53,47,82290,82115,0.912571
60.7,720000,525000,62,40,82990,82465,0.976056
60.8,855000,390000,45,57,83490,82990,0.87758
60.9,465000,780000,40,61,83815,83690,0.939836
61,405000,840000,60,44,84370,84154,0.891203
61.1,825000,435000,63,41,85066,84466,0.912571
61.2,825000,420000,43,63,85474,85066,0.904306
61.3,375000,870000,42,64,85762,85762,0.8635
61.4,555000,690000,63,44,86458,86074,0.988379
61.5,870000,390000,56,50,87058,86458,0.873267
61.6,570000,675000,44,64,87370,87154,0.992937
61.7,360000,885000,62,47,87853,87646,0.849026
61.8,855000,390000,66,43,88543,87899,0.87758
61.9,735000,510000,45,66,88865,88543,0.968372
62,345000,915000,54,55,89233,89118,0.830118
62.1,735000,510000,66,45,89923,89394,0.968372
62.2,855000,390000,45,66,90337,89923,0.87758
62.3,330000,915000,49,65,90636,90613,0.819144
62.4,660000,600000,68,45,91341,90843,0.997738
62.5,915000,330000,47,68,91781,91341,0.819144
62.6,300000,945000,49,65,92023,92001,0.788396
62.7,660000,585000,68,46,92705,92221,0.996384
62.8,900000,345000,48,68,93145,92705,0.834221
62.9,315000,945000,51,65,93409,93365,0.8
63,690000,555000,69,48,94113,93585,0.988379
63.1,840000,405000,48,69,94487,94113,0.891203
63.2,285000,960000,59,60,94817,94707,0.772829
63.3,810000,450000,69,48,95512,94905,0.924528
63.4,720000,525000,50,69,95806,95512,0.976056
63.5,285000,960000,67,52,96184,95995,0.772829
63.6,930000,315000,71,49,96877,96184,0.803851
63.7,585000,660000,51,71,97066,96877,0.996384
63.8,405000,855000,72,51,97570,97255,0.886878
63.9,1.005e+06,240000,57,65,98116,97570,0.725922
64,345000,900000,50,71,98284,98263,0.834221
64.1,645000,600000,72,52,98956,98473,0.998695
64.2,870000,390000,52,72,99355,98956,0.873267
64.3,240000,1.005e+06,66,59,99670,99523,0.725922
64.4,915000,330000,74,51,100359,99670,0.819144
64.5,555000,690000,53,74,100519,100359,0.988379
64.6,480000,765000,73,53,101039,100659,0.950207
64.7,990000,270000,54,73,101499,101039,0.753846
64.8,225000,1.02e+06,61,66,101719,101639,0.710353
64.9,840000,405000,75,53,102419,101779,0.891203
65,615000,630000,54,75,102619,102419,0.999855
65.1,435000,825000,76,54,103119,102759,0.912571
65.2,1.02e+06,225000,54,76,103579,103119,0.710353
65.3,180000,1.065e+06,66,63,103819,103699,0.66432
65.4,915000,330000,76,55,104519,103839,0.819144
65.5,525000,720000,57,76,104679,104519,0.976056
65.6,540000,720000,77,56,105219,104799,0.98
65.7,900000,345000,55,77,105580,105219,0.834221
65.8,180000,1.065e+06,78,56,105903,105694,0.66432
65.9,1.095e+06,150000,67,69,106492,105903,0.634463
66,300000,960000,57,77,106587,106587,0.784698
66.1,780000,465000,78,56,107271,106682,0.939836
66.2,630000,615000,58,78,107480,107271,0.999855
66.3,465000,780000,79,58,107974,107575,0.939836
66.4,930000,315000,59,79,108373,107974,0.803851
66.5,180000,1.08e+06,80,57,108677,108449,0.662162
66.6,1.125e+06,120000,65,74,109247,108677,0.605467
66.7,210000,1.035e+06,65,73,109380,109323,0.694876
66.8,900000,345000,80,60,110083,109418,0.834221
66.9,495000,765000,59,80,110197,110083,0.956098
67,630000,615000,81,59,110782,110273,0.999855
67.1,735000,510000,60,81,111034,110782,0.968372
67.2,405000,840000,81,59,111466,111088,0.891203
67.3,945000,300000,61,81,111844,111466,0.788396
67.4,195000,1.065e+06,82,61,112150,111916,0.677159
67.5,1.14e+06,105000,25,80,54300,112150,0.59133
67.6,135000,1.11e+06,16,25,54300,54300,0.619849
67.7,694840,379840,28,36,54984,54566,0.920883
67.8,555000,690000,38,27,55841,55249,0.988379
67.9,570000,675000,45,22,56655,55989,0.992937
68,585000,660000,44,25,57340,56836,0.996384
68.1,570000,690000,45,23,58024,57628,0.991011
68.2,645000,600000,42,28,58731,58416,0.998695
68.3,645000,600000,40,32,59431,59186,0.998695
68.4,630000,615000,38,34,60125,59921,0.999855
68.5,645000,600000,35,38,60805,60669,0.998695
68.6,660000,600000,32,41,61485,61383,0.997738
68.7,630000,615000,32,42,62184,62085,0.999855
68.8,615000,630000,34,43,62877,62778,0.999855
68.9,600000,645000,36,40,63569,63438,0.998695
69,630000,630000,37,41,64241,64113,1
69.1,600000,645000,41,38,64945,64753,0.998695
69.2,585000,660000,47,33,65646,65361,0.996384
69.3,615000,630000,50,29,66328,65956,0.999855
69.4,660000,585000,51,30,67010,66576,0.996384
69.5,675000,585000,52,30,67721,67165,0.994924
69.6,690000,555000,53,31,68411,67751,0.988379
69.7,705000,540000,44,40,68981,68411,0.982739
69.8,690000,555000,37,49,69551,69101,0.988379
69.9,615000,645000,32,53,70085,69791,0.999433
70,540000,705000,32,54,70607,70491,0.982739
70.1,525000,720000,38,51,71187,71129,0.976056
70.2,510000,735000,52,36,71883,71622,0.968372
70.3,690000,555000,55,35,72570,72144,0.988379
70.4,735000,525000,56,35,73270,72626,0.972973
70.5,750000,495000,42,48,73774,73270,0.959738
70.6,615000,630000,36,57,74250,73970,0.999855
70.7,480000,765000,36,56,74698,74670,0.950207
70.8,510000,750000,51,42,75353,75164,0.964989
70.9,675000,570000,58,37,76055,75596,0.992937
71,780000,465000,54,40,76703,76055,0.939836
71.1,735000,510000,38,59,77135,76757,0.968372
71.2,450000,795000,38,58,77540,77459,0.928687
71.3,480000,780000,52,44,78143,77961,0.946352
71.4,690000,555000,59,38,78819,78351,0.988379
71.5,795000,450000,54,44,79443,78819,0.928687
71.6,675000,570000,40,60,79833,79521,0.992937
71.7,450000,810000,40,61,80223,80223,0.924528
71.8,510000,735000,60,40,80915,80587,0.968372
71.9,810000,435000,61,39,81590,80940,0.916822
72,780000,465000,41,61,81990,81590,0.939836
72.1,435000,825000,40,62,82340,82290,0.912571
72.2,450000,795000,63,42,82990,82690,0.928687
72.3,855000,390000,62,42,83690,83015,0.87758
72.4,735000,510000,42,62,84034,83690,0.968372
72.5,405000,840000,43,63,84370,84370,0.891203
72.6,555000,705000,64,42,85066,84682,0.986026
72.7,870000,375000,59,49,85690,85066,0.8635
72.8,600000,645000,43,65,85978,85762,0.998695
72.9,360000,885000,59,48,86458,86266,0.849026
73,795000,465000,65,43,87154,86578,0.935809
73.1,840000,405000,45,65,87577,87154,0.891203
73.2,360000,885000,45,66,87853,87853,0.849026
73.3,585000,660000,67,44,88543,88106,0.996384
73.4,915000,330000,52,61,89072,88543,0.819144
73.5,435000,825000,45,66,89325,89233,0.912571
73.6,465000,780000,67,46,89923,89601,0.939836
73.7,915000,330000,60,53,90544,89923,0.819144
73.8,540000,705000,46,68,90797,90636,0.982739
73.9,390000,870000,69,46,91341,91050,0.873267
74,945000,300000,64,53,91979,91341,0.788396
74.1,540000,705000,48,68,92199,92023,0.982739
74.2,390000,855000,69,47,92705,92419,0.87758
74.3,945000,300000,64,54,93343,92705,0.788396
74.4,540000,720000,48,70,93563,93409,0.98
74.5,420000,825000,70,49,94113,93783,0.904306
74.6,960000,285000,59,60,94685,94113,0.772829
74.7,435000,810000,50,71,94905,94817,0.916822
74.8,540000,720000,70,49,95512,95103,0.98
74.9,960000,285000,53,68,95995,95512,0.772829
75,315000,930000,50,71,96184,96184,0.803851
75.1,660000,585000,72,50,96877,96373,0.996384
75.2,855000,390000,52,72,97255,96877,0.87758
75.3,270000,990000,64,61,97570,97444,0.753846
75.4,870000,375000,72,52,98263,97612,0.8635
75.5,615000,630000,52,72,98473,98263,0.999855
75.6,375000,870000,73,53,98956,98662,0.8635
75.7,1.005e+06,255000,62,64,99544,98956,0.738384
75.8,375000,870000,53,74,99712,99670,0.8635
75.9,645000,600000,75,52,100359,99859,0.998695
76,825000,420000,54,75,100699,100359,0.904306
76.1,210000,1.035e+06,74,54,101039,100839,0.694876
76.2,1.02e+06,240000,71,58,101679,101039,0.722951
76.3,465000,780000,54,75,101819,101719,0.939836
76.4,570000,675000,76,54,102419,101959,0.992937
76.5,885000,360000,55,76,102799,102419,0.849026
76.6,210000,1.05e+06,74,59,103119,102939,0.692308
76.7,1.02e+06,225000,70,62,103759,103119,0.710353
76.8,405000,840000,55,76,103879,103819,0.891203
76.9,645000,600000,77,56,104519,104019,0.998695
77,795000,450000,58,77,104858,104519,0.928687
77.1,270000,990000,78,57,105219,104972,0.753846
77.2,1.08e+06,165000,63,72,105751,105219,0.649293
77.3,255000,990000,62,75,105903,105865,0.74155
77.4,840000,405000,78,58,106587,105960,0.891203
77.5,570000,690000,58,78,106758,106587,0.991011
77.6,510000,735000,79,57,107271,106853,0.968372
77.7,900000,345000,59,79,107651,107271,0.834221
77.8,195000,1.05e+06,80,59,107974,107746,0.679523
77.9,1.11e+06,135000,66,74,108544,107974,0.619849
78,240000,1.02e+06,65,75,108677,108620,0.722951
78.1,885000,360000,80,59,109380,108696,0.849026
78.2,480000,765000,60,80,109494,109380,0.950207
78.3,630000,615000,81,59,110083,109570,0.999855
78.4,765000,495000,60,81,110368,110083,0.956098
78.5,360000,885000,82,60,110782,110440,0.849026
78.6,1.005e+06,240000,61,82,111196,110782,0.725922
78.7,135000,1.11e+06,82,60,111466,111250,0.619849
78.8,1.14e+06,105000,67,77,112006,111466,0.59133
78.9,195000,1.065e+06,70,75,112150,112078,0.677159
79,945000,300000,26,63,54300,112150,0.788396
79.1,274840,975000,7,17,54300,54300,0.761137
79.2,555000,514840,44,23,55249,54642,0.998593
79.3,555000,690000,45,24,55952,55508,0.988379
79.4,630000,615000,42,27,56655,56322,0.999855
79.5,660000,585000,36,33,57340,57124,0.996384
79.6,690000,570000,29,42,58024,57952,0.991011
79.7,660000,585000,25,47,58731,58731,0.996384
79.8,645000,600000,27,48,59501,59431,0.998695
79.9,630000,615000,27,47,60227,60125,0.999855
80,645000,600000,29,47,60975,60805,0.998695
80.1,660000,600000,27,48,61689,61485,0.997738
80.2,630000,615000,28,49,62382,62184,0.999855
80.3,615000,630000,29,50,63075,62877,0.999855
80.4,600000,645000,30,49,63729,63569,0.998695
80.5,630000,630000,30,50,64401,64241,1
80.6,600000,645000,30,51,65041,64945,0.998695
80.7,585000,660000,30,52,65646,65646,0.996384
80.8,570000,675000,36,45,66328,66235,0.992937
80.9,585000,660000,42,42,67010,66855,0.996384
81,585000,675000,49,35,67721,67444,0.994924
81.1,630000,615000,54,32,68411,68021,0.999855
81.2,705000,540000,53,33,69101,68561,0.982739
81.3,690000,555000,54,32,69791,69101,0.988379
81.4,705000,555000,45,42,70346,69791,0.986026
81.5,720000,525000,33,55,70868,70491,0.976056
81.6,525000,720000,35,56,71390,71187,0.976056
81.7,510000,735000,35,55,71883,71883,0.968372
81.8,525000,720000,49,44,72570,72402,0.976056
81.9,630000,630000,57,36,73270,72878,1
82,750000,495000,58,35,73970,73326,0.959738
82.1,765000,480000,45,50,74502,73970,0.950207
82.2,600000,645000,37,57,74948,74670,0.998695
82.3,510000,750000,38,58,75407,75353,0.964989
82.4,480000,765000,54,43,76055,75839,0.950207
82.5,705000,540000,60,37,76757,76244,0.982739
82.6,795000,450000,53,46,77378,76757,0.928687
82.7,660000,585000,39,59,77779,77459,0.996384
82.8,480000,780000,40,59,78195,78143,0.946352
82.9,465000,780000,57,42,78819,78585,0.939836
83,750000,495000,61,39,79521,78975,0.959738
83.1,810000,435000,50,52,80067,79521,0.916822
83.2,585000,675000,41,62,80457,80223,0.994924
83.3,420000,825000,49,53,80915,80815,0.904306
83.4,630000,615000,62,41,81590,81165,0.999855
83.5,825000,420000,57,47,82215,81590,0.904306
83.6,645000,600000,43,63,82565,82290,0.998695
83.7,420000,840000,49,58,82990,82915,0.9
83.8,630000,615000,63,43,83690,83240,0.999855
83.9,840000,405000,54,52,84250,83690,0.891203
84,570000,675000,44,64,84586,84370,0.992937
84.1,405000,855000,57,51,85066,84898,0.886878
84.2,750000,495000,66,44,85762,85210,0.959738
84.3,870000,375000,44,66,86194,85762,0.8635
84.4,360000,885000,44,65,86482,86458,0.849026
84.5,525000,720000,66,45,87154,86794,0.976056
84.6,885000,375000,61,51,87784,87154,0.85923
84.7,585000,660000,46,67,88060,87853,0.996384
84.8,345000,900000,66,47,88543,88313,0.834221
84.9,885000,360000,67,46,89233,88566,0.849026
85,705000,555000,46,67,89532,89233,0.986026
85.1,345000,900000,58,58,89923,89808,0.834221
85.2,765000,480000,69,48,90636,90061,0.950207
85.3,810000,435000,47,69,91004,90636,0.916822
85.4,315000,930000,57,62,91341,91253,0.803851
85.5,750000,510000,69,48,92023,91473,0.964989
85.6,810000,435000,49,69,92397,92023,0.916822
85.7,315000,930000,57,61,92705,92617,0.803851
85.8,750000,495000,71,49,93409,92837,0.959738
85.9,810000,450000,49,71,93761,93409,0.924528
86,285000,960000,62,59,94113,93981,0.772829
86.1,825000,420000,72,50,94817,94179,0.904306
86.2,705000,540000,51,72,95103,94817,0.982739
86.3,270000,975000,71,51,95512,95301,0.757199
86.4,960000,300000,72,51,96184,95512,0.784698
86.5,585000,660000,51,72,96373,96184,0.996384
86.6,390000,855000,73,51,96877,96562,0.87758
86.7,990000,255000,62,64,97444,96877,0.74155
86.8,405000,855000,53,74,97633,97570,0.886878
86.9,600000,645000,73,53,98263,97801,0.998695
87,885000,360000,53,73,98662,98263,0.849026
87.1,255000,990000,64,64,98956,98851,0.74155
87.2,855000,390000,75,54,99670,99019,0.87758
87.3,645000,615000,54,75,99899,99670,0.999433
87.4,375000,870000,76,54,100359,100039,0.8635
87.5,1.035e+06,210000,59,72,100879,100359,0.694876
87.6,270000,975000,57,73,101039,101019,0.757199
87.7,750000,510000,76,55,101719,101179,0.964989
87.8,735000,510000,55,76,101999,101719,0.968372
87.9,300000,945000,77,55,102419,102139,0.788396
88,1.05e+06,195000,64,70,102979,102419,0.679523
88.1,300000,945000,58,78,103119,103119,0.788396
88.2,765000,495000,77,57,103819,103239,0.956098
88.3,675000,570000,56,77,104059,103819,0.992937
88.4,375000,870000,78,57,104519,104199,0.8635
88.5,1.065e+06,180000,57,78,105010,104519,0.66432
88.6,195000,1.065e+06,66,71,105219,105143,0.677159
88.7,885000,360000,80,57,105903,105238,0.849026
88.8,525000,720000,59,80,106036,105903,0.976056
88.9,570000,675000,79,59,106587,106131,0.992937
89,825000,420000,60,79,106929,106587,0.904306
89.1,255000,1.005e+06,80,58,107271,107024,0.738384
89.2,1.095e+06,150000,65,75,107822,107271,0.634463
89.3,225000,1.02e+06,66,75,107974,107917,0.710353
89.4,885000,360000,82,59,108677,107993,0.849026
89.5,510000,750000,60,82,108791,108677,0.964989
89.6,615000,630000,81,60,109380,108867,0.999855
89.7,750000,495000,61,81,109665,109380,0.959738
89.8,360000,885000,82,60,110083,109741,0.849026
89.9,1.02e+06,225000,62,82,110530,110083,0.710353
90,135000,1.125e+06,81,63,110782,110602,0.618297
90.1,1.11e+06,135000,71,74,111358,110782,0.619849
90.2,240000,1.005e+06,67,77,111466,111412,0.725922
90.3,900000,345000,84,62,112150,111484,0.834221
90.4,465000,795000,63,84,110048,112150,0.935809
90.5,675000,570000,27,63,54300,110048,0.992937
90.6,274840,844840,45,8,54566,54300,0.794183
90.7,645000,555000,39,30,55249,54984,0.994406
90.8,690000,555000,31,40,55952,55841,0.988379
90.9,675000,570000,25,47,56655,56655,0.992937
91,660000,585000,25,46,57448,57340,0.996384
91.1,675000,570000,27,47,58276,58024,0.992937
91.2,675000,585000,26,48,59046,58731,0.994924
91.3,615000,630000,30,47,59816,59431,0.999855
91.4,600000,645000,32,44,60533,60125,0.998695
91.5,600000,645000,35,41,61247,60805,0.998695
91.6,615000,645000,38,39,61986,61485,0.999433
91.7,630000,615000,39,40,62679,62184,0.999855
91.8,645000,600000,38,43,63372,62877,0.998695
91.9,630000,615000,37,44,64017,63569,0.999855
92,645000,600000,36,47,64689,64241,0.998695
92.1,660000,600000,33,51,65329,64945,0.997738
92.2,600000,645000,31,53,65925,65646,0.998695
92.3,570000,675000,31,52,66514,66328,0.992937
92.4,585000,660000,33,53,67134,67010,0.996384
92.5,585000,675000,32,54,67721,67721,0.994924
92.6,555000,690000,42,47,68411,68291,0.988379
92.7,540000,705000,52,36,69101,68831,0.982739
92.8,660000,585000,55,33,69791,69371,0.996384
92.9,705000,540000,56,36,70491,69940,0.982739
93,720000,540000,53,38,71129,70491,0.98
93.1,735000,510000,40,53,71651,71187,0.968372
93.2,570000,675000,36,56,72144,71883,0.992937
93.3,525000,720000,36,57,72626,72570,0.976056
93.4,525000,735000,47,48,73270,73130,0.972973
93.5,585000,660000,59,36,73970,73578,0.996384
93.6,765000,480000,58,37,74670,74026,0.950207
93.7,750000,495000,46,50,75191,74670,0.959738
93.8,615000,630000,40,59,75650,75353,0.999855
93.9,495000,765000,39,60,76082,76055,0.956098
94,465000,780000,59,40,76757,76487,0.939836
94.1,765000,480000,60,39,77459,76892,0.950207
94.2,780000,465000,50,50,78013,77459,0.939836
94.3,630000,630000,41,60,78429,78143,1
94.4,465000,780000,40,61,78819,78819,0.939836
94.5,480000,765000,62,40,79521,79209,0.950207
94.6,810000,435000,63,41,80223,79599,0.916822
94.7,825000,420000,44,62,80690,80223,0.904306
94.8,450000,810000,42,62,81040,80915,0.924528
94.9,435000,810000,58,47,81590,81390,0.916822
95,750000,495000,64,42,82290,81740,0.959738
95.1,840000,405000,49,59,82790,82290,0.891203
95.2,495000,765000,44,65,83140,82990,0.956098
95.3,390000,855000,62,46,83690,83465,0.87758
95.4,810000,435000,65,43,84370,83790,0.916822
95.5,840000,405000,45,65,84802,84370,0.891203
95.6,390000,855000,45,66,85114,85066,0.87758
95.7,495000,765000,67,45,85762,85426,0.956098
95.8,885000,360000,62,50,86410,85762,0.849026
95.9,615000,630000,45,66,86698,86458,0.999855
96,375000,870000,59,55,87154,87010,0.8635
96.1,765000,495000,68,46,87853,87298,0.956098
96.2,855000,390000,47,68,88267,87853,0.87758
96.3,345000,900000,49,67,88543,88520,0.834221
96.4,615000,630000,68,47,89233,88773,0.999855
96.5,900000,345000,52,64,89739,89233,0.834221
96.6,420000,840000,49,69,90015,89923,0.9
96.7,495000,750000,70,49,90636,90268,0.959738
96.8,930000,315000,58,60,91209,90636,0.803851
96.9,465000,780000,50,71,91451,91341,0.939836
97,480000,780000,70,49,92023,91671,0.946352
97.1,930000,315000,60,60,92595,92023,0.803851
97.2,465000,780000,50,71,92815,92705,0.939836
97.3,480000,765000,72,50,93409,93035,0.950207
97.4,960000,285000,58,65,93959,93409,0.772829
97.5,405000,855000,52,72,94179,94113,0.886878
97.6,555000,690000,73,51,94817,94377,0.988379
97.7,975000,270000,52,73,95301,94817,0.757199
97.8,270000,975000,54,70,95512,95491,0.757199
97.9,690000,570000,73,53,96184,95701,0.991011
98,855000,390000,52,73,96562,96184,0.87758
98.1,270000,975000,64,62,96877,96751,0.757199
98.2,840000,405000,75,53,97570,96940,0.891203
98.3,660000,585000,55,75,97822,97570,0.996384
98.4,345000,915000,74,54,98263,97990,0.830118
98.5,990000,255000,65,63,98851,98263,0.74155
98.6,420000,825000,55,75,99040,98956,0.904306
98.7,585000,660000,76,55,99670,99208,0.996384
98.8,915000,345000,56,76,100079,99670,0.830118
98.9,225000,1.02e+06,69,63,100359,100219,0.710353
99,915000,330000,76,55,101039,100359,0.819144
99.1,540000,705000,56,76,101199,101039,0.982739
99.2,480000,765000,77,57,101719,101359,0.950207
99.3,1.005e+06,255000,56,77,102179,101719,0.738384
99.4,210000,1.035e+06,66,68,102419,102319,0.694876
99.5,870000,375000,79,57,103119,102459,0.8635
99.6,570000,675000,57,79,103279,103119,0.992937
99.7,495000,765000,78,58,103819,103419,0.956098
99.8,945000,300000,57,78,104239,103819,0.788396
99.9,195000,1.05e+06,73,65,104519,104379,0.679523
100,975000,270000,76,61,105181,104519,0.757199
100.1,450000,795000,60,80,105314,105219,0.928687
100.2,630000,630000,81,58,105903,105409,1
100.3,795000,450000,60,81,106207,105903,0.928687
100.4,300000,945000,80,60,106587,106302,0.788396
100.5,1.08e+06,165000,60,79,107081,106587,0.649293
100.6,195000,1.065e+06,68,73,107271,107195,0.677159
100.7,900000,345000,82,60,107974,107290,0.834221
100.8,495000,750000,61,82,108088,107974,0.959738
100.9,615000,630000,83,60,108677,108164,0.999855
101,765000,480000,62,83,108962,108677,0.950207
101.1,360000,900000,82,61,109380,109038,0.844828
101.2,1.02e+06,225000,62,82,109836,109380,0.710353
101.3,135000,1.11e+06,80,64,110083,109912,0.619849
101.4,1.08e+06,165000,74,72,110692,110083,0.649293
101.5,300000,960000,64,82,110782,110764,0.784698
101.6,840000,405000,84,63,111466,110836,0.891203
101.7,510000,735000,63,84,111574,111466,0.968372
101.8,630000,615000,85,64,112150,111646,0.999855
101.9,720000,525000,56,85,110048,112150,0.976056
102,420000,840000,28,48,54300,85864,0.9
102.1,484840,574840,32,46,54566,54566,0.992838
102.2,690000,555000,27,46,55323,55249,0.988379
102.3,705000,555000,26,47,56174,55952,0.986026
102.4,660000,585000,27,47,56980,56655,0.996384
102.5,570000,675000,33,40,57772,57340,0.992937
102.6,585000,660000,41,35,58591,58024,0.996384
102.7,600000,660000,45,31,59361,58731,0.997738
102.8,615000,630000,49,30,60125,59431,0.999855
102.9,600000,645000,49,29,60805,60159,0.998695
103,600000,645000,50,29,61485,60873,0.998695
103.1,615000,630000,51,31,62184,61621,0.999855
103.2,630000,630000,52,30,62877,62283,1
103.3,645000,600000,51,30,63569,62943,0.998695
103.4,630000,615000,52,31,64241,63633,0.999855
103.5,645000,600000,53,32,64945,64273,0.998695
103.6,660000,600000,52,34,65615,64945,0.997738
103.7,675000,570000,45,41,66204,65646,0.992937
103.8,660000,585000,40,46,66793,66328,0.996384
103.9,675000,570000,35,53,67413,67010,0.992937
104,585000,660000,34,55,67991,67721,0.996384
104.1,570000,690000,35,56,68561,68411,0.991011
104.2,540000,705000,35,55,69101,69101,0.982739
104.3,555000,690000,45,46,69791,69641,0.988379
104.4,540000,705000,57,35,70491,70172,0.982739
104.5,720000,540000,58,35,71187,70694,0.98
104.6,735000,510000,57,36,71883,71187,0.968372
104.7,720000,525000,46,49,72402,71883,0.976056
104.8,645000,600000,37,58,72878,72570,0.998695
104.9,510000,735000,39,59,73382,73270,0.968372
105,510000,750000,48,49,73970,73830,0.964989
105.1,585000,660000,59,38,74670,74278,0.996384
105.2,750000,495000,60,39,75353,74754,0.959738
105.3,765000,480000,47,52,75866,75353,0.950207
105.4,615000,645000,40,61,76325,76055,0.999433
105.5,465000,780000,42,59,76757,76730,0.939836
105.6,495000,750000,61,40,77459,77135,0.959738
105.7,780000,465000,61,41,78143,77567,0.939836
105.8,780000,465000,50,54,78663,78143,0.939836
105.9,585000,675000,41,62,79053,78819,0.994924
106,450000,795000,47,57,79521,79443,0.928687
106.1,570000,675000,64,43,80223,79833,0.992937
106.2,825000,420000,61,45,80890,80223,0.904306
106.3,720000,540000,44,63,81265,80915,0.98
106.4,435000,810000,43,64,81615,81590,0.916822
106.5,480000,765000,65,43,82290,81965,0.950207
106.6,840000,405000,66,44,82990,82315,0.891203
106.7,750000,495000,46,66,83365,82990,0.959738
106.8,405000,855000,45,65,83690,83690,0.886878
106.9,540000,705000,66,45,84370,84010,0.982739
107,855000,390000,63,49,85018,84370,0.87758
107.1,645000,600000,46,67,85330,85066,0.998695
107.2,390000,870000,57,58,85762,85642,0.873267
107.3,720000,525000,67,47,86458,85930,0.976056
107.4,870000,375000,48,66,86914,86458,0.8635
107.5,390000,855000,48,68,87226,87154,0.87758
107.6,495000,750000,69,48,87853,87508,0.959738
107.7,900000,360000,64,54,88474,87853,0.844828
107.8,570000,675000,48,70,88727,88543,0.992937
107.9,345000,900000,69,48,89233,88980,0.834221
108,900000,345000,70,49,89923,89256,0.834221
108.1,690000,570000,50,70,90222,89923,0.991011
108.2,330000,915000,64,57,90636,90475,0.819144
108.3,825000,420000,72,49,91341,90705,0.904306
108.4,735000,510000,51,72,91649,91341,0.968372
108.5,300000,945000,65,57,92023,91869,0.788396
108.6,840000,420000,72,51,92705,92111,0.9
108.7,735000,510000,51,72,93013,92705,0.968372
108.8,300000,945000,67,57,93409,93233,0.788396
108.9,870000,375000,73,52,94113,93453,0.8635
109,675000,585000,53,73,94377,94113,0.994924
109.1,285000,960000,74,52,94817,94575,0.772829
109.2,975000,270000,71,56,95491,94817,0.757199
109.3,540000,705000,54,73,95680,95512,0.982739
109.4,420000,825000,74,55,96184,95890,0.904306
109.5,975000,285000,63,64,96751,96184,0.769298
109.6,420000,825000,53,75,96940,96877,0.904306
109.7,570000,675000,76,55,97570,97129,0.992937
109.8,930000,315000,54,76,97990,97570,0.803851
109.9,255000,1.005e+06,63,67,98263,98179,0.738384
110,810000,435000,76,54,98956,98347,0.916822
110.1,690000,555000,56,76,99229,98956,0.988379
110.2,315000,930000,77,56,99670,99397,0.803851
110.3,1.02e+06,225000,68,67,100259,99670,0.710353
110.4,390000,870000,56,78,100399,100359,0.873267
110.5,645000,600000,77,56,101039,100539,0.998695
110.6,810000,435000,58,77,101379,101039,0.916822
110.7,225000,1.02e+06,77,58,101719,101519,0.710353
110.8,1.02e+06,240000,73,62,102359,101719,0.722951
110.9,450000,795000,57,79,102499,102419,0.928687
111,600000,645000,80,58,103119,102639,0.998695
111.1,840000,405000,58,80,103459,103119,0.891203
111.2,225000,1.02e+06,79,60,103819,103599,0.710353
111.3,1.05e+06,210000,70,68,104419,103819,0.692308
111.4,360000,885000,60,80,104559,104519,0.849026
111.5,705000,540000,81,60,105219,104679,0.982739
111.6,720000,525000,59,81,105466,105219,0.976056
111.7,360000,900000,82,59,105903,105580,0.844828
111.8,1.065e+06,180000,61,82,106378,105903,0.66432
111.9,150000,1.095e+06,73,69,106587,106473,0.634463
112,960000,285000,80,62,107252,106587,0.772829
112.1,450000,795000,62,82,107366,107271,0.928687
112.2,645000,615000,83,61,107974,107461,0.999433
112.3,765000,480000,62,83,108259,107974,0.950207
112.4,345000,900000,84,61,108677,108335,0.834221
112.5,1.035e+06,210000,63,84,109133,108677,0.694876
112.6,135000,1.125e+06,80,65,109380,109209,0.618297
112.7,1.065e+06,180000,75,71,110007,109380,0.66432
112.8,315000,930000,63,84,110083,110083,0.803851
112.9,810000,435000,85,63,110782,110159,0.916822
113,555000,690000,64,85,110926,110782,0.988379
113.1,585000,675000,85,64,111466,110998,0.994924
113.2,780000,465000,64,85,111736,111466,0.939836
113.3,360000,885000,86,65,112150,111808,0.849026
113.4,990000,255000,39,86,71384,112150,0.74155
113.5,150000,1.11e+06,29,31,54300,63984,0.632712
113.6,754840,304840,25,47,54756,54566,0.847218
113.7,630000,615000,30,43,55619,55249,0.999855
113.8,570000,690000,41,35,56507,55952,0.991011
113.9,585000,660000,46,30,57304,56655,0.996384
114,570000,675000,49,27,58024,57412,0.992937
114.1,585000,660000,50,28,58731,58204,0.996384
114.2,600000,645000,51,29,59431,58976,0.998695
114.3,615000,645000,50,29,60125,59711,0.999433
114.4,600000,645000,50,30,60805,60465,0.998695
114.5,645000,600000,48,33,61485,61179,0.998695
114.6,630000,615000,48,34,62184,61887,0.999855
114.7,630000,630000,49,35,62877,62580,1
114.8,600000,645000,51,32,63569,63240,0.998695
114.9,615000,630000,53,33,64241,63921,0.999855
115,645000,600000,54,33,64945,64561,0.998695
115.1,660000,585000,55,35,65646,65201,0.996384
115.2,675000,585000,54,34,66328,65801,0.994924
115.3,660000,585000,55,33,67010,66390,0.996384
115.4,675000,570000,54,36,67691,67010,0.992937
115.5,690000,555000,47,45,68261,67721,0.988379
115.6,705000,555000,38,55,68831,68411,0.986026
115.7,570000,675000,36,56,69371,69101,0.992937
115.8,555000,690000,36,57,69911,69791,0.988379
115.9,540000,705000,40,54,70491,70433,0.982739
116,525000,720000,54,43,71187,70955,0.976056
116.1,660000,600000,58,37,71883,71448,0.997738
116.2,720000,525000,59,38,72570,71970,0.976056
116.3,735000,510000,50,47,73130,72570,0.968372
116.4,690000,555000,38,60,73606,73270,0.988379
116.5,510000,750000,39,61,74082,73970,0.964989
116.6,480000,765000,49,50,74670,74530,0.950207
116.7,585000,660000,61,40,75353,75002,0.996384
116.8,765000,480000,62,41,76055,75434,0.950207
116.9,780000,465000,48,56,76568,76055,0.939836
117,570000,690000,41,63,76973,76757,0.991011
117.1,450000,795000,47,56,77459,77378,0.928687
117.2,555000,690000,62,42,78143,77805,0.988379
117.3,780000,465000,63,42,78819,78195,0.939836
117.4,795000,465000,46,59,79287,78819,0.935809
117.5,510000,735000,43,64,79677,79521,0.968372
117.6,435000,810000,56,53,80223,80067,0.916822
117.7,690000,555000,64,44,80915,80431,0.988379
117.8,810000,435000,57,53,81490,80915,0.916822
117.9,615000,645000,44,65,81840,81590,0.999433
118,420000,825000,52,58,82290,82190,0.904306
118.1,630000,615000,67,46,82990,82540,0.999855
118.2,855000,390000,56,56,83565,82990,0.87758
118.3,570000,690000,46,66,83914,83690,0.991011
118.4,405000,840000,58,55,84370,84226,0.891203
118.5,720000,525000,68,46,85066,84538,0.976056
118.6,870000,375000,51,65,85546,85066,0.8635
118.7,420000,825000,49,69,85858,85762,0.904306
118.8,465000,795000,68,48,86458,86146,0.935809
118.9,870000,375000,67,49,87130,86458,0.8635
119,660000,585000,49,69,87439,87154,0.996384
119.1,360000,885000,61,58,87853,87715,0.849026
119.2,765000,495000,71,49,88543,87991,0.956098
119.3,840000,405000,49,71,88934,88543,0.891203
119.4,330000,915000,53,66,89233,89187,0.819144
119.5,645000,600000,71,50,89923,89463,0.998695
119.6,915000,330000,54,69,90429,89923,0.819144
119.7,375000,885000,51,72,90682,90636,0.85923
119.8,555000,690000,73,50,91341,90912,0.988379
119.9,945000,300000,56,69,91847,91341,0.788396
120,360000,885000,52,72,92067,92023,0.849026
120.1,570000,690000,73,52,92705,92309,0.991011
120.2,945000,300000,56,69,93211,92705,0.788396
120.3,360000,885000,52,74,93431,93409,0.849026
120.4,600000,645000,74,53,94113,93651,0.998695
120.5,930000,315000,55,74,94575,94113,0.803851
120.6,300000,960000,57,71,94817,94773,0.784698
120.7,705000,540000,74,53,95512,94971,0.982739
120.8,810000,435000,55,74,95869,95512,0.916822
120.9,285000,960000,66,65,96184,96079,0.772829
121,840000,420000,76,55,96877,96268,0.9
121.1,690000,555000,55,76,97129,96877,0.988379
121.2,300000,945000,77,56,97570,97318,0.788396
121.3,1.005e+06,240000,68,64,98179,97570,0.725922
121.4,435000,810000,57,76,98368,98263,0.916822
121.5,555000,705000,77,56,98956,98536,0.986026
121.6,960000,285000,57,77,99418,98956,0.772829
121.7,240000,1.005e+06,65,70,99670,99586,0.725922
121.8,825000,420000,79,58,100359,99754,0.904306
121.9,660000,600000,57,79,100579,100359,0.997738
122,375000,870000,78,57,101039,100719,0.8635
122.1,1.02e+06,225000,63,74,101559,101039,0.710353
122.2,285000,960000,60,77,101719,101699,0.772829
122.3,750000,495000,80,60,102419,101859,0.959738
122.4,720000,540000,58,80,102679,102419,0.98
122.5,330000,915000,81,60,103119,102819,0.819144
122.6,1.065e+06,180000,62,78,103639,103119,0.66432
122.7,225000,1.02e+06,65,76,103819,103779,0.710353
122.8,825000,435000,81,59,104519,103899,0.912571
122.9,630000,615000,61,81,104739,104519,0.999855
123,435000,810000,82,61,105219,104858,0.916822
123.1,990000,255000,60,82,105637,105219,0.74155
123.2,165000,1.08e+06,78,67,105903,105751,0.649293
123.3,1.02e+06,240000,78,67,106549,105903,0.722951
123.4,390000,855000,62,82,106644,106587,0.87758
123.5,690000,555000,83,61,107271,106739,0.988379
123.6,720000,525000,63,83,107537,107271,0.976056
123.7,375000,885000,84,62,107974,107632,0.85923
123.8,1.035e+06,210000,63,84,108430,107974,0.694876
123.9,135000,1.11e+06,81,66,108677,108506,0.619849
124,1.065e+06,180000,76,73,109304,108677,0.66432
124.1,300000,945000,64,84,109380,109380,0.788396
124.2,810000,450000,85,64,110083,109475,0.924528
124.3,585000,660000,64,85,110254,110083,0.996384
124.4,540000,705000,86,64,110782,110330,0.982739
124.5,825000,420000,65,86,111088,110782,0.904306
124.6,315000,945000,86,65,111466,111160,0.8
124.7,1.05e+06,195000,65,86,111898,111466,0.679523
124.8,105000,1.14e+06,86,67,112150,111970,0.59133
124.9,1.125e+06,120000,30,79,54300,112150,0.605467
125,225000,1.02e+06,15,30,54300,54300,0.710353
125.1,604840,469840,40,35,55098,54566,0.984465
125.2,555000,690000,49,28,55952,55286,0.988379
125.3,570000,675000,50,29,56655,56137,0.992937
125.4,585000,675000,49,29,57340,56944,0.994924
125.5,645000,600000,45,33,58024,57736,0.998695
125.6,660000,585000,41,39,58731,58521,0.996384
125.7,645000,600000,39,43,59431,59291,0.998695
125.8,645000,615000,36,45,60125,60023,0.999433
125.9,645000,600000,33,49,60805,60771,0.998695
126,645000,600000,31,52,61485,61485,0.998695
126.1,630000,615000,31,53,62184,62184,0.999855
126.2,615000,630000,33,54,62877,62877,0.999855
126.3,615000,645000,34,51,63569,63537,0.999433
126.4,615000,630000,36,52,64241,64209,0.999855
126.5,600000,645000,40,49,64945,64849,0.998695
126.6,585000,660000,46,46,65646,65489,0.996384
126.7,585000,675000,51,39,66328,66080,0.994924
126.8,600000,645000,56,35,67010,66669,0.998695
126.9,675000,570000,57,35,67721,67258,0.992937
127,690000,555000,58,36,68411,67841,0.988379
127.1,705000,540000,57,39,69101,68411,0.982739
127.2,690000,570000,48,47,69641,69101,0.991011
127.3,705000,540000,37,58,70172,69791,0.982739
127.4,540000,705000,37,59,70694,70491,0.982739
127.5,525000,720000,39,60,71216,71187,0.976056
127.6,525000,735000,50,47,71883,71709,0.972973
127.7,585000,660000,60,39,72570,72231,0.996384
127.8,735000,510000,61,40,73270,72710,0.968372
127.9,750000,495000,54,47,73858,73270,0.959738
128,705000,540000,41,62,74334,73970,0.982739
128.1,495000,765000,40,61,74782,74670,0.956098
128.2,495000,750000,50,53,75353,75245,0.959738
128.3,585000,660000,63,42,76055,75677,0.996384
128.4,780000,465000,64,43,76757,76109,0.939836
128.5,795000,465000,45,61,77216,76757,0.935809
128.6,495000,750000,42,63,77621,77459,0.959738
128.7,465000,780000,51,55,78143,78039,0.939836
128.8,600000,645000,64,43,78819,78429,0.998695
128.9,795000,450000,65,45,79521,78845,0.928687
129,780000,480000,44,65,79911,79521,0.946352
129.1,435000,810000,45,66,80301,80223,0.916822
129.2,420000,825000,65,45,80915,80665,0.904306
129.3,810000,435000,66,46,81590,81040,0.916822
129.4,825000,435000,49,62,82065,81590,0.912571
129.5,480000,765000,45,67,82415,82290,0.950207
129.6,405000,840000,65,50,82990,82765,0.891203
129.7,810000,435000,67,47,83690,83090,0.916822
129.8,825000,420000,49,67,84130,83690,0.904306
129.9,420000,840000,47,68,84442,84370,0.9
130,450000,795000,69,47,85066,84754,0.928687
130.1,870000,375000,70,48,85762,85066,0.8635
130.2,690000,555000,50,70,86074,85762,0.988379
130.3,375000,885000,57,61,86458,86362,0.85923
130.4,690000,555000,70,48,87154,86650,0.988379
130.5,885000,360000,53,67,87646,87154,0.849026
130.6,405000,840000,50,71,87922,87853,0.891203
130.7,495000,750000,72,51,88543,88198,0.959738
130.8,915000,345000,63,59,89141,88543,0.830118
130.9,525000,720000,50,71,89394,89233,0.976056
131,375000,870000,72,51,89923,89670,0.8635
131.1,915000,330000,73,52,90636,89923,0.819144
131.2,645000,615000,52,73,90889,90636,0.999433
131.3,315000,930000,72,53,91341,91119,0.803851
131.4,915000,330000,73,52,92023,91341,0.819144
131.5,630000,615000,53,73,92265,92023,0.999855
131.6,315000,930000,73,55,92705,92507,0.803851
131.7,930000,330000,75,54,93409,92727,0.815157
131.8,630000,615000,53,75,93629,93409,0.999855
131.9,330000,915000,75,54,94113,93849,0.819144
132,960000,285000,72,59,94773,94113,0.772829
132.1,540000,720000,54,76,94971,94817,0.98
132.2,435000,810000,75,54,95512,95169,0.916822
132.3,960000,285000,64,67,96058,95512,0.772829
132.4,405000,840000,55,76,96247,96184,0.891203
132.5,570000,675000,77,57,96877,96457,0.992937
132.6,960000,300000,56,77,97318,96877,0.784698
132.7,255000,990000,63,72,97570,97507,0.74155
132.8,780000,465000,77,57,98263,97675,0.939836
132.9,705000,540000,59,77,98557,98263,0.982739
133,285000,975000,78,57,98956,98725,0.769298
133.1,1.005e+06,240000,73,63,99607,98956,0.725922
133.2,465000,780000,58,79,99775,99670,0.939836
133.3,555000,690000,80,58,100359,99919,0.988379
133.4,915000,330000,59,80,100759,100359,0.819144
133.5,225000,1.035e+06,72,65,101039,100899,0.707581
133.6,915000,330000,80,59,101719,101059,0.819144
133.7,555000,690000,59,80,101879,101719,0.988379
133.8,480000,765000,81,61,102419,102039,0.950207
133.9,990000,270000,60,81,102859,102419,0.753846
134,195000,1.05e+06,73,70,103119,102999,0.679523
134.1,930000,315000,81,61,103819,103119,0.803851
134.2,495000,750000,60,81,103939,103819,0.959738
134.3,555000,690000,82,61,104519,104079,0.988379
134.4,900000,360000,62,82,104915,104519,0.844828
134.5,180000,1.065e+06,82,63,105219,105029,0.66432
134.6,1.065e+06,180000,74,71,105808,105219,0.66432
134.7,345000,900000,63,84,105922,105903,0.834221
134.8,750000,510000,83,62,106587,106017,0.964989
134.9,660000,585000,63,83,106815,106587,0.996384
135,420000,825000,84,62,107271,106910,0.904306
135.1,990000,255000,64,84,107708,107271,0.74155
135.2,150000,1.095e+06,82,67,107974,107803,0.634463
135.3,1.065e+06,195000,78,72,108601,107974,0.677159
135.4,330000,915000,64,86,108677,108677,0.819144
135.5,795000,450000,85,64,109380,108753,0.928687
135.6,570000,675000,65,85,109551,109380,0.992937
135.7,540000,720000,86,65,110083,109646,0.98
135.8,855000,390000,65,86,110422,110083,0.87758
135.9,270000,975000,87,65,110782,110494,0.757199
136,1.095e+06,150000,66,87,111250,110782,0.634463
136.1,105000,1.14e+06,83,71,111466,111322,0.59133
136.2,1.08e+06,180000,78,75,112060,111466,0.662162
136.3,285000,960000,69,86,112150,112132,0.772829
136.4,855000,390000,31,67,54300,112186,0.87758
136.5,274840,975000,44,16,54452,54300,0.761137
136.6,555000,514840,49,28,55249,54756,0.998593
136.7,600000,645000,47,32,55952,55619,0.998695
136.8,675000,570000,41,40,56655,56470,0.992937
136.9,675000,585000,34,46,57340,57268,0.994924
137,675000,570000,30,51,58060,58024,0.992937
137.1,660000,585000,30,52,58836,58731,0.996384
137.2,645000,600000,32,53,59606,59431,0.998695
137.3,630000,615000,32,52,60329,60125,0.999855
137.4,660000,600000,33,52,61077,60805,0.997738
137.5,645000,600000,32,53,61788,61485,0.998695
137.6,630000,615000,33,54,62481,62184,0.999855
137.7,615000,630000,34,55,63174,62877,0.999855
137.8,615000,645000,34,54,63825,63569,0.999433
137.9,615000,630000,35,55,64497,64241,0.999855
138,600000,645000,35,56,65137,64945,0.998695
138.1,585000,660000,35,57,65739,65646,0.996384
138.2,570000,675000,37,56,66359,66328,0.992937
138.3,600000,660000,40,53,67010,66948,0.997738
138.4,570000,675000,48,46,67721,67537,0.992937
138.5,555000,690000,58,39,68411,68111,0.988379
138.6,690000,555000,58,38,69101,68651,0.988379
138.7,690000,570000,59,38,69791,69221,0.991011
138.8,705000,540000,56,41,70433,69791,0.982739
138.9,720000,525000,45,54,70955,70491,0.976056
139,615000,630000,40,61,71477,71187,0.999855
139.1,510000,735000,40,60,71970,71883,0.968372
139.2,540000,720000,47,55,72570,72486,0.98
139.3,525000,720000,62,41,73270,72962,0.976056
139.4,750000,495000,63,40,73970,73410,0.959738
139.5,765000,480000,56,49,74586,73970,0.950207
139.6,705000,555000,41,62,75029,74670,0.986026
139.7,495000,750000,43,63,75488,75353,0.959738
139.8,480000,765000,53,54,76055,75920,0.950207
139.9,615000,630000,65,42,76757,76325,0.999855
140,795000,450000,64,45,77459,76757,0.928687
140.1,765000,495000,43,64,77857,77459,0.956098
140.2,465000,780000,45,64,78273,78143,0.939836
140.3,465000,780000,56,53,78819,78663,0.939836
140.4,660000,585000,66,46,79521,79079,0.996384
140.5,810000,450000,61,50,80145,79521,0.924528
140.6,675000,570000,46,67,80535,80223,0.992937
140.7,420000,825000,48,64,80915,80890,0.904306
140.8,540000,705000,67,46,81590,81240,0.982739
140.9,825000,420000,68,48,82290,81615,0.904306
141,750000,510000,47,68,82640,82290,0.964989
141.1,405000,840000,48,69,82990,82990,0.891203
141.2,540000,705000,68,48,83690,83315,0.982739
141.3,840000,405000,67,51,84346,83690,0.891203
141.4,675000,585000,48,69,84658,84370,0.994924
141.5,390000,855000,56,62,85066,84970,0.87758
141.6,660000,585000,71,49,85762,85282,0.996384
141.7,885000,360000,54,66,86266,85762,0.849026
141.8,435000,810000,51,70,86578,86458,0.916822
141.9,435000,825000,71,49,87154,86866,0.912571
142,885000,360000,72,50,87853,87154,0.849026
142.1,675000,570000,51,72,88129,87853,0.992937
142.2,345000,900000,65,61,88543,88405,0.834221
142.3,795000,465000,72,52,89233,88658,0.935809
142.4,795000,450000,51,72,89601,89233,0.928687
142.5,345000,900000,57,69,89923,89877,0.834221
142.6,675000,570000,74,53,90636,90130,0.992937
142.7,900000,345000,54,74,91096,90636,0.834221
142.8,330000,930000,55,73,91341,91319,0.815157
142.9,645000,600000,74,53,92023,91539,0.998695
143,900000,345000,54,74,92463,92023,0.834221
143.1,315000,930000,56,75,92705,92705,0.803851
143.2,660000,600000,76,55,93409,92925,0.997738
143.3,900000,345000,54,76,93827,93409,0.834221
143.4,285000,960000,61,70,94113,94047,0.772829
143.5,735000,510000,77,55,94817,94245,0.968372
143.6,795000,450000,56,77,95169,94817,0.928687
143.7,285000,975000,69,62,95512,95365,0.769298
143.8,855000,390000,77,57,96184,95575,0.87758
143.9,675000,570000,56,77,96436,96184,0.992937
144,300000,945000,78,58,96877,96646,0.788396
144.1,990000,270000,73,62,97507,96877,0.753846
144.2,495000,750000,58,79,97696,97570,0.959738
144.3,510000,735000,78,58,98263,97864,0.968372
144.4,975000,270000,58,78,98725,98263,0.757199
144.5,255000,990000,63,75,98956,98914,0.74155
144.6,765000,495000,80,58,99670,99082,0.956098
144.7,735000,510000,60,80,99959,99670,0.968372
144.8,285000,960000,81,59,100359,100099,0.772829
144.9,1.035e+06,210000,70,71,100939,100359,0.694876
145,375000,885000,59,80,101079,101039,0.85923
145.1,645000,600000,81,60,101719,101239,0.998695
145.2,825000,420000,60,81,102059,101719,0.904306
145.3,210000,1.035e+06,82,60,102419,102199,0.694876
145.4,1.05e+06,195000,75,69,103039,102419,0.679523
145.5,405000,855000,62,83,103179,103119,0.886878
145.6,660000,585000,82,62,103819,103299,0.996384
145.7,765000,480000,61,82,104119,103819,0.950207
145.8,285000,960000,83,63,104519,104259,0.772829
145.9,1.065e+06,195000,70,76,105086,104519,0.677159
146,285000,960000,65,82,105219,105200,0.772829
146.1,795000,450000,85,62,105903,105295,0.928687
146.2,615000,630000,64,85,106093,105903,0.999855
146.3,480000,765000,84,64,106587,106188,0.950207
146.4,930000,330000,64,84,106986,106587,0.815157
146.5,165000,1.08e+06,84,64,107271,107081,0.649293
146.6,1.08e+06,165000,76,74,107879,107271,0.649293
146.7,315000,930000,65,86,107974,107974,0.803851
146.8,795000,465000,87,65,108677,108069,0.935809
146.9,600000,645000,65,87,108848,108677,0.998695
147,525000,720000,86,65,109380,108924,0.976056
147.1,840000,405000,66,86,109722,109380,0.891203
147.2,270000,975000,87,67,110083,109817,0.757199
147.3,1.125e+06,135000,66,87,110584,110083,0.618297
147.4,120000,1.125e+06,80,74,110782,110656,0.605467
147.5,1.02e+06,225000,82,73,111412,110782,0.710353
147.6,330000,915000,68,88,111484,111466,0.819144
147.7,810000,450000,89,67,112150,111538,0.924528
147.8,555000,690000,68,89,110048,112150,0.988379
147.9,585000,660000,32,64,54300,110048,0.996384
148,319840,754840,47,43,54566,54414,0.859225
148.1,690000,555000,38,42,55249,55098,0.988379
148.2,690000,555000,30,51,55952,55952,0.988379
148.3,675000,570000,30,52,56764,56655,0.992937
148.4,660000,585000,32,51,57592,57340,0.996384
148.5,660000,600000,33,50,58381,58024,0.997738
148.6,600000,645000,37,47,59151,58731,0.998695
148.7,615000,630000,41,46,59921,59431,0.999855
148.8,600000,645000,43,43,60635,60125,0.998695
148.9,600000,660000,48,39,61383,60805,0.997738
149,615000,630000,49,38,62085,61485,0.999855
149.1,630000,615000,50,39,62778,62184,0.999855
149.2,645000,600000,49,42,63471,62877,0.998695
149.3,630000,615000,48,43,64113,63569,0.999855
149.4,645000,615000,47,45,64785,64241,0.999433
149.5,660000,585000,44,50,65425,64945,0.996384
149.6,675000,570000,37,57,66018,65646,0.992937
149.7,585000,660000,39,57,66638,66328,0.996384
149.8,600000,660000,37,58,67227,67010,0.997738
149.9,570000,675000,37,59,67811,67721,0.992937
150,555000,690000,41,58,68411,68381,0.988379
150.1,540000,705000,51,47,69101,68921,0.982739
150.2,570000,675000,60,40,69791,69491,0.992937
150.3,705000,555000,61,40,70491,70027,0.986026
150.4,720000,525000,62,39,71187,70520,0.976056
150.5,735000,510000,51,52,71738,71187,0.968372
150.6,660000,585000,41,61,72231,71883,0.996384
150.7,540000,720000,42,62,72738,72570,0.98
150.8,510000,735000,46,59,73270,73214,0.968372
150.9,495000,750000,64,41,73970,73662,0.959738
151,765000,480000,63,42,74670,74110,0.950207
151.1,750000,495000,57,49,75272,74670,0.959738
151.2,720000,540000,44,64,75731,75353,0.98
151.3,480000,765000,44,65,76163,76055,0.950207
151.4,465000,780000,58,51,76757,76568,0.939836
151.5,675000,570000,65,46,77459,77000,0.992937
151.6,780000,480000,61,48,78091,77459,0.946352
151.7,720000,525000,46,65,78507,78143,0.976056
151.8,465000,780000,45,66,78897,78819,0.939836
151.9,450000,795000,63,49,79521,79287,0.928687
152,750000,495000,68,47,80223,79677,0.959738
152.1,825000,435000,55,60,80765,80223,0.912571
152.2,540000,705000,48,67,81115,80915,0.982739
152.3,435000,810000,57,58,81590,81465,0.916822
152.4,660000,585000,69,49,82290,81840,0.996384
152.5,840000,420000,60,57,82865,82290,0.9
152.6,585000,660000,49,70,83215,82990,0.996384
152.7,390000,855000,61,57,83690,83540,0.87758
152.8,720000,525000,70,48,84370,83865,0.976056
152.9,855000,405000,55,64,84874,84370,0.886878
153,480000,765000,49,71,85186,85066,0.950207
153.1,390000,855000,72,51,85762,85498,0.87758
153.2,885000,360000,71,51,86458,85786,0.849026
153.3,705000,540000,52,71,86794,86458,0.982739
153.4,390000,870000,57,66,87154,87082,0.873267
153.5,660000,585000,73,51,87853,87370,0.996384
153.6,900000,345000,56,70,88336,87853,0.834221
153.7,390000,855000,52,74,88589,88543,0.87758
153.8,525000,735000,73,53,89233,88865,0.972973
153.9,900000,345000,64,62,89808,89233,0.834221
154,510000,735000,54,74,90084,89923,0.968372
154.1,405000,840000,75,54,90636,90337,0.891203
154.2,930000,315000,72,59,91297,90636,0.803851
154.3,570000,690000,54,76,91517,91341,0.991011
154.4,375000,870000,75,54,92023,91737,0.8635
154.5,930000,315000,71,59,92661,92023,0.803851
154.6,555000,690000,55,76,92881,92705,0.988379
154.7,390000,870000,77,56,93409,93123,0.873267
154.8,960000,285000,69,63,94025,93409,0.772829
154.9,495000,750000,57,77,94245,94113,0.959738
155,465000,780000,78,56,94817,94443,0.939836
155.1,975000,270000,63,72,95365,94817,0.757199
155.2,375000,885000,56,77,95554,95512,0.85923
155.3,585000,660000,78,58,96184,95764,0.996384
155.4,945000,300000,57,78,96625,96184,0.788396
155.5,270000,975000,63,73,96877,96814,0.757199
155.6,750000,510000,80,57,97570,97003,0.964989
155.7,765000,480000,59,80,97885,97570,0.950207
155.8,240000,1.005e+06,79,59,98263,98053,0.725922
155.9,990000,255000,76,62,98914,98263,0.74155
156,510000,735000,60,80,99103,98956,0.968372
156.1,495000,765000,81,59,99670,99271,0.956098
156.2,1.005e+06,240000,61,81,100139,99670,0.725922
156.3,225000,1.02e+06,68,74,100359,100279,0.710353
156.4,825000,420000,81,60,101039,100419,0.904306
156.5,645000,615000,60,81,101259,101039,0.999433
156.6,375000,870000,82,62,101719,101419,0.8635
156.7,1.035e+06,210000,65,78,102239,101719,0.694876
156.8,270000,975000,65,79,102419,102379,0.757199
156.9,780000,465000,84,62,103119,102519,0.939836
157,675000,585000,63,84,103359,103119,0.994924
157.1,390000,855000,83,63,103819,103479,0.87758
157.2,1.035e+06,210000,63,83,104299,103819,0.694876
157.3,195000,1.05e+06,72,76,104519,104439,0.679523
157.4,885000,375000,85,63,105219,104559,0.85923
157.5,555000,690000,64,85,105371,105219,0.988379
157.6,525000,720000,86,63,105903,105466,0.976056
157.7,885000,360000,65,86,106264,105903,0.849026
157.8,210000,1.035e+06,85,65,106587,106359,0.694876
157.9,1.08e+06,180000,74,77,107157,106587,0.662162
158,285000,960000,67,84,107271,107252,0.772829
158.1,810000,435000,87,65,107974,107347,0.916822
158.2,585000,660000,66,87,108145,107974,0.996384
158.3,525000,735000,88,66,108677,108240,0.972973
158.4,870000,375000,66,88,109019,108677,0.8635
158.5,255000,990000,87,66,109380,109095,0.74155
158.6,1.11e+06,135000,67,87,109893,109380,0.619849
158.7,135000,1.11e+06,79,77,110083,109988,0.619849
158.8,990000,270000,85,70,110746,110083,0.753846
158.9,390000,855000,67,89,110818,110782,0.87758
159,750000,495000,89,68,111466,110890,0.959738
159.1,600000,645000,68,89,111628,111466,0.998695
159.2,540000,720000,90,68,112150,111700,0.98
159.3,825000,420000,54,90,87312,112150,0.904306
159.4,315000,930000,33,47,54300,77176,0.803851
159.5,589840,484840,30,51,54566,54566,0.990544
159.6,690000,555000,31,51,55434,55249,0.988379
159.7,675000,570000,32,51,56285,55952,0.992937
159.8,585000,660000,38,46,57088,56655,0.996384
159.9,570000,675000,46,39,57916,57340,0.992937
160,585000,675000,52,33,58696,58024,0.994924
160.1,600000,645000,55,32,59431,58766,0.998695
160.2,615000,630000,54,33,60125,59501,0.999855
160.3,600000,645000,54,34,60805,60261,0.998695
160.4,600000,660000,55,35,61485,61009,0.997738
160.5,615000,630000,56,35,62184,61722,0.999855
160.6,630000,615000,57,35,62877,62382,0.999855
160.7,645000,600000,56,35,63569,63042,0.998695
160.8,630000,615000,57,37,64241,63729,0.999855
160.9,645000,615000,58,36,64945,64369,0.999433
161,660000,585000,59,37,65646,65009,0.996384
161.1,675000,570000,56,40,66297,65646,0.992937
161.2,660000,585000,51,45,66886,66328,0.996384
161.3,675000,585000,46,51,67506,67010,0.994924
161.4,690000,555000,39,60,68081,67721,0.988379
161.5,555000,690000,40,61,68651,68411,0.988379
161.6,540000,705000,40,60,69191,69101,0.982739
161.7,555000,690000,44,59,69791,69761,0.988379
161.8,555000,705000,55,48,70491,70288,0.986026
161.9,615000,630000,63,40,71187,70781,0.999855
162,735000,510000,62,41,71883,71274,0.968372
162.1,720000,525000,57,48,72486,71883,0.976056
162.2,735000,525000,44,62,72990,72570,0.972973
162.3,525000,720000,43,64,73466,73270,0.976056
162.4,495000,750000,47,61,73970,73914,0.959738
162.5,495000,750000,64,43,74670,74362,0.959738
162.6,750000,495000,65,44,75353,74838,0.959738
162.7,765000,495000,60,50,75974,75353,0.956098
162.8,705000,540000,45,66,76406,76055,0.982739
162.9,465000,780000,45,67,76811,76757,0.939836
163,450000,795000,63,48,77459,77216,0.928687
163.1,735000,525000,66,45,78143,77648,0.972973
163.2,780000,465000,61,52,78741,78143,0.939836
163.3,675000,570000,46,67,79131,78819,0.992937
163.4,450000,795000,46,68,79521,79521,0.928687
163.5,480000,765000,69,48,80223,79911,0.950207
163.6,825000,435000,68,47,80915,80275,0.912571
163.7,810000,435000,49,68,81340,80915,0.916822
163.8,435000,810000,48,69,81690,81590,0.916822
163.9,420000,825000,68,50,82290,82040,0.904306
164,810000,450000,71,48,82990,82390,0.924528
164.1,855000,390000,50,71,83440,82990,0.87758
164.2,390000,855000,50,70,83765,83690,0.87758
164.3,450000,795000,71,50,84370,84082,0.928687
164.4,855000,390000,72,52,85066,84418,0.87758
164.5,750000,510000,50,72,85402,85066,0.964989
164.6,375000,870000,56,69,85762,85714,0.8635
164.7,630000,615000,72,52,86458,86002,0.999855
164.8,870000,375000,59,65,86986,86458,0.8635
164.9,495000,765000,52,73,87298,87154,0.956098
165,390000,855000,74,52,87853,87577,0.87758
165.1,900000,345000,75,53,88543,87853,0.834221
165.2,660000,585000,53,75,88796,88543,0.996384
165.3,330000,915000,69,60,89233,89072,0.819144
165.4,825000,435000,75,53,89923,89325,0.912571
165.5,780000,465000,55,75,90291,89923,0.939836
165.6,330000,915000,63,68,90636,90544,0.819144
165.7,735000,510000,77,54,91341,90774,0.968372
165.8,840000,420000,55,77,91715,91341,0.9
165.9,300000,945000,63,68,92023,91935,0.788396
166,735000,510000,77,56,92705,92177,0.968372
166.1,825000,420000,56,77,93079,92705,0.904306
166.2,300000,945000,66,70,93409,93321,0.788396
166.3,780000,480000,78,56,94113,93519,0.946352
166.4,765000,480000,58,78,94443,94113,0.950207
166.5,285000,960000,73,63,94817,94641,0.772829
166.6,885000,360000,78,57,95512,94839,0.849026
166.7,645000,615000,58,78,95743,95512,0.999433
166.8,315000,930000,79,59,96184,95953,0.803851
166.9,975000,270000,74,63,96814,96184,0.757199
167,510000,735000,58,80,97003,96877,0.968372
167.1,480000,765000,81,60,97570,97192,0.950207
167.2,1.005e+06,255000,62,79,98074,97570,0.738384
167.3,270000,975000,62,78,98263,98242,0.757199
167.4,720000,525000,81,59,98956,98410,0.976056
167.5,780000,465000,61,81,99292,98956,0.939836
167.6,255000,1.005e+06,80,62,99670,99460,0.738384
167.7,990000,255000,79,65,100319,99670,0.74155
167.8,480000,765000,61,83,100459,100359,0.950207
167.9,555000,690000,82,61,101039,100599,0.988379
168,900000,345000,63,82,101439,101039,0.834221
168.1,240000,1.02e+06,75,71,101719,101599,0.722951
168.2,915000,330000,84,63,102419,101739,0.819144
168.3,540000,705000,62,84,102559,102419,0.982739
168.4,510000,735000,85,63,103119,102699,0.968372
168.5,945000,315000,64,85,103539,103119,0.8
168.6,180000,1.065e+06,80,68,103819,103659,0.66432
168.7,990000,255000,81,67,104479,103819,0.74155
168.8,450000,795000,65,85,104619,104519,0.928687
168.9,615000,630000,86,65,105219,104739,0.999855
169,825000,435000,65,86,105542,105219,0.912571
169.1,255000,990000,87,64,105903,105637,0.74155
169.2,1.095e+06,150000,70,83,106435,105903,0.634463
169.3,210000,1.035e+06,72,80,106587,106530,0.694876
169.4,870000,390000,87,66,107271,106644,0.873267
169.5,555000,690000,66,87,107423,107271,0.988379
169.6,540000,705000,88,66,107974,107518,0.982739
169.7,855000,390000,67,88,108316,107974,0.87758
169.8,255000,990000,89,68,108677,108411,0.74155
169.9,1.125e+06,135000,68,88,109190,108677,0.618297
170,135000,1.11e+06,79,76,109380,109266,0.619849
170.1,975000,270000,87,70,110064,109380,0.757199
170.2,405000,840000,68,89,110140,110083,0.891203
170.3,720000,540000,90,69,110782,110235,0.98
170.4,660000,585000,68,90,110980,110782,0.996384
170.5,480000,765000,90,69,111466,111052,0.950207
170.6,870000,375000,69,90,111790,111466,0.8635
170.7,270000,975000,91,70,112150,111862,0.757199
170.8,1.095e+06,165000,37,91,64708,112150,0.647339
170.9,105000,1.14e+06,30,34,54300,54300,0.59133
171,769840,289840,33,51,54908,54566,0.829752
171.1,555000,705000,43,41,55767,55249,0.986026
171.2,570000,675000,52,34,56618,55952,0.992937
171.3,585000,660000,53,33,57340,56728,0.996384
171.4,570000,675000,54,32,58024,57520,0.992937
171.5,585000,675000,55,34,58731,58346,0.994924
171.6,630000,615000,54,35,59431,59081,0.999855
171.7,630000,615000,52,37,60125,59816,0.999855
171.8,645000,600000,49,41,60805,60567,0.998695
171.9,645000,600000,47,46,61485,61315,0.998695
172,645000,615000,46,47,62184,62019,0.999433
172.1,615000,630000,48,46,62877,62679,0.999855
172.2,600000,645000,50,43,63569,63339,0.998695
172.3,615000,630000,52,44,64241,64017,0.999855
172.4,615000,645000,55,41,64945,64657,0.999433
172.5,600000,645000,60,39,65646,65297,0.998695
172.6,675000,570000,59,39,66328,65894,0.992937
172.7,660000,585000,60,38,67010,66483,0.996384
172.8,675000,570000,61,41,67721,67103,0.992937
172.9,690000,570000,58,43,68351,67721,0.991011
173,705000,540000,49,54,68921,68411,0.982739
173.1,660000,585000,41,61,69461,69101,0.996384
173.2,555000,690000,41,62,69998,69791,0.988379
173.3,555000,705000,42,63,70549,70491,0.986026
173.4,525000,720000,52,54,71187,71042,0.976056
173.5,555000,690000,63,42,71883,71535,0.988379
173.6,720000,525000,64,43,72570,72057,0.976056
173.7,735000,510000,63,46,73242,72570,0.968372
173.8,750000,510000,47,62,73718,73270,0.964989
173.9,540000,705000,44,66,74166,73970,0.982739
174,480000,765000,48,61,74670,74614,0.950207
174.1,495000,750000,66,45,75353,75083,0.959738
174.2,765000,495000,67,45,76055,75515,0.956098
174.3,780000,465000,59,54,76649,76055,0.939836
174.4,660000,585000,46,68,77054,76757,0.996384
174.5,450000,795000,46,67,77459,77459,0.928687
174.6,465000,780000,67,47,78143,77883,0.939836
174.7,780000,480000,68,48,78819,78299,0.946352
174.8,795000,450000,57,58,79365,78819,0.928687
174.9,600000,645000,48,69,79755,79521,0.998695
175,435000,810000,55,64,80223,80145,0.916822
175.1,600000,660000,69,48,80915,80509,0.997738
175.2,810000,435000,68,51,81565,80915,0.916822
175.3,705000,540000,49,70,81915,81590,0.982739
175.4,420000,825000,51,69,82290,82265,0.904306
175.5,540000,705000,72,51,82990,82615,0.982739
175.6,855000,405000,69,54,83665,82990,0.886878
175.7,660000,585000,52,71,83986,83690,0.996384
175.8,405000,840000,57,66,84370,84298,0.891203
175.9,630000,615000,73,51,85066,84610,0.999855
176,870000,390000,62,63,85618,85066,0.873267
176.1,525000,720000,53,74,85930,85762,0.976056
176.2,360000,885000,73,53,86458,86218,0.849026
176.3,870000,375000,74,52,87154,86506,0.8635
176.4,750000,495000,54,74,87508,87154,0.959738
176.5,375000,885000,59,69,87853,87784,0.85923
176.6,660000,585000,76,54,88543,88060,0.996384
176.7,915000,330000,55,75,89003,88543,0.819144
176.8,345000,900000,54,75,89256,89233,0.834221
176.9,555000,705000,76,54,89923,89532,0.986026
177,915000,330000,65,67,90498,89923,0.819144
177.1,465000,780000,56,77,90751,90636,0.939836
177.2,465000,780000,78,55,91341,90981,0.939836
177.3,945000,300000,67,68,91913,91341,0.788396
177.4,465000,795000,56,77,92133,92023,0.935809
177.5,465000,780000,78,57,92705,92375,0.939836
177.6,945000,300000,67,68,93277,92705,0.788396
177.7,450000,795000,57,79,93497,93409,0.928687
177.8,510000,750000,79,57,94113,93717,0.964989
177.9,960000,285000,64,74,94641,94113,0.772829
178,360000,885000,58,80,94839,94817,0.849026
178.1,615000,630000,79,58,95512,95037,0.999855
178.2,900000,345000,60,79,95932,95512,0.834221
178.3,300000,960000,64,76,96184,96142,0.784698
178.4,735000,510000,81,60,96877,96331,0.968372
178.5,780000,465000,60,81,97192,96877,0.939836
178.6,255000,990000,79,64,97570,97381,0.74155
178.7,960000,300000,81,62,98263,97570,0.784698
178.8,540000,705000,61,81,98431,98263,0.982739
178.9,450000,795000,82,61,98956,98599,0.928687
179,1.005e+06,240000,65,79,99481,98956,0.725922
179.1,285000,960000,64,81,99670,99649,0.772829
179.2,735000,525000,84,62,100359,99817,0.972973
179.3,750000,495000,62,84,100639,100359,0.959738
179.4,285000,960000,83,62,101039,100779,0.772829
179.5,1.02e+06,225000,74,73,101619,101039,0.710353
179.6,390000,870000,64,84,101779,101719,0.873267
179.7,645000,600000,85,64,102419,101919,0.998695
179.8,810000,435000,63,85,102739,102419,0.916822
179.9,240000,1.005e+06,86,65,103119,102879,0.725922
180,1.065e+06,180000,75,77,103719,103119,0.66432
180.1,330000,930000,65,85,103839,103819,0.815157
180.2,720000,525000,86,64,104519,103959,0.976056
180.3,720000,525000,66,86,104799,104519,0.976056
180.4,345000,900000,87,66,105219,104915,0.834221
180.5,1.08e+06,180000,68,86,105713,105219,0.662162
180.6,180000,1.065e+06,76,78,105903,105808,0.66432
180.7,915000,330000,87,66,106587,105903,0.819144
180.8,480000,765000,67,87,106701,106587,0.950207
180.9,600000,645000,88,68,107271,106815,0.998695
181,825000,435000,67,88,107594,107271,0.912571
181.1,270000,975000,89,67,107974,107689,0.757199
181.2,1.11e+06,135000,69,88,108487,107974,0.619849
181.3,150000,1.095e+06,80,77,108677,108563,0.634463
181.4,975000,285000,87,71,109361,108677,0.769298
181.5,405000,840000,68,89,109437,109380,0.891203
181.6,705000,540000,90,69,110083,109532,0.982739
181.7,675000,570000,69,90,110311,110083,0.992937
181.8,450000,795000,91,71,110782,110404,0.928687
181.9,930000,330000,69,91,111142,110782,0.815157
182,210000,1.035e+06,91,70,111466,111214,0.694876
182.1,1.14e+06,105000,70,91,111952,111466,0.59133
182.2,105000,1.14e+06,85,78,112150,112024,0.59133
182.3,1.035e+06,225000,35,77,54300,112150,0.707581
182.4,274840,960000,16,32,54300,54300,0.764604
182.5,555000,514840,51,34,55212,54566,0.998593
182.6,555000,705000,54,32,55952,55397,0.986026
182.7,570000,675000,55,33,56655,56248,0.992937
182.8,645000,600000,50,38,57340,57052,0.998695
182.9,675000,570000,44,44,58024,57844,0.992937
183,660000,585000,40,52,58731,58661,0.996384
183.1,660000,600000,37,55,59431,59396,0.997738
183.2,630000,615000,35,56,60125,60125,0.999855
183.3,645000,600000,37,56,60873,60805,0.998695
183.4,645000,600000,36,57,61587,61485,0.998695
183.5,645000,615000,38,58,62316,62184,0.999433
183.6,615000,630000,37,59,62976,62877,0.999855
183.7,600000,645000,37,58,63633,63569,0.998695
183.8,615000,630000,39,59,64305,64241,0.999855
183.9,600000,645000,39,60,64945,64945,0.998695
184,600000,660000,44,57,65646,65584,0.997738
184.1,570000,675000,50,50,66328,66173,0.992937
184.2,585000,660000,56,45,67010,66762,0.996384
184.3,600000,645000,62,40,67721,67351,0.998695
184.4,690000,570000,63,40,68411,67931,0.991011
184.5,705000,540000,62,41,69101,68471,0.982739
184.6,690000,555000,59,46,69731,69101,0.988379
184.7,705000,540000,48,57,70259,69791,0.982739
184.8,630000,615000,44,64,70810,70491,0.999855
184.9,540000,720000,43,65,71303,71187,0.98
185,510000,735000,49,58,71883,71796,0.968372
185.1,525000,720000,63,46,72570,72318,0.976056
185.2,705000,540000,66,45,73270,72794,0.982739
185.3,750000,510000,67,45,73970,73270,0.964989
185.4,765000,480000,48,64,74418,73970,0.950207
185.5,525000,720000,45,66,74866,74670,0.976056
185.6,495000,750000,49,65,75353,75326,0.959738
185.7,495000,750000,68,47,76055,75758,0.959738
185.8,780000,480000,69,47,76757,76190,0.946352
185.9,795000,450000,56,60,77297,76757,0.928687
186,585000,660000,47,68,77701,77459,0.996384
186.1,465000,780000,50,66,78143,78117,0.939836
186.2,510000,750000,69,49,78819,78533,0.964989
186.3,795000,450000,70,49,79521,78923,0.928687
186.4,810000,435000,53,66,79989,79521,0.916822
186.5,495000,750000,50,71,80379,80223,0.959738
186.6,420000,825000,64,56,80915,80740,0.904306
186.7,720000,540000,71,51,81590,81115,0.98
186.8,825000,420000,60,61,82140,81590,0.904306
186.9,570000,675000,50,72,82490,82290,0.992937
187,405000,840000,64,61,82990,82840,0.891203
187.1,720000,540000,72,51,83690,83165,0.98
187.2,840000,405000,59,66,84202,83690,0.891203
187.3,495000,750000,52,73,84514,84370,0.959738
187.4,390000,855000,72,54,85066,84826,0.87758
187.5,840000,405000,75,53,85762,85138,0.891203
187.6,795000,465000,54,75,86146,85762,0.935809
187.7,360000,885000,56,72,86458,86434,0.849026
187.8,600000,645000,75,53,87154,86722,0.998695
187.9,885000,360000,64,66,87715,87154,0.849026
188,510000,750000,54,76,87991,87853,0.964989
188.1,390000,855000,77,55,88543,88267,0.87758
188.2,915000,330000,74,58,89210,88543,0.819144
188.3,615000,630000,55,76,89463,89233,0.999855
188.4,345000,900000,73,60,89923,89739,0.834221
188.5,855000,405000,78,56,90636,89992,0.886878
188.6,735000,510000,57,78,90958,90636,0.968372
188.7,315000,930000,71,64,91341,91187,0.803851
188.8,825000,420000,78,57,92023,91407,0.904306
188.9,735000,525000,57,78,92331,92023,0.972973
189,315000,930000,71,66,92705,92573,0.803851
189.1,825000,420000,80,59,93409,92793,0.904306
189.2,720000,525000,58,80,93695,93409,0.976056
189.3,285000,960000,77,62,94113,93915,0.772829
189.4,915000,345000,81,60,94817,94135,0.830118
189.5,630000,615000,59,81,95037,94817,0.999855
189.6,345000,900000,80,59,95512,95235,0.834221
189.7,960000,285000,75,66,96121,95512,0.772829
189.8,510000,750000,61,81,96331,96184,0.964989
189.9,465000,780000,82,61,96877,96520,0.939836
190,990000,255000,65,78,97381,96877,0.74155
190.1,315000,930000,62,83,97570,97570,0.803851
190.2,690000,555000,82,62,98263,97738,0.988379
190.3,810000,450000,63,82,98620,98263,0.924528
190.4,255000,990000,78,67,98956,98788,0.74155
190.5,930000,315000,84,62,99670,98956,0.803851
190.6,555000,690000,63,84,99838,99670,0.988379
190.7,465000,795000,85,64,100359,99999,0.935809
190.8,1.02e+06,225000,63,85,100819,100359,0.710353
190.9,210000,1.035e+06,71,76,101039,100959,0.694876
191,825000,420000,85,64,101719,101119,0.904306
191.1,645000,600000,66,85,101959,101719,0.998695
191.2,390000,870000,86,65,102419,102099,0.873267
191.3,1.05e+06,195000,67,84,102919,102419,0.679523
191.4,225000,1.02e+06,72,81,103119,103059,0.710353
191.5,840000,405000,86,66,103819,103179,0.891203
191.6,600000,660000,66,86,104019,103819,0.997738
191.7,450000,795000,87,65,104519,104139,0.928687
191.8,990000,255000,67,87,104972,104519,0.74155
191.9,180000,1.065e+06,81,74,105219,105086,0.66432
192,975000,270000,87,70,105884,105219,0.757199
192.1,450000,810000,67,89,105979,105903,0.924528
192.2,645000,600000,88,67,106587,106074,0.998695
192.3,750000,495000,68,88,106872,106587,0.959738
192.4,330000,915000,89,67,107271,106967,0.819144
192.5,1.095e+06,165000,68,89,107765,107271,0.647339
192.6,150000,1.095e+06,80,78,107974,107860,0.634463
192.7,960000,285000,89,71,108658,107974,0.772829
192.8,420000,825000,69,91,108734,108677,0.904306
192.9,705000,540000,90,71,109380,108829,0.982739
193,675000,585000,69,90,109608,109380,0.994924
193.1,435000,810000,91,70,110083,109703,0.916822
193.2,945000,300000,70,91,110476,110083,0.788396
193.3,180000,1.065e+06,92,70,110782,110548,0.66432
193.4,1.14e+06,120000,74,88,111304,110782,0.60411
193.5,165000,1.08e+06,81,82,111466,111376,0.649293
193.6,975000,270000,89,74,112114,111466,0.757199
193.7,375000,870000,72,93,112186,112150,0.8635
193.8,765000,480000,36,73,54300,110048,0.950207
193.9,274840,934840,54,17,54566,54300,0.770607
194,555000,555000,54,33,55249,54870,1
194.1,690000,555000,46,43,55952,55730,0.988379
194.2,690000,570000,39,52,56655,56581,0.991011
194.3,660000,585000,35,55,57376,57340,0.996384
194.4,675000,570000,35,56,58168,58024,0.992937
194.5,660000,585000,35,57,58941,58731,0.996384
194.6,660000,600000,36,58,59711,59431,0.997738
194.7,630000,615000,36,57,60431,60125,0.999855
194.8,615000,630000,40,55,61179,60805,0.999855
194.9,615000,630000,41,54,61887,61485,0.999855
195,630000,615000,44,55,62613,62184,0.999855
195.1,645000,615000,41,57,63273,62877,0.999433
195.2,630000,615000,40,58,63921,63569,0.999855
195.3,630000,615000,40,60,64593,64241,0.999855
195.4,600000,645000,41,61,65233,64945,0.998695
195.5,600000,660000,41,62,65863,65646,0.997738
195.6,570000,675000,41,61,66452,66328,0.992937
195.7,585000,660000,41,62,67041,67010,0.996384
195.8,570000,675000,47,57,67721,67630,0.992937
195.9,555000,690000,57,50,68411,68201,0.988379
196,600000,660000,63,42,69101,68741,0.997738
196.1,690000,555000,64,43,69791,69311,0.988379
196.2,705000,540000,65,44,70491,69851,0.982739
196.3,720000,525000,56,53,71042,70491,0.976056
196.4,720000,540000,44,66,71564,71187,0.98
196.5,510000,735000,44,65,72057,71883,0.968372
196.6,525000,720000,46,66,72570,72570,0.976056
196.7,510000,735000,62,51,73270,73046,0.968372
196.8,675000,570000,68,47,73970,73522,0.992937
196.9,765000,495000,67,47,74670,73970,0.956098
197,750000,495000,49,64,75110,74670,0.959738
197.1,540000,705000,48,68,75569,75353,0.982739
197.2,480000,765000,52,65,76055,76001,0.950207
197.3,525000,735000,70,48,76757,76433,0.972973
197.4,795000,450000,69,49,77459,76838,0.928687
197.5,780000,465000,53,64,77935,77459,0.939836
197.6,540000,705000,50,69,78351,78143,0.982739
197.7,465000,780000,55,66,78819,78767,0.939836
197.8,570000,690000,71,50,79521,79157,0.991011
197.9,810000,435000,72,49,80223,79521,0.916822
198,765000,480000,51,72,80613,80223,0.950207
198.1,420000,825000,51,71,80965,80915,0.904306
198.2,450000,810000,72,52,81590,81340,0.924528
198.3,825000,420000,73,52,82290,81690,0.904306
198.4,840000,405000,52,73,82715,82290,0.891203
198.5,405000,840000,53,74,83065,82990,0.891203
198.6,450000,795000,73,53,83690,83390,0.928687
198.7,840000,420000,74,53,84370,83740,0.9
198.8,765000,480000,53,74,84730,84370,0.950207
198.9,390000,855000,55,73,85066,85042,0.87758
199,570000,675000,76,54,85762,85354,0.992937
199.1,885000,375000,67,64,86362,85762,0.85923
199.2,540000,705000,55,75,86650,86458,0.982739
199.3,375000,870000,73,58,87154,86938,0.8635
199.4,840000,405000,77,55,87853,87226,0.891203
199.5,765000,480000,56,77,88198,87853,0.950207
199.6,360000,900000,63,72,88543,88474,0.844828
199.7,690000,555000,77,57,89233,88727,0.988379
199.8,885000,360000,56,77,89670,89233,0.849026
199.9,345000,900000,58,78,89946,89923,0.834221
