Time,Bbr_1_Bps,Bbr_2_Bps,Bbr_1_PktLoss,Bbr_2_PktLoss,Bbr_1_Cwnd,Bbr_2_Cwnd,JainsFairnessIndex
0.4,571080,526080,20,19,53576,53576,0.998321
0.5,645000,600000,63,55,105704,97016,0.998695
0.6,615000,630000,65,55,108600,97016,0.999855
0.7,690000,570000,64,55,108600,97016,0.991011
0.8,690000,555000,60,59,108600,97016,0.988379
0.9,630000,615000,62,57,108600,97016,0.999855
1,690000,555000,53,54,108816,99873,0.988379
1.1,600000,660000,30,25,108816,99873,0.997738
1.2,675000,570000,21,18,80431,74242,0.992937
1.3,660000,585000,24,23,77535,71346,0.996384
1.4,645000,600000,29,26,77535,71346,0.998695
1.5,645000,600000,34,30,77535,71346,0.998695
1.6,660000,600000,38,34,77535,71346,0.997738
1.7,660000,585000,38,36,77535,68449,0.996384
1.8,645000,600000,38,35,74581,68449,0.998695
1.9,645000,600000,41,35,74581,68449,0.998695
2,675000,585000,39,36,74581,68449,0.994924
2.1,660000,585000,36,36,74581,68449,0.996384
2.2,630000,615000,37,33,74581,68449,0.999855
2.3,660000,585000,39,36,74581,68449,0.996384
2.4,645000,600000,40,35,74581,66845,0.998695
2.5,660000,600000,37,37,73201,69741,0.997738
2.6,645000,600000,34,30,73201,66845,0.998695
2.7,660000,585000,35,32,73201,66871,0.996384
2.8,660000,585000,37,34,73201,66871,0.996384
2.9,660000,600000,40,37,76097,69767,0.997738
3,630000,615000,35,30,73902,66871,0.999855
3.1,660000,585000,37,32,73902,66871,0.996384
3.2,660000,585000,38,34,73902,66871,0.996384
3.3,660000,585000,41,38,76798,69767,0.996384
3.4,660000,600000,35,31,73902,66871,0.997738
3.5,660000,585000,36,33,73902,66871,0.996384
3.6,660000,585000,38,34,73902,66871,0.996384
3.7,645000,600000,42,37,76798,69767,0.998695
3.8,675000,585000,34,31,73902,66871,0.994924
3.9,645000,600000,37,33,73902,67492,0.998695
4,660000,585000,38,35,73902,67492,0.996384
4.1,660000,585000,40,37,76798,70388,0.996384
4.2,645000,600000,34,31,73452,67492,0.998695
4.3,660000,600000,36,33,73452,67492,0.997738
4.4,645000,600000,38,34,73452,67492,0.998695
4.5,660000,585000,38,36,73452,70388,0.996384
4.6,645000,600000,34,31,73452,67492,0.998695
4.7,660000,600000,35,32,73452,67492,0.997738
4.8,660000,585000,36,34,73452,67492,0.996384
4.9,645000,600000,38,35,73452,67492,0.998695
5,645000,600000,35,32,73452,67492,0.998695
5.1,660000,585000,35,32,73452,67492,0.996384
5.2,660000,600000,37,33,73452,67492,0.997738
5.3,645000,600000,38,35,72970,67492,0.998695
5.4,660000,585000,35,33,72970,67492,0.996384
5.5,645000,600000,35,32,73201,67492,0.998695
5.6,660000,600000,36,33,73201,67492,0.997738
5.7,645000,600000,38,34,73201,67492,0.998695
5.8,660000,585000,36,35,73201,67492,0.996384
5.9,630000,615000,36,30,73201,66871,0.999855
6,675000,570000,36,33,73201,66871,0.992937
6.1,660000,600000,37,34,73201,66871,0.997738
6.2,645000,600000,38,36,73452,66871,0.998695
6.3,645000,600000,36,31,73452,66871,0.998695
6.4,660000,585000,37,32,73452,66871,0.996384
6.5,675000,585000,37,34,73452,66871,0.994924
6.6,645000,600000,39,37,73452,69767,0.998695
6.7,645000,600000,35,30,73452,66871,0.998695
6.8,660000,585000,36,32,73452,66871,0.996384
6.9,660000,585000,38,34,73452,66871,0.996384
7,660000,600000,40,37,76348,69767,0.997738
7.1,645000,600000,35,31,73452,66871,0.998695
7.2,660000,585000,36,33,73452,66871,0.996384
7.3,645000,600000,38,33,73452,66871,0.998695
7.4,675000,585000,40,37,76348,69767,0.994924
7.5,645000,600000,34,30,73452,66871,0.998695
7.6,660000,585000,36,32,73452,66871,0.996384
7.7,660000,585000,37,34,73452,66871,0.996384
7.8,645000,600000,41,36,76348,69767,0.998695
7.9,660000,600000,34,31,73452,66871,0.997738
8,660000,585000,35,32,73452,66871,0.996384
8.1,645000,600000,37,33,73452,66871,0.998695
8.2,660000,585000,39,35,76348,69767,0.996384
8.3,660000,600000,33,31,73452,66871,0.997738
8.4,645000,600000,36,31,73452,66871,0.998695
8.5,660000,585000,37,33,73452,66871,0.996384
8.6,660000,585000,38,35,73452,66871,0.996384
8.7,645000,600000,34,31,73452,66871,0.998695
8.8,660000,600000,35,32,73452,66871,0.997738
8.9,660000,585000,36,34,73452,66871,0.996384
9,645000,600000,38,34,73452,66871,0.998695
9.1,660000,585000,35,32,73452,66871,0.996384
9.2,660000,600000,35,32,73452,67492,0.997738
9.3,645000,600000,37,33,73452,67492,0.998695
9.4,660000,585000,38,35,73452,67492,0.996384
9.5,645000,600000,36,32,73452,67492,0.998695
9.6,645000,600000,36,32,73452,68127,0.998695
9.7,660000,600000,37,34,73452,68127,0.997738
9.8,660000,585000,38,36,73452,68127,0.996384
9.9,630000,615000,37,35,73452,68127,0.999855
10,645000,600000,36,32,73452,68127,0.998695
10.1,660000,600000,37,34,73452,68127,0.997738
10.2,660000,585000,38,36,72732,68127,0.996384
10.3,630000,615000,19,17,5792,5792,0.999855
10.4,345000,315000,0,0,5792,5792,0.997938
10.5,105000,75000,1,3,5792,5792,0.972973
10.6,75000,105000,12,9,76661,71108,0.972973
10.7,660000,570000,13,12,76661,71108,0.994675
10.8,645000,600000,16,15,82334,76781,0.998695
10.9,645000,600000,21,20,79438,73885,0.998695
11,645000,600000,23,21,79438,73885,0.998695
11.1,645000,600000,27,24,79438,73885,0.998695
11.2,660000,600000,29,27,79438,73885,0.997738
11.3,645000,600000,39,36,79438,73885,0.998695
11.4,645000,600000,36,33,79438,73885,0.998695
11.5,660000,585000,39,37,79438,73885,0.996384
11.6,645000,615000,42,39,79438,73885,0.999433
11.7,645000,600000,44,42,82334,76781,0.998695
11.8,645000,600000,38,36,77986,72061,0.998695
11.9,645000,600000,40,38,77986,72061,0.998695
12,645000,600000,41,38,77986,72061,0.998695
12.1,660000,600000,41,38,77986,72061,0.997738
12.2,645000,600000,40,37,77986,72061,0.998695
12.3,645000,600000,37,35,76217,72061,0.998695
12.4,645000,600000,39,36,76217,71173,0.998695
12.5,645000,615000,40,37,76217,71780,0.999433
12.6,645000,600000,42,40,79326,74676,0.998695
12.7,645000,600000,35,34,76430,71780,0.998695
12.8,645000,600000,37,35,76430,71780,0.998695
12.9,645000,600000,38,37,76430,71780,0.998695
13,645000,615000,40,37,76430,71780,0.999433
13.1,645000,600000,39,35,76430,71780,0.998695
13.2,660000,585000,35,36,76430,71780,0.996384
13.3,615000,630000,39,35,76430,71780,0.999855
13.4,660000,600000,39,37,76430,71780,0.997738
13.5,645000,600000,42,40,79326,74676,0.998695
13.6,645000,600000,35,35,76430,71780,0.998695
13.7,630000,615000,38,35,76430,71753,0.999855
13.8,645000,600000,39,37,75915,71753,0.998695
13.9,645000,615000,40,39,75915,74649,0.999433
14,630000,615000,39,32,75915,71753,0.999855
14.1,660000,585000,36,35,76217,71753,0.996384
14.2,630000,615000,38,35,76217,71753,0.999855
14.3,660000,600000,39,37,76217,71753,0.997738
14.4,645000,600000,42,37,79113,71753,0.998695
14.5,660000,585000,34,36,76217,71753,0.996384
14.6,615000,630000,38,35,76217,71753,0.999855
14.7,645000,600000,39,37,76217,71780,0.998695
14.8,645000,615000,40,39,76217,74676,0.999433
14.9,630000,615000,39,32,76217,71780,0.999855
15,660000,585000,37,35,76217,71780,0.996384
15.1,645000,600000,38,37,76217,71780,0.998695
15.2,645000,615000,40,37,76217,71780,0.999433
15.3,645000,600000,42,35,79113,71780,0.998695
15.4,675000,570000,33,37,76217,71780,0.992937
15.5,600000,645000,38,35,76393,71780,0.998695
15.6,645000,600000,40,37,76393,71780,0.998695
15.7,660000,600000,40,40,76430,74676,0.997738
15.8,615000,630000,38,32,76430,71780,0.999855
15.9,660000,585000,37,35,76430,71780,0.996384
16,645000,600000,39,37,76430,71780,0.998695
16.1,645000,615000,40,38,76430,74676,0.999433
16.2,630000,615000,43,33,79326,71780,0.999855
16.3,690000,555000,34,37,76430,71780,0.988379
16.4,600000,645000,39,35,76430,71780,0.998695
16.5,645000,600000,40,37,76430,71780,0.998695
16.6,660000,600000,41,38,79326,71780,0.997738
16.7,660000,585000,34,35,76430,71780,0.996384
16.8,615000,630000,38,35,76529,71780,0.999855
16.9,645000,600000,39,37,76529,71780,0.998695
17,660000,600000,40,40,76529,74676,0.997738
17.1,615000,630000,41,32,76529,71780,0.999855
17.2,690000,555000,35,37,76529,71780,0.988379
17.3,615000,630000,39,36,76529,71780,0.999855
17.4,645000,600000,40,38,76529,71780,0.998695
17.5,645000,615000,42,36,79425,71780,0.999433
17.6,675000,570000,34,36,76529,71780,0.992937
17.7,615000,630000,37,36,76529,71753,0.999855
17.8,645000,600000,39,37,76529,71780,0.998695
17.9,645000,615000,40,40,76529,74676,0.999433
18,630000,615000,39,33,76430,71780,0.999855
18.1,660000,585000,36,35,76461,71780,0.996384
18.2,630000,615000,39,36,76461,71780,0.999855
18.3,645000,600000,41,38,76461,71780,0.998695
18.4,645000,615000,43,34,79357,71780,0.999433
18.5,690000,555000,33,37,76461,71780,0.988379
18.6,600000,645000,38,35,76461,71780,0.998695
18.7,645000,600000,39,37,76461,71780,0.998695
18.8,645000,615000,40,39,76461,71780,0.999433
18.9,645000,600000,37,34,76461,71780,0.998695
19,630000,615000,38,34,76914,71780,0.999855
19.1,660000,585000,39,36,76914,71780,0.996384
19.2,645000,600000,41,39,76914,74676,0.998695
19.3,645000,615000,44,33,79810,71780,0.999433
19.4,690000,555000,35,37,76914,71780,0.988379
19.5,600000,645000,40,35,77276,71780,0.998695
19.6,660000,585000,41,38,77276,71780,0.996384
19.7,660000,600000,41,38,80172,71780,0.997738
19.8,660000,585000,35,36,77276,71780,0.996384
19.9,615000,630000,39,35,77276,71753,0.999855
20,660000,585000,40,37,77276,71753,0.996384
20.1,645000,600000,41,41,77276,74649,0.998695
20.2,630000,630000,42,32,77276,71753,1
20.3,690000,555000,35,36,77276,71753,0.988379
20.4,615000,630000,40,36,77276,71753,0.999855
20.5,645000,600000,42,38,77276,71753,0.998695
20.6,660000,600000,43,30,80172,5792,0.997738
20.7,795000,450000,2,3,5792,5792,0.928687
20.8,75000,105000,4,2,5792,5792,0.972973
20.9,120000,120000,4,0,5792,5792,1
21,315000,495000,20,18,79862,74450,0.952941
21.1,600000,645000,26,25,92191,86565,0.998695
21.2,645000,600000,38,36,92191,86565,0.998695
21.3,645000,615000,49,46,92191,86565,0.999433
21.4,645000,600000,51,48,92191,86565,0.998695
21.5,645000,600000,51,48,92191,86565,0.998695
21.6,630000,615000,52,47,92191,86565,0.999855
21.7,675000,570000,50,50,92191,86565,0.992937
21.8,645000,615000,50,49,92191,86565,0.999433
21.9,615000,630000,55,49,95087,89461,0.999855
22,675000,570000,51,48,92191,86565,0.992937
22.1,630000,615000,51,49,92191,86565,0.999855
22.2,645000,615000,51,48,92191,86565,0.999433
22.3,645000,600000,52,46,92191,74656,0.998695
22.4,645000,600000,43,38,78033,74656,0.998695
22.5,645000,600000,40,37,78033,74656,0.998695
22.6,645000,600000,42,38,78033,74656,0.998695
22.7,660000,600000,41,37,78033,70580,0.997738
22.8,660000,585000,41,41,78326,74004,0.996384
22.9,615000,630000,37,31,75430,71108,0.999855
23,660000,585000,37,34,75430,71108,0.996384
23.1,660000,600000,37,35,75430,71810,0.997738
23.2,645000,600000,37,36,75430,71810,0.998695
23.3,630000,615000,38,35,75915,71810,0.999855
23.4,645000,600000,36,34,75915,72411,0.998695
23.5,645000,600000,38,36,75915,72411,0.998695
23.6,645000,615000,39,37,75915,72411,0.999433
23.7,630000,615000,43,40,78811,75307,0.999855
23.8,645000,600000,35,35,75915,73005,0.998695
23.9,630000,615000,38,36,75915,73005,0.999855
24,645000,615000,39,38,75915,73005,0.999433
24.1,630000,615000,40,40,75915,75901,0.999855
24.2,630000,615000,39,34,75915,73005,0.999855
24.3,645000,600000,36,36,75915,73005,0.998695
24.4,630000,615000,39,38,75915,73005,0.999855
24.5,645000,615000,40,39,75915,73005,0.999433
24.6,630000,615000,43,38,78811,73005,0.999855
24.7,660000,585000,34,36,75915,73005,0.996384
24.8,615000,630000,37,37,75915,73005,0.999855
24.9,630000,630000,39,37,75184,73005,1
25,645000,600000,39,41,75184,75901,0.998695
25.1,615000,630000,38,33,75184,73005,0.999855
25.2,645000,600000,35,36,75184,73662,0.998695
25.3,615000,630000,38,37,74865,73662,0.999855
25.4,645000,615000,39,39,74865,73662,0.999433
25.5,630000,615000,41,38,77761,73662,0.999855
25.6,645000,600000,34,37,74865,73662,0.998695
25.7,600000,645000,37,36,74930,73662,0.998695
25.8,645000,615000,38,38,74930,73662,0.999433
25.9,615000,630000,40,40,75184,76558,0.999855
26,615000,630000,39,33,75184,73662,0.999855
26.1,660000,585000,35,37,75184,73662,0.996384
26.2,615000,630000,38,38,75184,73662,0.999855
26.3,630000,630000,40,38,75184,73665,1
26.4,630000,615000,41,37,78080,73665,0.999855
26.5,660000,585000,33,38,75184,73665,0.996384
26.6,585000,660000,38,36,75184,73665,0.996384
26.7,645000,615000,39,37,75184,73665,0.999433
26.8,630000,615000,40,40,75184,76561,0.999855
26.9,615000,630000,39,33,75184,73665,0.999855
27,660000,585000,34,36,75184,73665,0.996384
27.1,600000,645000,38,36,75184,73665,0.998695
27.2,645000,615000,39,38,75184,73788,0.999433
27.3,630000,615000,41,36,78080,73788,0.999855
27.4,675000,570000,31,38,75184,73788,0.992937
27.5,570000,675000,37,36,75184,73788,0.992937
27.6,645000,615000,38,38,75184,74097,0.999433
27.7,615000,630000,40,41,75184,76993,0.999855
27.8,615000,630000,39,35,75184,74097,0.999855
27.9,645000,600000,35,37,75184,74097,0.998695
28,615000,630000,38,38,75184,74097,0.999855
28.1,630000,630000,39,39,75184,74097,1
28.2,615000,630000,42,36,78080,74097,0.999855
28.3,675000,570000,31,38,75184,74097,0.992937
28.4,570000,675000,37,36,74902,74097,0.992937
28.5,630000,630000,39,37,74902,74097,1
28.6,630000,615000,40,41,74902,76993,0.999855
28.7,615000,630000,39,34,74902,74097,0.999855
28.8,645000,600000,34,37,75018,74097,0.998695
28.9,600000,645000,38,37,75018,73662,0.998695
29,645000,615000,39,39,75184,73662,0.999433
29.1,630000,615000,40,36,78080,73662,0.999855
29.2,660000,585000,31,38,75184,73662,0.996384
29.3,570000,675000,37,35,75184,73662,0.992937
29.4,645000,615000,38,37,75184,73662,0.999433
29.5,630000,615000,39,41,75184,76558,0.999855
29.6,615000,630000,39,33,75184,73662,0.999855
29.7,660000,585000,34,36,75322,73662,0.996384
29.8,600000,645000,38,36,75322,73790,0.998695
29.9,645000,615000,39,38,75322,76686,0.999433
30,615000,630000,43,34,78218,73790,0.999855
30.1,690000,555000,31,39,75322,73790,0.988379
30.2,570000,675000,38,36,76637,73790,0.992937
30.3,645000,615000,39,38,76637,73790,0.999433
30.4,630000,615000,41,38,76637,73790,0.999855
30.5,645000,600000,39,36,76637,73790,0.998695
30.6,630000,615000,36,36,76637,73790,0.999855
30.7,630000,615000,39,38,76637,73790,0.999855
30.8,630000,630000,41,40,76637,76686,1
30.9,630000,615000,43,33,79533,73790,0.999855
31,705000,540000,10,35,5792,5792,0.982739
31.1,210000,525000,1,3,5792,5792,0.844828
31.2,120000,105000,0,4,5792,5792,0.995575
31.3,165000,120000,12,6,75156,73124,0.975676
31.4,630000,540000,13,13,75156,75301,0.994118
31.5,660000,600000,21,21,79326,78197,0.997738
31.6,630000,615000,21,20,79543,75301,0.999855
31.7,645000,600000,24,24,79543,75301,0.998695
31.8,630000,615000,29,27,79543,75301,0.999855
31.9,660000,600000,32,31,79543,78197,0.997738
32,630000,615000,38,35,79543,75301,0.999855
32.1,645000,600000,40,37,79543,75301,0.998695
32.2,645000,600000,42,41,79543,75301,0.998695
32.3,630000,615000,43,41,79543,75301,0.999855
32.4,645000,615000,44,41,82439,75301,0.999433
32.5,630000,615000,40,37,79543,73261,0.999855
32.6,645000,600000,42,39,79543,73261,0.998695
32.7,645000,600000,42,38,76914,73261,0.998695
32.8,660000,600000,40,41,79810,76157,0.997738
32.9,615000,630000,38,33,76914,73261,0.999855
33,660000,585000,37,36,75534,73261,0.996384
33.1,630000,615000,39,38,75534,73261,0.999855
33.2,630000,615000,41,39,75534,73261,0.999855
33.3,645000,615000,42,38,78430,72411,0.999433
33.4,660000,585000,34,37,75534,73005,0.996384
33.5,615000,630000,37,37,75534,73005,0.999855
33.6,630000,615000,40,38,75534,73005,0.999855
33.7,645000,615000,40,41,75534,75901,0.999433
33.8,615000,630000,38,33,75534,73005,0.999855
33.9,645000,600000,37,36,75534,73005,0.998695
34,630000,615000,39,37,75184,73005,0.999855
34.1,630000,615000,40,39,75184,73005,0.999855
34.2,645000,615000,41,36,78080,73083,0.999433
34.3,675000,570000,32,38,75184,73662,0.992937
34.4,585000,660000,37,37,75184,73662,0.996384
34.5,630000,615000,39,39,75184,73662,0.999855
34.6,630000,630000,39,41,75184,76558,1
34.7,615000,630000,37,33,75184,73662,0.999855
34.8,645000,600000,36,36,75184,73662,0.998695
34.9,630000,615000,38,38,74740,73662,0.999855
35,630000,615000,39,39,74740,73662,0.999855
35.1,630000,630000,41,36,77636,73662,1
35.2,660000,585000,33,37,74740,73662,0.996384
35.3,585000,660000,38,36,74740,73662,0.996384
35.4,630000,615000,39,38,74740,73662,0.999855
35.5,645000,615000,39,41,74740,76665,0.999433
35.6,615000,630000,37,33,74469,73769,0.999855
35.7,630000,615000,36,35,74556,73769,0.999855
35.8,630000,615000,37,37,74556,73769,0.999855
35.9,630000,615000,39,39,74556,73769,0.999855
36,630000,630000,41,36,77452,73769,1
36.1,660000,585000,32,37,74556,73769,0.996384
36.2,585000,660000,37,36,74887,73769,0.996384
36.3,630000,615000,39,38,74887,73769,0.999855
36.4,645000,615000,39,41,74887,76665,0.999433
36.5,600000,645000,38,32,74887,73769,0.998695
36.6,660000,585000,35,36,75018,73769,0.996384
36.7,615000,630000,38,37,75018,73769,0.999855
36.8,630000,615000,40,39,75018,73769,0.999855
36.9,630000,630000,42,36,77914,73769,1
37,675000,570000,32,37,75018,73769,0.992937
37.1,585000,660000,37,36,75018,73769,0.996384
37.2,630000,615000,39,38,75018,73769,0.999855
37.3,630000,630000,40,40,75018,76665,1
37.4,615000,630000,38,33,75018,73769,0.999855
37.5,645000,600000,36,36,75018,73769,0.998695
37.6,615000,630000,39,37,75018,73769,0.999855
37.7,630000,615000,40,39,75018,73662,0.999855
37.8,645000,615000,41,37,77365,73662,0.999433
37.9,660000,585000,32,38,74469,73662,0.996384
38,585000,660000,37,37,74469,73662,0.996384
38.1,630000,615000,38,39,74469,73769,0.999855
38.2,630000,630000,39,41,74469,76665,1
38.3,615000,630000,37,34,74469,73769,0.999855
38.4,645000,600000,35,37,74475,73769,0.998695
38.5,615000,630000,38,38,74475,73769,0.999855
38.6,630000,615000,39,39,74475,73769,0.999855
38.7,630000,630000,41,37,77371,73769,1
38.8,660000,585000,33,38,74475,73769,0.996384
38.9,585000,660000,37,36,74475,73769,0.996384
39,630000,615000,39,38,74475,73769,0.999855
39.1,630000,630000,40,40,74475,76665,1
39.2,615000,630000,38,33,74475,73769,0.999855
39.3,645000,600000,36,36,74475,73769,0.998695
39.4,615000,630000,38,37,74475,73769,0.999855
39.5,630000,615000,40,39,74475,73769,0.999855
39.6,645000,615000,41,37,77371,73769,0.999433
39.7,660000,585000,33,38,74469,73769,0.996384
39.8,585000,660000,37,37,74469,73769,0.996384
39.9,630000,615000,38,39,74469,73769,0.999855
40,630000,630000,39,41,74469,76665,1
40.1,615000,630000,37,34,74469,73769,0.999855
40.2,630000,615000,36,36,74474,73769,0.999855
40.3,630000,615000,38,38,74474,73769,0.999855
40.4,630000,615000,39,39,74474,73769,0.999855
40.5,630000,630000,41,36,77370,73769,1
40.6,660000,585000,33,38,74474,73769,0.996384
40.7,585000,660000,37,36,74474,73769,0.996384
40.8,630000,615000,39,38,74474,73769,0.999855
40.9,630000,630000,40,40,74474,76665,1
41,615000,630000,38,33,74474,73769,0.999855
41.1,645000,600000,36,36,74474,73769,0.998695
41.2,615000,630000,38,37,74474,73769,0.999855
41.3,630000,615000,40,35,74474,5792,0.999855
41.4,735000,525000,9,0,5792,5792,0.972973
41.5,180000,120000,4,0,5792,5792,0.961538
41.6,120000,120000,4,0,5792,5792,1
41.7,240000,405000,19,18,77365,76665,0.938579
41.8,615000,645000,27,25,91517,86260,0.999433
41.9,660000,585000,37,35,91517,86260,0.996384
42,645000,600000,48,46,91517,86260,0.998695
42.1,630000,615000,52,48,94413,86260,0.999855
42.2,660000,600000,50,49,91517,86260,0.997738
42.3,615000,630000,53,46,91517,86260,0.999855
42.4,690000,555000,51,48,91517,86260,0.988379
42.5,630000,615000,50,49,91517,86260,0.999855
42.6,615000,630000,53,48,91517,89156,0.999855
42.7,705000,555000,51,48,91517,86260,0.986026
42.8,615000,630000,49,49,91517,86260,0.999855
42.9,600000,645000,53,46,91517,86260,0.998695
43,705000,540000,54,48,94413,86260,0.982739
43.1,645000,615000,45,40,79373,71753,0.999433
43.2,660000,585000,41,36,79373,71753,0.996384
43.3,660000,585000,43,37,79373,71753,0.996384
43.4,675000,570000,41,39,79373,71753,0.992937
43.5,645000,600000,39,40,76217,74649,0.998695
43.6,615000,645000,37,29,77168,69498,0.999433
43.7,705000,540000,35,33,77168,70475,0.982739
43.8,645000,600000,38,34,77168,70475,0.998695
43.9,660000,585000,40,35,80320,70475,0.996384
44,675000,585000,35,40,77424,73371,0.994924
44.1,615000,630000,39,31,78350,72411,0.999855
44.2,690000,555000,39,36,78350,72411,0.988379
44.3,645000,600000,42,38,78754,72411,0.998695
44.4,660000,585000,41,41,78754,75307,0.996384
44.5,630000,630000,40,34,78754,72411,1
44.6,675000,570000,39,37,78754,72411,0.992937
44.7,645000,600000,42,39,78754,72411,0.998695
44.8,645000,600000,44,40,81650,72411,0.998695
44.9,660000,600000,37,38,78754,72411,0.997738
45,630000,615000,39,35,78754,72411,0.999855
45.1,660000,585000,41,38,78754,72411,0.996384
45.2,645000,600000,42,39,78754,72411,0.998695
45.3,645000,600000,41,41,78754,75307,0.998695
45.4,630000,630000,42,32,78754,72411,1
45.5,705000,540000,39,38,76688,72411,0.982739
45.6,630000,615000,40,39,76688,72411,0.999855
45.7,630000,615000,43,39,79584,72411,0.999855
45.8,660000,600000,35,37,76688,72411,0.997738
45.9,615000,630000,38,34,76688,72411,0.999855
46,645000,600000,39,36,76688,72411,0.998695
46.1,645000,600000,41,38,76688,72411,0.998695
46.2,645000,600000,38,42,76688,75307,0.998695
46.3,600000,660000,40,32,76688,72411,0.997738
46.4,690000,555000,37,37,76688,73014,0.988379
46.5,630000,615000,40,39,76688,73014,0.999855
46.6,630000,615000,43,39,78893,73014,0.999855
46.7,660000,600000,35,37,75997,73014,0.997738
46.8,615000,630000,38,35,75997,73014,0.999855
46.9,645000,600000,39,37,75997,73014,0.998695
47,645000,600000,40,39,75997,73014,0.998695
47.1,630000,615000,38,41,75997,75910,0.999855
47.2,600000,660000,40,32,75997,73014,0.997738
47.3,690000,555000,38,37,75534,73014,0.988379
47.4,630000,615000,40,39,76644,73014,0.999855
47.5,630000,615000,43,39,79540,75910,0.999855
47.6,660000,600000,35,35,76644,73014,0.997738
47.7,630000,615000,38,35,76644,72592,0.999855
47.8,645000,600000,40,38,76644,72592,0.998695
47.9,645000,600000,41,39,77298,72592,0.998695
48,630000,615000,39,39,77298,72592,0.999855
48.1,630000,630000,40,34,77298,72592,1
48.2,675000,570000,40,38,77298,72592,0.992937
48.3,645000,600000,41,39,77298,72592,0.998695
48.4,630000,615000,44,41,80194,75488,0.999855
48.5,660000,600000,37,34,77298,72360,0.997738
48.6,645000,600000,39,36,77298,72360,0.998695
48.7,645000,600000,41,38,77298,72360,0.998695
48.8,645000,600000,41,38,77298,72360,0.998695
48.9,645000,600000,38,36,77298,72360,0.998695
49,645000,615000,39,33,77298,71753,0.999433
49.1,660000,585000,40,36,76430,71753,0.996384
49.2,645000,600000,41,38,77902,71753,0.998695
49.3,660000,585000,43,41,80798,74649,0.996384
49.4,645000,615000,37,33,77902,71753,0.999433
49.5,660000,585000,39,36,77902,71753,0.996384
49.6,645000,600000,41,38,77902,71753,0.998695
49.7,645000,600000,41,38,77902,71108,0.998695
49.8,660000,585000,37,36,77902,71108,0.996384
49.9,645000,615000,38,34,77902,71108,0.999433
50,660000,585000,40,36,77902,71108,0.996384
50.1,660000,585000,41,38,77902,71108,0.996384
50.2,645000,600000,41,41,77902,74004,0.998695
50.3,630000,630000,39,32,77902,71108,1
50.4,675000,570000,39,35,77196,71108,0.992937
50.5,660000,585000,40,37,77902,70475,0.996384
50.6,645000,600000,43,37,80798,73371,0.998695
50.7,675000,585000,35,34,77902,70475,0.994924
50.8,645000,600000,38,34,77902,70475,0.998695
50.9,660000,585000,40,35,77902,70475,0.996384
51,660000,585000,41,37,77902,70475,0.996384
51.1,645000,600000,40,39,77902,73371,0.998695
51.2,660000,600000,38,32,77902,70475,0.997738
51.3,675000,570000,38,34,77902,70475,0.992937
51.4,660000,585000,40,36,79438,70475,0.996384
51.5,660000,585000,44,38,82334,73371,0.996384
51.6,675000,585000,37,34,79438,69855,0.994924
51.7,660000,585000,16,33,5792,5792,0.996384
51.8,285000,495000,0,4,5792,5792,0.932414
51.9,120000,120000,0,4,5792,5792,1
52,135000,120000,12,2,79438,69855,0.996552
52.1,675000,450000,13,12,79438,69855,0.961538
52.2,660000,585000,17,14,79326,71108,0.996384
52.3,690000,555000,19,21,84794,71108,0.988379
52.4,660000,600000,24,20,84794,73043,0.997738
52.5,675000,570000,29,24,84794,73043,0.992937
52.6,675000,570000,34,28,84794,73043,0.992937
52.7,675000,570000,46,35,87690,75939,0.992937
52.8,705000,540000,42,38,84794,73043,0.982739
52.9,660000,600000,44,40,84794,73043,0.997738
53,645000,600000,46,39,84794,73043,0.998695
53.1,675000,570000,49,38,87690,73043,0.992937
53.2,690000,555000,41,39,84794,73043,0.988379
53.3,645000,615000,45,36,84794,73043,0.999433
53.4,690000,555000,47,38,84794,73043,0.988379
53.5,690000,555000,43,40,81327,73043,0.988379
53.6,645000,600000,43,40,81327,72799,0.998695
53.7,645000,600000,42,32,81327,69903,0.998695
53.8,705000,555000,43,35,81327,69903,0.986026
53.9,675000,570000,44,37,81327,69903,0.992937
54,675000,570000,46,37,84223,69903,0.992937
54.1,690000,555000,38,38,81327,69903,0.988379
54.2,645000,615000,41,33,80232,68721,0.999433
54.3,690000,555000,42,35,80232,68791,0.988379
54.4,675000,570000,43,36,80232,68791,0.992937
54.5,675000,570000,42,39,80232,71687,0.992937
54.6,645000,600000,41,30,80232,68791,0.998695
54.7,720000,540000,39,34,80232,68791,0.98
54.8,660000,585000,42,35,80232,68791,0.996384
54.9,675000,570000,45,36,83128,68791,0.992937
55,690000,555000,38,37,80232,68791,0.988379
55.1,645000,615000,41,31,80232,68791,0.999433
55.2,705000,540000,40,35,80036,68808,0.982739
55.3,675000,570000,42,36,80544,69091,0.992937
55.4,675000,570000,42,37,80544,71987,0.992937
55.5,645000,600000,41,31,80544,69091,0.998695
55.6,720000,540000,39,34,80544,69091,0.98
55.7,660000,585000,42,35,80544,69091,0.996384
55.8,675000,570000,45,36,83440,69091,0.992937
55.9,690000,555000,38,40,80544,71987,0.988379
56,630000,630000,42,29,80544,69091,1
56.1,720000,525000,40,34,80544,69091,0.976056
56.2,675000,570000,43,36,80544,69091,0.992937
56.3,675000,570000,41,36,80544,69091,0.992937
56.4,660000,585000,40,32,80544,69091,0.996384
56.5,705000,555000,39,33,80544,69091,0.986026
56.6,675000,570000,41,35,80065,69091,0.992937
56.7,675000,570000,45,37,82961,69091,0.992937
56.8,690000,555000,36,40,80065,71987,0.988379
56.9,615000,645000,42,28,80065,69221,0.999433
57,735000,510000,39,34,80065,69221,0.968372
57.1,675000,570000,41,36,80065,69221,0.992937
57.2,660000,585000,41,36,80065,69221,0.996384
57.3,660000,585000,40,33,80065,69221,0.996384
57.4,705000,555000,38,32,79494,69513,0.986026
57.5,675000,570000,40,35,79494,69513,0.992937
57.6,660000,585000,44,36,82390,69513,0.996384
57.7,690000,555000,36,41,79494,72409,0.988379
57.8,600000,660000,42,29,79494,72272,0.997738
57.9,720000,525000,40,36,79494,72272,0.976056
58,660000,585000,42,38,79494,72272,0.996384
58.1,645000,600000,40,38,79494,72272,0.998695
58.2,645000,600000,41,34,79494,72272,0.998695
58.3,690000,570000,39,36,79494,72272,0.991011
58.4,645000,600000,42,38,79494,72272,0.998695
58.5,660000,585000,44,38,82390,72272,0.996384
58.6,660000,585000,38,40,79494,75168,0.996384
58.7,615000,645000,41,31,79494,72272,0.999433
58.8,705000,540000,40,37,79494,72272,0.982739
58.9,645000,600000,42,38,79494,72272,0.998695
59,660000,585000,40,37,79494,70475,0.996384
59.1,630000,615000,41,33,78142,70475,0.999855
59.2,705000,555000,37,34,78142,70475,0.986026
59.3,660000,585000,39,36,78142,70475,0.996384
59.4,660000,585000,43,37,81038,70475,0.996384
59.5,660000,585000,36,39,78142,73371,0.996384
59.6,615000,645000,40,30,78142,72455,0.999433
59.7,705000,540000,39,36,78142,72455,0.982739
59.8,645000,600000,41,38,78652,72455,0.998695
59.9,645000,600000,39,39,78652,72455,0.998695
60,630000,615000,42,34,78652,72455,0.999855
60.1,705000,555000,38,38,78652,73258,0.986026
60.2,630000,615000,42,39,78652,73258,0.999855
60.3,645000,600000,44,39,81548,73258,0.998695
60.4,660000,585000,38,41,78652,76154,0.996384
60.5,615000,645000,41,33,78652,73258,0.999433
60.6,675000,570000,42,38,78652,73258,0.992937
60.7,645000,600000,43,38,81548,73258,0.998695
60.8,660000,585000,38,40,78652,76154,0.996384
60.9,600000,645000,43,32,78652,73258,0.998695
61,720000,540000,39,38,78652,73258,0.98
61.1,630000,615000,41,39,77722,73258,0.999855
61.2,645000,600000,43,39,80618,73258,0.998695
61.3,645000,600000,37,38,77722,71317,0.998695
61.4,645000,615000,38,33,77722,71728,0.999433
61.5,660000,585000,39,35,77076,71728,0.996384
61.6,660000,585000,41,38,79972,71728,0.996384
61.7,645000,600000,37,40,77076,74624,0.998695
61.8,585000,660000,42,29,77076,71728,0.996384
61.9,735000,525000,37,35,77076,71867,0.972973
62,645000,600000,39,37,77076,71867,0.998695
62.1,645000,600000,21,20,5792,5792,0.998695
62.2,360000,330000,1,1,5792,5792,0.998113
62.3,75000,105000,4,2,5792,5792,0.972973
62.4,120000,90000,9,9,76914,71867,0.98
62.5,600000,585000,14,12,76914,71867,0.99984
62.6,645000,600000,16,14,76914,71867,0.998695
62.7,660000,585000,22,21,81668,76558,0.996384
62.8,645000,600000,20,19,78852,73662,0.998695
62.9,645000,615000,23,21,78852,73662,0.999433
63,645000,600000,26,24,78852,73662,0.998695
63.1,645000,600000,29,27,78852,76558,0.998695
63.2,645000,600000,34,31,78852,73662,0.998695
63.3,645000,600000,36,32,78852,73662,0.998695
63.4,660000,600000,38,35,78852,73662,0.997738
63.5,645000,600000,41,38,78852,73662,0.998695
63.6,645000,600000,45,39,81748,73662,0.998695
63.7,675000,570000,37,38,78852,72665,0.992937
63.8,630000,630000,41,38,77288,72665,1
63.9,645000,600000,41,39,77288,72665,0.998695
64,645000,600000,42,41,80184,75561,0.998695
64.1,630000,615000,38,34,76217,72665,0.999855
64.2,645000,600000,39,37,76217,72665,0.998695
64.3,645000,615000,40,38,76217,72665,0.999433
64.4,645000,600000,40,39,76217,72665,0.998695
64.5,630000,615000,41,36,76217,71753,0.999855
64.6,660000,585000,34,36,76217,72250,0.996384
64.7,630000,630000,37,36,76217,72250,1
64.8,630000,615000,39,37,76217,73322,0.999855
64.9,645000,600000,41,41,79113,76218,0.998695
65,630000,615000,36,35,75915,73322,0.999855
65.1,630000,615000,38,37,75915,73322,0.999855
65.2,645000,615000,40,38,75915,73322,0.999433
65.3,630000,615000,41,39,75915,76218,0.999855
65.4,630000,615000,41,34,75915,73322,0.999855
65.5,675000,570000,34,37,75915,73322,0.992937
65.6,615000,645000,38,37,75915,73322,0.999433
65.7,630000,615000,40,39,75915,73322,0.999855
65.8,630000,615000,41,38,78811,73322,0.999855
65.9,645000,600000,36,35,75915,73322,0.998695
66,615000,630000,38,35,75534,73322,0.999855
66.1,660000,600000,38,38,75534,73083,0.997738
66.2,630000,615000,40,41,75534,75979,0.999855
66.3,615000,630000,42,34,75534,73083,0.999855
66.4,675000,570000,35,38,75534,73083,0.992937
66.5,615000,645000,38,37,75534,73083,0.999433
66.6,630000,615000,40,38,75534,73083,0.999855
66.7,630000,615000,42,37,78430,73083,0.999855
66.8,660000,585000,34,37,75534,73083,0.996384
66.9,600000,645000,38,35,75534,73083,0.998695
67,645000,615000,39,37,75534,73083,0.999433
67.1,645000,600000,40,41,75534,75979,0.998695
67.2,615000,630000,41,34,75534,73083,0.999855
67.3,675000,570000,34,37,76217,73083,0.992937
67.4,615000,645000,38,36,76217,73005,0.999433
67.5,630000,615000,40,38,76217,73005,0.999855
67.6,645000,600000,41,37,79113,73005,0.998695
67.7,660000,585000,34,38,76217,73005,0.996384
67.8,585000,660000,39,35,76217,73005,0.996384
67.9,660000,600000,39,38,76217,73005,0.997738
68,630000,615000,40,41,76217,75901,0.999855
68.1,630000,615000,41,34,76217,73005,0.999855
68.2,660000,585000,34,37,76217,73005,0.996384
68.3,615000,645000,38,36,76217,73005,0.999433
68.4,645000,600000,39,38,76217,75901,0.998695
68.5,630000,615000,41,35,79113,73005,0.999855
68.6,675000,570000,32,39,75894,73005,0.992937
68.7,570000,675000,39,35,77331,73005,0.992937
68.8,660000,600000,40,37,77331,73005,0.997738
68.9,645000,600000,41,40,77331,73005,0.998695
69,645000,600000,40,36,77331,73005,0.998695
69.1,645000,600000,36,37,77331,73005,0.998695
69.2,630000,630000,39,37,77331,73005,1
69.3,645000,600000,41,40,77331,75901,0.998695
69.4,630000,615000,44,34,80227,73005,0.999855
69.5,705000,540000,32,40,77331,73005,0.982739
69.6,570000,675000,39,36,77331,73005,0.992937
69.7,660000,600000,41,38,77331,73005,0.997738
69.8,645000,600000,41,39,77331,73005,0.998695
69.9,645000,600000,37,36,76552,72784,0.998695
70,615000,630000,37,35,76552,72784,0.999855
70.1,645000,615000,38,36,76552,72784,0.999433
70.2,645000,600000,40,41,76552,75680,0.998695
70.3,615000,630000,43,33,79448,72784,0.999855
70.4,690000,555000,32,39,75899,73005,0.988379
70.5,585000,660000,37,36,75899,73005,0.996384
70.6,645000,615000,39,38,75899,73167,0.999433
70.7,630000,615000,40,36,75899,73167,0.999855
70.8,660000,585000,36,37,75899,73167,0.996384
70.9,600000,645000,37,36,77715,73167,0.998695
71,645000,615000,40,37,77715,73390,0.999433
71.1,645000,600000,41,41,77715,76286,0.998695
71.2,615000,630000,44,34,80611,73390,0.999855
71.3,705000,540000,34,39,77715,73390,0.982739
71.4,585000,660000,40,37,77715,73390,0.996384
71.5,660000,600000,41,39,77715,73390,0.997738
71.6,630000,615000,41,35,77715,73390,0.999855
71.7,675000,570000,35,39,77715,73390,0.992937
71.8,585000,660000,40,35,77715,73390,0.996384
71.9,660000,600000,41,38,77715,73390,0.997738
72,645000,600000,41,40,77715,73390,0.998695
72.1,645000,600000,43,35,80611,73390,0.998695
72.2,675000,570000,33,38,76071,73390,0.992937
72.3,585000,660000,39,37,76071,73090,0.996384
72.4,645000,615000,40,35,76071,5792,0.999433
72.5,720000,525000,9,0,5792,5792,0.976056
72.6,195000,120000,4,0,5792,5792,0.946352
72.7,120000,120000,3,0,5792,5792,1
72.8,240000,375000,18,18,79326,75624,0.95403
72.9,615000,645000,26,25,91638,86078,0.999433
73,645000,600000,37,34,91638,86078,0.998695
73.1,645000,600000,48,45,91638,86078,0.998695
73.2,645000,600000,51,48,91638,86078,0.998695
73.3,645000,600000,51,50,91638,88974,0.998695
73.4,630000,630000,53,46,91638,86078,1
73.5,675000,570000,51,48,91638,86078,0.992937
73.6,630000,615000,51,48,91638,86078,0.999855
73.7,615000,630000,54,47,94534,88974,0.999855
73.8,705000,555000,51,48,91638,86078,0.986026
73.9,630000,615000,49,50,91638,86078,0.999855
74,585000,660000,54,45,91638,86078,0.996384
74.1,720000,525000,52,48,91638,86078,0.976056
74.2,630000,615000,42,40,80232,71780,0.999855
74.3,645000,615000,44,34,80232,71780,0.999433
74.4,690000,555000,43,38,80232,71780,0.988379
74.5,660000,585000,43,38,80232,71780,0.996384
74.6,660000,585000,42,41,78834,74676,0.996384
74.7,630000,630000,36,30,77321,69498,1
74.8,675000,570000,36,32,77321,70475,0.992937
74.9,660000,585000,37,34,77424,70475,0.996384
75,645000,600000,40,35,80320,70475,0.998695
75.1,675000,570000,36,40,77424,73371,0.992937
75.2,615000,645000,40,31,77625,71753,0.999433
75.3,690000,555000,39,35,77625,71753,0.988379
75.4,660000,585000,40,38,77625,71753,0.996384
75.5,645000,600000,41,40,77625,74649,0.998695
75.6,630000,630000,38,31,77625,71753,1
75.7,675000,570000,39,35,77625,71753,0.992937
75.8,660000,585000,40,38,77625,71753,0.996384
75.9,645000,600000,43,38,80521,71753,0.998695
76,660000,585000,36,39,77625,71753,0.996384
76.1,615000,645000,40,32,77625,71753,0.999433
76.2,675000,570000,40,36,77625,71753,0.992937
76.3,660000,585000,41,38,77625,71753,0.996384
76.4,645000,600000,40,40,76911,74649,0.998695
76.5,630000,630000,38,32,76911,71753,1
76.6,675000,570000,38,36,76911,71753,0.992937
76.7,645000,600000,40,37,76911,71753,0.998695
76.8,645000,600000,44,38,79807,71753,0.998695
76.9,660000,585000,36,38,76911,71108,0.996384
77,630000,630000,39,33,76911,71321,1
77.1,675000,570000,38,36,76430,71321,0.992937
77.2,645000,600000,40,37,77567,71321,0.998695
77.3,645000,600000,40,40,77567,74217,0.998695
77.4,630000,630000,39,31,77567,71321,1
77.5,690000,555000,38,36,77567,71993,0.988379
77.6,645000,600000,41,38,77567,71993,0.998695
77.7,645000,600000,43,38,80463,71993,0.998695
77.8,660000,585000,36,37,77567,71993,0.996384
77.9,645000,615000,38,34,77567,71993,0.999433
78,660000,585000,39,37,77567,71993,0.996384
78.1,645000,600000,41,38,77567,71993,0.998695
78.2,645000,600000,39,40,77567,74889,0.998695
78.3,615000,645000,40,31,77567,71993,0.999433
78.4,690000,555000,39,36,77304,71993,0.988379
78.5,645000,600000,41,38,77304,71993,0.998695
78.6,645000,600000,43,38,80200,71993,0.998695
78.7,660000,585000,36,36,77304,71108,0.996384
78.8,645000,615000,38,34,77304,71108,0.999433
78.9,660000,585000,40,36,77304,71108,0.996384
79,660000,585000,41,38,77304,71108,0.996384
79.1,645000,600000,38,41,77304,74004,0.998695
79.2,615000,645000,40,31,77304,71108,0.999433
79.3,690000,555000,39,35,77158,71753,0.988379
79.4,645000,600000,41,37,77421,71753,0.998695
79.5,660000,585000,43,38,80317,71753,0.996384
79.6,645000,600000,37,35,77421,71753,0.998695
79.7,660000,600000,38,35,77421,71753,0.997738
79.8,645000,600000,40,37,77421,71753,0.998695
79.9,645000,600000,42,38,80317,71753,0.998695
80,660000,585000,36,41,77421,74649,0.996384
80.1,615000,645000,40,31,77421,71753,0.999433
80.2,690000,555000,39,36,77421,71753,0.988379
80.3,645000,600000,41,38,77421,71753,0.998695
80.4,645000,600000,41,39,77421,74649,0.998695
80.5,630000,615000,39,32,77421,71404,0.999855
80.6,690000,570000,38,35,77369,71404,0.991011
80.7,645000,600000,40,37,77369,71404,0.998695
80.8,645000,600000,43,38,80265,71404,0.998695
80.9,660000,585000,36,39,77369,71321,0.996384
81,630000,630000,39,33,77369,71587,1
81.1,675000,570000,39,36,77369,71601,0.992937
81.2,645000,600000,41,38,77369,71601,0.998695
81.3,645000,600000,41,40,77369,74497,0.998695
81.4,630000,615000,39,32,77369,71601,0.999855
81.5,690000,570000,38,35,77369,71601,0.991011
81.6,645000,600000,40,37,77158,71601,0.998695
81.7,645000,600000,44,38,80054,71601,0.998695
81.8,660000,585000,36,37,77158,71601,0.996384
81.9,630000,630000,39,33,77158,71712,1
82,675000,570000,39,36,77158,71712,0.992937
82.1,645000,600000,41,38,77158,71712,0.998695
82.2,645000,600000,39,40,77158,74608,0.998695
82.3,615000,630000,40,31,77158,71712,0.999855
82.4,690000,570000,39,35,77158,71712,0.991011
82.5,660000,585000,40,38,77158,71712,0.996384
82.6,645000,600000,43,38,80054,71712,0.998695
82.7,660000,585000,36,37,77158,71712,0.996384
82.8,630000,630000,17,32,5792,5792,1
82.9,300000,480000,0,4,5792,5792,0.949438
83,120000,120000,0,4,5792,5792,1
83.1,120000,120000,12,2,76459,71517,1
83.2,660000,465000,12,13,76459,71517,0.970832
83.3,645000,600000,15,14,79438,70142,0.998695
83.4,675000,570000,23,19,82868,73038,0.992937
83.5,645000,615000,22,16,83433,71108,0.999433
83.6,705000,540000,25,21,83433,71108,0.982739
83.7,675000,570000,29,24,83433,71108,0.992937
83.8,675000,570000,33,28,86329,71108,0.992937
83.9,705000,555000,36,36,83433,71108,0.986026
84,630000,615000,42,32,83433,71108,0.999855
84.1,705000,540000,44,37,83433,71108,0.982739
84.2,675000,570000,45,38,83433,71108,0.992937
84.3,675000,570000,47,41,86329,74004,0.992937
84.4,675000,585000,42,35,83433,71108,0.994924
84.5,675000,570000,44,38,83433,71108,0.992937
84.6,675000,570000,43,39,81872,71108,0.992937
84.7,660000,585000,45,36,84768,69283,0.996384
84.8,705000,555000,39,36,81872,69283,0.986026
84.9,645000,600000,43,32,81872,69283,0.998695
85,705000,540000,44,36,81872,68651,0.982739
85.1,690000,555000,43,37,81872,68651,0.988379
85.2,675000,570000,46,39,84768,71547,0.992937
85.3,675000,585000,40,32,80688,68651,0.994924
85.4,690000,555000,41,34,80688,68651,0.988379
85.5,675000,570000,43,36,80688,68651,0.992937
85.6,675000,570000,43,36,80688,68651,0.992937
85.7,675000,585000,40,38,80688,71547,0.994924
85.8,645000,600000,41,30,80688,68446,0.998695
85.9,720000,525000,41,35,80688,68802,0.976056
86,675000,570000,42,37,80688,68802,0.992937
86.1,675000,570000,45,37,83584,68802,0.992937
86.2,690000,570000,37,34,80688,68802,0.991011
86.3,660000,585000,40,33,80688,68802,0.996384
86.4,675000,570000,42,35,79848,68802,0.992937
86.5,675000,570000,43,36,79848,68802,0.992937
86.6,690000,570000,40,39,79848,71698,0.991011
86.7,630000,615000,41,30,79848,68802,0.999855
86.8,720000,525000,40,34,79848,68802,0.976056
86.9,660000,585000,42,35,79848,68802,0.996384
87,675000,570000,45,36,82744,68802,0.992937
87.1,705000,555000,37,35,79848,68789,0.986026
87.2,645000,600000,40,32,79848,68789,0.998695
87.3,690000,555000,41,35,79091,68789,0.988379
87.4,675000,570000,42,37,79091,68789,0.992937
87.5,675000,585000,40,39,79091,71685,0.994924
87.6,630000,615000,40,30,79091,68789,0.999855
87.7,705000,540000,40,34,79091,69414,0.982739
87.8,675000,570000,41,36,79715,69414,0.992937
87.9,660000,585000,46,36,82611,69414,0.996384
88,705000,555000,37,36,79715,69414,0.986026
88.1,645000,600000,40,33,79715,69414,0.998695
88.2,690000,555000,41,36,79715,69414,0.988379
88.3,660000,585000,43,36,79848,69414,0.996384
88.4,690000,570000,40,39,79848,72310,0.991011
88.5,630000,615000,41,30,79848,69414,0.999855
88.6,720000,525000,40,35,79848,69414,0.976056
88.7,660000,585000,43,36,79848,69414,0.996384
88.8,675000,570000,45,37,82744,69414,0.992937
88.9,690000,570000,37,35,79848,69414,0.991011
89,660000,585000,40,33,79848,69172,0.996384
89.1,675000,570000,42,35,79848,69172,0.992937
89.2,675000,570000,43,36,79848,69172,0.992937
89.3,675000,585000,41,38,79848,72068,0.994924
89.4,645000,600000,41,30,79848,68738,0.998695
89.5,705000,540000,41,34,79848,68758,0.982739
89.6,675000,570000,43,35,79848,68758,0.992937
89.7,675000,570000,45,36,82744,68758,0.992937
89.8,705000,555000,36,36,79848,68758,0.986026
89.9,645000,600000,40,33,79848,68758,0.998695
90,690000,555000,41,35,79121,68758,0.988379
90.1,675000,570000,42,37,79121,68758,0.992937
90.2,660000,600000,41,38,79121,71654,0.997738
90.3,645000,600000,40,30,79121,68758,0.998695
90.4,705000,540000,40,34,79121,69417,0.982739
90.5,675000,570000,41,36,79121,69417,0.992937
90.6,660000,585000,44,36,82017,69417,0.996384
90.7,690000,570000,36,36,79121,69417,0.991011
90.8,645000,600000,39,33,79121,69454,0.998695
90.9,675000,570000,40,35,79091,69454,0.992937
91,675000,570000,42,37,79091,69454,0.992937
91.1,675000,585000,39,39,79091,72350,0.994924
91.2,615000,630000,41,29,79091,69454,0.999855
91.3,720000,525000,39,34,78772,69454,0.976056
91.4,660000,585000,41,35,78772,69454,0.996384
91.5,660000,585000,45,37,81668,69749,0.996384
91.6,690000,570000,36,36,78772,69749,0.991011
91.7,645000,600000,39,33,78772,71753,0.998695
91.8,675000,570000,40,37,78772,71753,0.992937
91.9,645000,600000,42,38,78772,71753,0.998695
92,660000,600000,38,40,78772,74649,0.997738
92.1,615000,630000,42,31,78772,71753,0.999855
92.2,705000,540000,39,36,78772,71753,0.982739
92.3,645000,600000,42,38,78772,71753,0.998695
92.4,660000,585000,44,39,81668,71753,0.996384
92.5,660000,600000,38,36,78772,71753,0.997738
92.6,645000,600000,39,34,78772,71753,0.998695
92.7,660000,585000,41,37,78772,71753,0.996384
92.8,660000,585000,43,39,81668,71753,0.996384
92.9,660000,600000,36,40,77369,74649,0.997738
93,585000,660000,42,29,77369,71108,0.996384
93.1,720000,525000,38,35,77369,71108,0.976056
93.2,645000,600000,14,19,5792,5792,0.998695
93.3,255000,330000,1,0,5792,5792,0.983829
93.4,120000,120000,0,0,5792,5792,1
93.5,180000,75000,15,14,80265,74004,0.85503
93.6,660000,585000,21,20,93247,82692,0.996384
93.7,630000,615000,32,30,93247,85853,0.999855
93.8,645000,600000,45,41,93247,85853,0.998695
93.9,660000,600000,52,48,93247,85853,0.997738
94,645000,600000,54,47,96143,85853,0.998695
94.1,645000,600000,52,48,93247,85853,0.998695
94.2,645000,600000,52,48,93247,85853,0.998695
94.3,675000,585000,52,48,93247,85853,0.994924
94.4,645000,600000,54,51,96143,88749,0.998695
94.5,630000,615000,52,46,93247,85853,0.999855
94.6,675000,570000,53,47,93247,85853,0.992937
94.7,645000,600000,51,49,93247,85853,0.998695
94.8,630000,630000,53,47,93247,85853,1
94.9,675000,570000,51,46,77190,85853,0.992937
95,660000,585000,37,40,77190,71108,0.996384
95.1,600000,645000,42,34,77190,71108,0.998695
95.2,690000,570000,40,37,77190,71108,0.991011
95.3,645000,600000,41,40,77914,74004,0.998695
95.4,630000,615000,35,33,75018,71108,0.999855
95.5,645000,600000,36,34,75018,71108,0.998695
95.6,645000,600000,36,35,75018,71108,0.998695
95.7,645000,615000,37,36,75366,71810,0.999433
95.8,630000,615000,40,34,75915,71810,0.999855
95.9,660000,585000,36,36,75915,73083,0.996384
96,630000,615000,38,37,75915,73083,0.999855
96.1,645000,615000,39,39,75915,73083,0.999433
96.2,630000,615000,42,40,78811,73083,0.999855
96.3,645000,600000,35,36,75915,73083,0.998695
96.4,615000,630000,39,36,75915,73083,0.999855
96.5,645000,600000,40,39,75915,73755,0.998695
96.6,645000,615000,40,41,75915,76651,0.999433
96.7,615000,630000,40,34,75915,73755,0.999855
96.8,660000,585000,36,37,75915,73755,0.996384
96.9,615000,630000,40,38,75915,73755,0.999855
97,645000,615000,40,39,75915,73755,0.999433
97.1,630000,615000,43,36,78267,73755,0.999855
97.2,675000,570000,33,38,75371,73755,0.992937
97.3,585000,660000,38,36,75371,73755,0.996384
97.4,645000,600000,39,39,75371,73755,0.998695
97.5,630000,630000,40,41,75371,76651,1
97.6,615000,630000,40,33,75371,73755,0.999855
97.7,660000,585000,37,36,75534,73755,0.996384
97.8,630000,615000,39,38,75534,73083,0.999855
97.9,630000,630000,41,38,75534,73083,1
98,645000,600000,42,35,78430,73083,0.998695
98.1,675000,570000,32,39,76217,73083,0.992937
98.2,570000,675000,39,35,76217,73083,0.992937
98.3,660000,585000,39,38,76217,73083,0.996384
98.4,645000,615000,40,41,76217,75979,0.999433
98.5,630000,615000,38,35,76217,73083,0.999855
98.6,630000,615000,37,36,76217,73083,0.999855
98.7,630000,615000,39,37,76217,73083,0.999855
98.8,645000,615000,40,40,76217,75901,0.999433
98.9,615000,630000,44,32,79113,73005,0.999855
99,705000,540000,31,39,76217,73005,0.982739
99.1,570000,675000,38,36,76217,73005,0.992937
99.2,645000,600000,39,38,76217,73005,0.998695
99.3,645000,615000,40,38,75805,73005,0.999433
99.4,645000,600000,36,36,75805,73005,0.998695
99.5,615000,630000,36,36,77312,73005,0.999855
99.6,630000,615000,39,37,77312,73005,0.999855
99.7,645000,615000,41,40,77312,75901,0.999433
99.8,630000,615000,44,33,80208,73005,0.999855
99.9,705000,540000,33,40,77312,73005,0.982739
100,585000,660000,39,37,77312,73005,0.996384
100.1,645000,600000,41,39,77312,73005,0.998695
100.2,645000,615000,41,37,77312,73005,0.999433
100.3,660000,585000,37,37,77312,73005,0.996384
100.4,615000,630000,38,36,77312,73005,0.999855
100.5,645000,600000,40,38,77312,73005,0.998695
100.6,645000,615000,41,41,77312,75901,0.999433
100.7,630000,615000,43,33,80208,72360,0.999855
100.8,705000,540000,32,37,76486,72360,0.982739
100.9,585000,660000,37,35,76486,72360,0.996384
101,645000,600000,39,37,76486,72360,0.998695
101.1,645000,615000,40,36,76486,72467,0.999433
101.2,660000,585000,34,37,75966,73005,0.996384
101.3,585000,660000,38,35,77625,73005,0.996384
101.4,660000,585000,40,38,77625,73005,0.996384
101.5,645000,615000,41,41,77625,75901,0.999433
101.6,630000,615000,43,34,80521,73005,0.999855
101.7,675000,570000,35,37,77625,73005,0.992937
101.8,600000,645000,40,37,77625,73005,0.998695
101.9,645000,600000,42,39,77625,73005,0.998695
102,660000,600000,41,36,80521,73005,0.997738
102.1,675000,570000,33,39,77625,73005,0.992937
102.2,585000,660000,39,36,77625,73005,0.996384
102.3,645000,600000,41,38,77625,73005,0.998695
102.4,660000,600000,41,40,77625,75256,0.997738
102.5,630000,615000,39,34,76430,72360,0.999855
102.6,660000,585000,34,35,76430,72360,0.996384
102.7,615000,630000,38,35,76430,72360,0.999855
102.8,645000,600000,39,38,76430,75256,0.998695
102.9,645000,615000,42,33,79326,72360,0.999433
103,690000,555000,31,38,76430,72411,0.988379
103.1,570000,675000,39,35,78350,72411,0.992937
103.2,660000,585000,41,38,78350,73076,0.996384
103.3,645000,615000,42,38,78350,73076,0.999433
103.4,660000,585000,40,36,78350,73076,0.996384
103.5,645000,600000,37,26,78350,5792,0.998695
103.6,750000,390000,0,4,5792,5792,0.90932
103.7,105000,120000,0,4,5792,5792,0.995575
103.8,90000,120000,2,2,5792,73076,0.98
103.9,360000,480000,13,13,78350,73076,0.98
104,630000,615000,18,18,80535,74629,0.999855
104.1,690000,570000,17,21,78772,76914,0.991011
104.2,600000,645000,24,23,80232,76914,0.998695
104.3,630000,615000,29,27,80232,76914,0.999855
104.4,645000,600000,33,32,80232,79810,0.998695
104.5,630000,630000,44,35,80232,76914,1
104.6,690000,555000,39,42,80232,76914,0.988379
104.7,600000,645000,43,42,80232,76914,0.998695
104.8,630000,615000,44,41,80232,76914,0.999855
104.9,645000,600000,46,42,83128,76914,0.998695
105,645000,615000,39,40,80232,76914,0.999433
105.1,615000,630000,44,41,80232,76914,0.999855
105.2,645000,600000,44,40,80232,75915,0.998695
105.3,645000,600000,41,43,77625,78811,0.998695
105.4,615000,645000,40,35,77625,75915,0.999433
105.5,660000,585000,37,40,77625,75915,0.996384
105.6,600000,645000,41,41,77625,75915,0.998695
105.7,630000,615000,42,40,77625,75915,0.999855
105.8,630000,615000,44,41,80521,75915,0.999855
105.9,645000,615000,37,37,77625,73005,0.999433
106,630000,615000,39,38,74208,73005,0.999855
106.1,630000,615000,40,38,74208,73005,0.999855
106.2,630000,615000,40,40,75018,75901,0.999855
106.3,630000,630000,38,33,75018,73005,1
106.4,645000,600000,35,35,75018,73195,0.998695
106.5,615000,630000,38,36,75018,73195,0.999855
106.6,630000,615000,39,37,75018,73195,0.999855
106.7,645000,600000,41,39,77914,73195,0.998695
106.8,645000,615000,34,36,75018,73662,0.999433
106.9,615000,630000,37,37,75018,73662,0.999855
107,630000,615000,38,39,75018,73662,0.999855
107.1,615000,630000,40,40,75018,76558,0.999855
107.2,630000,630000,39,33,75018,73662,1
107.3,660000,585000,34,37,74469,73662,0.996384
107.4,600000,645000,38,37,74469,73662,0.998695
107.5,630000,615000,39,38,74469,73662,0.999855
107.6,630000,615000,42,39,77365,73662,0.999855
107.7,660000,600000,33,37,74469,73662,0.997738
107.8,600000,645000,36,36,74552,73662,0.998695
107.9,630000,615000,38,38,74552,73769,0.999855
108,615000,630000,40,41,74552,76665,0.999855
108.1,630000,630000,39,33,74552,73769,1
108.2,645000,600000,35,36,74552,73769,0.998695
108.3,615000,630000,38,37,74552,73769,0.999855
108.4,630000,615000,39,39,74552,73769,0.999855
108.5,630000,615000,41,39,77448,73769,0.999855
108.6,645000,615000,34,36,74552,73769,0.999433
108.7,600000,645000,37,36,74552,73769,0.998695
108.8,630000,615000,38,38,74552,73769,0.999855
108.9,630000,615000,39,41,74552,76665,0.999855
109,615000,645000,39,33,74469,73769,0.999433
109.1,660000,585000,35,37,74469,73769,0.996384
109.2,600000,645000,38,37,74469,73769,0.998695
109.3,630000,615000,39,38,74469,73769,0.999855
109.4,630000,615000,42,38,77365,73769,0.999855
109.5,660000,600000,33,37,74469,73769,0.997738
109.6,600000,645000,37,37,74475,73769,0.998695
109.7,615000,630000,39,38,74475,73769,0.999855
109.8,630000,615000,40,40,74475,76665,0.999855
109.9,630000,630000,39,34,74475,73769,1
110,645000,600000,35,36,74475,73769,0.998695
110.1,615000,630000,37,37,74475,73769,0.999855
110.2,630000,615000,39,39,74475,73769,0.999855
110.3,615000,630000,42,38,77371,73769,0.999855
110.4,660000,600000,34,36,74475,73769,0.997738
110.5,600000,645000,37,36,74475,73769,0.998695
110.6,630000,615000,38,38,74475,73769,0.999855
110.7,630000,615000,40,41,74475,76665,0.999855
110.8,615000,645000,39,33,74475,73769,0.999433
110.9,660000,585000,35,37,74469,73769,0.996384
111,600000,645000,38,37,74469,73769,0.998695
111.1,630000,615000,39,38,74469,73769,0.999855
111.2,630000,615000,42,38,77365,73769,0.999855
111.3,660000,600000,33,37,74469,73769,0.997738
111.4,600000,645000,37,37,74474,73769,0.998695
111.5,615000,630000,39,38,74474,73769,0.999855
111.6,630000,615000,40,41,74474,76665,0.999855
111.7,630000,630000,38,34,74474,73769,1
111.8,645000,600000,35,36,74474,73769,0.998695
111.9,615000,630000,37,37,74474,73769,0.999855
112,630000,615000,39,39,74474,73769,0.999855
112.1,615000,630000,42,38,77370,73769,0.999855
112.2,675000,585000,33,37,74474,73769,0.994924
112.3,585000,660000,37,36,74474,73769,0.996384
112.4,630000,615000,38,38,74474,73769,0.999855
112.5,630000,615000,39,41,74474,76665,0.999855
112.6,615000,645000,39,33,74469,73769,0.999433
112.7,660000,585000,35,37,74469,73769,0.996384
112.8,600000,645000,38,37,74469,73769,0.998695
112.9,630000,615000,39,38,74469,73769,0.999855
113,630000,615000,42,38,77365,73769,0.999855
113.1,660000,600000,33,37,74469,73769,0.997738
113.2,600000,645000,37,37,74475,73769,0.998695
113.3,615000,630000,39,38,74475,73769,0.999855
113.4,630000,615000,40,40,74475,76665,0.999855
113.5,630000,630000,38,34,74475,73769,1
113.6,645000,600000,35,36,74475,73769,0.998695
113.7,615000,630000,38,37,74475,73769,0.999855
113.8,630000,615000,39,39,74475,73769,0.999855
113.9,630000,615000,7,28,5792,5792,0.999855
114,150000,480000,4,0,5792,5792,0.784698
114.1,120000,90000,3,2,5792,5792,0.98
114.2,255000,90000,11,10,74469,75810,0.813846
114.3,615000,600000,13,15,74469,75810,0.999848
114.4,615000,645000,19,16,77914,75810,0.999433
114.5,615000,630000,20,20,78951,76021,0.999855
114.6,645000,600000,23,23,78951,77986,0.998695
114.7,630000,615000,28,28,78951,77986,0.999855
114.8,630000,630000,32,31,78951,77986,1
114.9,630000,615000,40,42,78951,80882,0.999855
115,615000,630000,41,39,78951,77986,0.999855
115.1,645000,600000,43,42,78951,77986,0.998695
115.2,630000,615000,42,43,78951,77986,0.999855
115.3,615000,645000,45,41,81847,80882,0.999433
115.4,645000,600000,39,39,78951,77986,0.998695
115.5,630000,615000,41,42,78951,77986,0.999855
115.6,615000,630000,43,41,78951,77986,0.999855
115.7,645000,615000,41,39,76430,74656,0.999433
115.8,645000,600000,36,42,76430,74656,0.998695
115.9,585000,660000,39,35,76430,74656,0.996384
116,660000,585000,39,39,76430,74656,0.996384
116.1,630000,615000,40,40,76430,73083,0.999855
116.2,645000,615000,42,40,79326,75979,0.999433
116.3,630000,615000,36,34,76430,73083,0.999855
116.4,645000,600000,38,37,76430,73083,0.998695
116.5,630000,615000,40,38,76430,73083,0.999855
116.6,645000,615000,40,39,76430,73083,0.999433
116.7,630000,615000,38,37,76430,73083,0.999855
116.8,630000,615000,38,34,76430,73083,0.999855
116.9,645000,600000,40,37,76430,73083,0.998695
117,645000,600000,40,39,76430,73083,0.998695
117.1,645000,615000,42,41,79326,75979,0.999433
117.2,630000,615000,36,35,76430,73083,0.999855
117.3,630000,615000,39,36,75427,73083,0.999855
117.4,645000,600000,40,38,75427,72360,0.998695
117.5,645000,615000,40,38,75427,72360,0.999433
117.6,630000,615000,39,34,75427,72360,0.999855
117.7,660000,585000,35,35,75427,72360,0.996384
117.8,630000,615000,37,36,75427,72360,0.999855
117.9,630000,615000,39,37,75427,72360,0.999855
118,645000,615000,42,40,78323,75256,0.999433
118.1,645000,600000,34,34,75184,72360,0.998695
118.2,630000,615000,36,35,75184,72360,0.999855
118.3,630000,615000,38,36,75184,72360,0.999855
118.4,645000,615000,38,38,75184,74676,0.999433
118.5,615000,630000,39,33,75184,72467,0.999855
118.6,660000,585000,35,36,75184,73083,0.996384
118.7,615000,630000,38,37,75184,73083,0.999855
118.8,630000,615000,39,38,75184,73083,0.999855
118.9,645000,615000,41,38,78080,73083,0.999433
119,660000,585000,33,37,75184,73662,0.996384
119.1,600000,645000,36,37,75184,73662,0.998695
119.2,630000,615000,38,38,75184,73662,0.999855
119.3,630000,630000,39,41,75184,76558,1
119.4,615000,630000,39,33,75184,73662,0.999855
119.5,660000,585000,35,37,75184,73662,0.996384
119.6,615000,630000,38,37,75184,73662,0.999855
119.7,630000,615000,39,39,75018,73662,0.999855
119.8,630000,630000,41,38,77914,73662,1
119.9,645000,600000,34,36,75018,73662,0.998695
120,600000,645000,38,36,75018,73662,0.998695
120.1,630000,615000,39,38,75018,73769,0.999855
120.2,645000,615000,39,41,75018,76665,0.999433
120.3,615000,630000,39,34,74853,73769,0.999855
120.4,645000,600000,36,36,74853,73769,0.998695
120.5,615000,630000,38,37,74853,73769,0.999855
120.6,630000,615000,40,39,74853,73769,0.999855
120.7,630000,630000,42,37,77749,73769,1
120.8,660000,585000,33,36,74853,73769,0.996384
120.9,600000,645000,37,36,74853,73769,0.998695
121,630000,615000,38,38,74853,73769,0.999855
121.1,630000,630000,39,41,74853,76665,1
121.2,615000,630000,39,33,74469,73769,0.999855
121.3,660000,585000,34,36,74942,73769,0.996384
121.4,600000,645000,38,36,74942,73769,0.998695
121.5,630000,615000,40,38,74942,73769,0.999855
121.6,645000,615000,41,37,77838,73769,0.999433
121.7,660000,585000,33,37,74942,73769,0.996384
121.8,585000,660000,37,36,74982,73769,0.996384
121.9,630000,615000,39,38,74982,73769,0.999855
122,645000,615000,39,41,74982,76665,0.999433
122.1,615000,630000,38,33,74982,73769,0.999855
122.2,645000,600000,35,36,74982,73769,0.998695
122.3,615000,630000,38,37,74982,73769,0.999855
122.4,630000,615000,40,39,74982,73769,0.999855
122.5,630000,630000,42,37,77878,73769,1
122.6,660000,585000,33,36,74982,73769,0.996384
122.7,600000,645000,37,36,74982,73769,0.998695
122.8,630000,615000,38,38,74982,73769,0.999855
122.9,630000,630000,40,40,74982,76558,1
123,615000,630000,39,33,74982,73662,0.999855
123.1,660000,585000,35,37,74510,73662,0.996384
123.2,600000,645000,38,37,74510,73662,0.998695
123.3,630000,615000,40,39,74510,73769,0.999855
123.4,645000,615000,41,38,77365,73769,0.999433
123.5,645000,600000,33,37,74469,73769,0.998695
123.6,600000,645000,37,37,74469,73769,0.998695
123.7,630000,615000,38,39,74469,73769,0.999855
123.8,630000,630000,39,41,74469,76665,1
123.9,615000,630000,39,34,74469,73769,0.999855
124,645000,600000,35,37,74475,73769,0.998695
124.1,615000,630000,38,38,74475,73769,0.999855
124.2,630000,615000,39,30,74475,5792,0.999855
124.3,780000,450000,0,4,5792,5792,0.932852
124.4,75000,120000,2,2,5792,5792,0.949438
124.5,90000,120000,4,0,5792,5792,0.98
124.6,330000,450000,14,16,77371,76665,0.976879
124.7,615000,630000,20,18,74475,73769,0.999855
124.8,630000,615000,19,19,75099,75366,0.999855
124.9,630000,630000,21,21,75099,75366,1
125,615000,630000,23,23,75366,75366,0.999855
125.1,630000,615000,29,31,78262,78262,0.999855
125.2,615000,630000,29,28,75366,75605,0.999855
125.3,630000,630000,31,30,75366,75605,1
125.4,630000,615000,32,33,75366,75605,0.999855
125.5,615000,630000,35,35,75366,75605,0.999855
125.6,630000,615000,39,39,75366,75605,0.999855
125.7,615000,630000,38,38,75366,75605,0.999855
125.8,630000,630000,40,40,75366,75605,1
125.9,630000,615000,40,41,75366,75605,0.999855
126,615000,630000,42,43,77197,78501,0.999855
126.1,615000,630000,35,36,74301,75605,0.999855
126.2,630000,630000,37,38,74301,75605,1
126.3,615000,630000,39,40,74301,75605,0.999855
126.4,615000,630000,40,40,74301,75605,0.999855
126.5,615000,630000,39,38,74301,74469,0.999855
126.6,630000,615000,36,36,73662,74469,0.999855
126.7,630000,630000,37,38,73662,74469,1
126.8,615000,630000,38,39,73662,74469,0.999855
126.9,615000,630000,41,41,76558,77229,0.999855
127,615000,630000,34,34,73662,74333,0.999855
127.1,630000,630000,35,36,73662,74333,1
127.2,615000,630000,37,37,73662,74333,0.999855
127.3,615000,630000,39,38,73885,74333,0.999855
127.4,630000,615000,39,40,73885,74469,0.999855
127.5,615000,630000,35,35,73885,74469,0.999855
127.6,630000,630000,36,37,73885,74469,1
127.7,615000,630000,38,38,73885,74469,0.999855
127.8,630000,615000,41,40,76781,77365,0.999855
127.9,630000,615000,34,37,73885,74469,0.999855
128,615000,645000,36,36,73885,74469,0.999433
128.1,615000,630000,38,37,73885,74469,0.999855
128.2,630000,615000,39,40,73885,74469,0.999855
128.3,615000,630000,40,42,73885,77365,0.999855
128.4,615000,630000,36,35,73885,74469,0.999855
128.5,645000,615000,36,37,73769,74469,0.999433
128.6,615000,630000,38,39,73769,74469,0.999855
128.7,615000,630000,40,39,76665,74469,0.999855
128.8,630000,615000,34,37,73769,74469,0.999855
128.9,615000,645000,36,36,73769,74469,0.999433
129,630000,615000,37,38,73769,73797,0.999855
129.1,615000,630000,38,39,73769,73797,0.999855
129.2,615000,630000,39,42,73769,77365,0.999855
129.3,600000,645000,36,33,73769,74469,0.998695
129.4,645000,615000,36,36,73769,74469,0.999433
129.5,615000,630000,38,37,73769,74469,0.999855
129.6,630000,615000,40,40,76665,74469,0.999855
129.7,630000,615000,33,38,73769,74469,0.999855
129.8,600000,660000,36,35,73769,74469,0.997738
129.9,630000,615000,36,37,73662,74469,0.999855
130,615000,630000,38,38,73662,74469,0.999855
130.1,615000,630000,39,41,73769,77365,0.999855
130.2,600000,645000,37,34,73769,74469,0.998695
130.3,660000,600000,36,37,73769,74469,0.997738
130.4,615000,630000,38,38,73769,74469,0.999855
130.5,615000,630000,40,39,76665,74469,0.999855
130.6,630000,615000,34,39,73769,74469,0.999855
130.7,600000,660000,37,34,73769,74469,0.997738
130.8,645000,600000,37,38,73769,74469,0.998695
130.9,615000,630000,38,39,73769,74469,0.999855
131,615000,630000,39,41,73769,77365,0.999855
131.1,600000,645000,37,34,73769,74469,0.998695
131.2,645000,615000,36,36,73769,74469,0.999433
131.3,630000,615000,37,39,73769,74469,0.999855
131.4,615000,630000,40,40,76665,74469,0.999855
131.5,630000,615000,33,40,73769,74469,0.999855
131.6,585000,675000,37,34,73769,74890,0.994924
131.7,645000,600000,37,37,73769,74890,0.998695
131.8,615000,630000,39,39,73790,74890,0.999855
131.9,615000,630000,39,42,73790,77786,0.999855
132,600000,645000,36,34,73790,74890,0.998695
132.1,645000,615000,36,36,73790,74890,0.999433
132.2,615000,630000,38,38,73790,74890,0.999855
132.3,615000,630000,40,39,76686,74890,0.999855
132.4,630000,615000,34,39,73790,74890,0.999855
132.5,600000,660000,36,34,73790,74890,0.997738
132.6,630000,615000,37,37,73790,74890,0.999855
132.7,630000,615000,38,39,73790,74890,0.999855
132.8,615000,630000,38,42,73790,77786,0.999855
132.9,600000,645000,35,34,73790,74591,0.998695
133,645000,615000,35,36,73662,74718,0.999433
133.1,615000,630000,37,38,73662,74718,0.999855
133.2,615000,630000,40,39,76558,74718,0.999855
133.3,630000,615000,33,40,73769,74718,0.999855
133.4,585000,675000,37,34,73769,75018,0.994924
133.5,645000,600000,36,37,73769,75018,0.998695
133.6,615000,630000,38,39,73769,75018,0.999855
133.7,615000,630000,41,41,76665,77914,0.999855
133.8,615000,630000,35,35,73769,75018,0.999855
133.9,630000,630000,36,36,73769,75018,1
134,615000,630000,38,38,73769,75018,0.999855
134.1,615000,630000,40,39,76665,75018,0.999855
134.2,630000,615000,34,40,73769,75018,0.999855
134.3,600000,660000,37,35,73769,75018,0.997738
134.4,630000,615000,38,37,73769,75018,0.999855
134.5,630000,615000,38,40,73662,75018,0.999855
134.6,615000,630000,11,28,5792,5792,0.999855
134.7,225000,465000,1,0,5792,5792,0.892074
134.8,120000,75000,0,3,5792,5792,0.949438
134.9,150000,105000,12,9,73662,74469,0.969799
135,615000,600000,13,13,73662,74469,0.999848
135.1,630000,630000,14,14,73083,74469,1
135.2,630000,615000,22,22,76430,79326,0.999855
135.3,600000,645000,21,19,77715,76430,0.998695
135.4,645000,600000,24,24,77715,76430,0.998695
135.5,630000,630000,27,27,77715,76430,1
135.6,630000,615000,31,30,80611,76430,0.999855
135.7,630000,615000,35,35,77715,76430,0.999855
135.8,630000,615000,38,37,77715,76430,0.999855
135.9,630000,615000,41,41,77715,76430,0.999855
136,630000,630000,41,41,77715,76430,1
136.1,630000,615000,43,43,80611,78770,0.999855
136.2,630000,615000,38,38,77715,75874,0.999855
136.3,630000,615000,41,41,77715,75874,0.999855
136.4,630000,630000,40,38,75874,73005,1
136.5,645000,600000,39,40,75874,73005,0.998695
136.6,615000,630000,38,35,75874,73005,0.999855
136.7,645000,600000,37,35,75874,73005,0.998695
136.8,645000,600000,38,38,74208,73005,0.998695
136.9,630000,630000,39,38,75184,73005,1
137,630000,615000,41,41,78080,75979,0.999855
137.1,630000,615000,35,35,75184,73083,0.999855
137.2,630000,615000,37,36,75184,73083,0.999855
137.3,630000,630000,39,37,75184,73168,1
137.4,645000,600000,39,40,75184,76064,0.998695
137.5,615000,630000,37,34,75184,73168,0.999855
137.6,645000,600000,36,36,75184,73662,0.998695
137.7,615000,630000,38,37,75184,73662,0.999855
137.8,645000,615000,39,39,75184,73662,0.999433
137.9,630000,615000,42,40,78080,73662,0.999855
138,645000,600000,34,36,75184,73662,0.998695
138.1,600000,645000,37,36,75184,73662,0.998695
138.2,645000,615000,38,38,74469,73662,0.999433
138.3,630000,615000,39,40,74469,76558,0.999855
138.4,615000,630000,38,34,74469,73662,0.999855
138.5,645000,600000,35,36,74469,73662,0.998695
138.6,615000,630000,37,37,74469,73662,0.999855
138.7,630000,630000,39,38,74469,73662,1
138.8,630000,615000,41,39,77365,73662,0.999855
138.9,645000,600000,33,36,74469,73662,0.998695
139,600000,645000,37,35,74469,73662,0.998695
139.1,645000,615000,37,37,74469,73662,0.999433
139.2,615000,630000,39,39,74469,76558,0.999855
139.3,615000,630000,40,33,74469,73769,0.999855
139.4,660000,585000,35,37,74469,73769,0.996384
139.5,600000,645000,38,37,74469,73769,0.998695
139.6,645000,615000,38,39,74469,73769,0.999433
139.7,615000,630000,42,39,77365,73769,0.999855
139.8,645000,600000,34,36,74469,73769,0.998695
139.9,615000,630000,37,37,74469,73769,0.999855
140,630000,630000,38,38,74469,73769,1
140.1,630000,615000,39,40,74469,76665,0.999855
140.2,615000,630000,40,34,74469,73769,0.999855
140.3,660000,585000,34,38,74469,73769,0.996384
140.4,600000,645000,38,37,74890,73769,0.998695
140.5,630000,630000,39,38,74890,73790,1
140.6,630000,615000,41,39,77786,73790,0.999855
140.7,645000,600000,34,35,74890,73790,0.998695
140.8,615000,630000,36,36,74890,73790,0.999855
140.9,630000,630000,38,37,74890,73790,1
141,630000,615000,39,39,74890,76686,0.999855
141.1,615000,630000,40,33,74890,73790,0.999855
141.2,675000,570000,33,37,74890,73790,0.992937
141.3,600000,645000,37,37,74890,73790,0.998695
141.4,630000,630000,39,38,74890,73790,1
141.5,630000,615000,41,40,77487,73790,0.999855
141.6,645000,600000,33,36,74591,73790,0.998695
141.7,600000,645000,37,36,74718,73662,0.998695
141.8,645000,615000,37,37,74718,73662,0.999433
141.9,615000,630000,40,39,74718,76558,0.999855
142,630000,615000,39,34,74718,73769,0.999855
142.1,660000,585000,34,37,74718,73769,0.996384
142.2,600000,645000,37,37,75018,73769,0.998695
142.3,630000,630000,39,38,75018,73769,1
142.4,630000,615000,42,40,77914,76665,0.999855
142.5,630000,615000,35,34,75018,73769,0.999855
142.6,630000,615000,37,36,75018,73769,0.999855
142.7,630000,630000,38,37,75018,73769,1
142.8,630000,615000,40,38,75018,76665,0.999855
142.9,630000,615000,40,35,75018,73769,0.999855
143,660000,585000,34,38,75018,73769,0.996384
143.1,600000,645000,38,38,75018,73769,0.998695
143.2,630000,630000,39,39,75018,73662,1
143.3,630000,615000,40,41,77914,76558,0.999855
143.4,630000,615000,35,35,74469,73662,0.999855
143.5,615000,630000,36,36,74469,73662,0.999855
143.6,630000,630000,38,37,74469,73662,1
143.7,630000,615000,39,38,74469,76558,0.999855
143.8,630000,615000,40,35,74469,73662,0.999855
143.9,660000,585000,33,37,74469,73662,0.996384
144,585000,660000,37,36,74469,73662,0.996384
144.1,645000,615000,38,38,74469,73662,0.999433
144.2,615000,630000,41,40,77365,76558,0.999855
144.3,630000,615000,35,34,74469,73662,0.999855
144.4,630000,615000,36,36,74469,73662,0.999855
144.5,630000,630000,37,37,74333,73662,1
144.6,630000,615000,38,39,74333,73662,0.999855
144.7,615000,630000,42,35,77365,73662,0.999855
144.8,660000,585000,33,37,74469,73662,0.996384
144.9,600000,645000,37,29,74469,5792,0.998695
145,750000,435000,0,4,5792,5792,0.934002
145.1,105000,120000,0,3,5792,5792,0.995575
145.2,75000,120000,3,0,5792,5792,0.949438
145.3,345000,495000,20,20,77365,76558,0.969098
145.4,570000,675000,28,23,91882,86242,0.992937
145.5,675000,570000,38,36,91882,86242,0.992937
145.6,645000,615000,49,46,91882,86242,0.999433
145.7,645000,600000,52,48,94778,86242,0.998695
145.8,645000,600000,50,48,91882,86242,0.998695
145.9,615000,630000,53,47,91882,86242,0.999855
146,690000,570000,51,48,91882,86242,0.991011
146.1,630000,615000,51,48,91882,86242,0.999855
146.2,630000,615000,53,50,94778,89138,0.999855
146.3,660000,585000,52,47,91882,86242,0.996384
146.4,645000,600000,50,50,91882,86242,0.998695
146.5,630000,630000,50,49,91882,86242,1
146.6,660000,585000,54,46,94778,86242,0.996384
146.7,660000,585000,40,38,79781,71959,0.996384
146.8,645000,600000,43,37,79781,71959,0.998695
146.9,675000,585000,43,38,79781,71959,0.994924
147,660000,585000,43,38,79781,71959,0.996384
147.1,660000,585000,40,39,75534,73476,0.996384
147.2,630000,615000,36,31,77066,70580,0.999855
147.3,675000,570000,36,34,77066,70580,0.992937
147.4,660000,600000,37,35,77066,70580,0.997738
147.5,645000,600000,41,36,80320,70580,0.998695
147.6,675000,570000,34,36,77424,70580,0.992937
147.7,630000,615000,38,33,77625,70580,0.999855
147.8,675000,585000,38,35,77625,70475,0.994924
147.9,645000,600000,41,36,78708,70475,0.998695
148,660000,585000,41,39,78708,73371,0.996384
148.1,630000,615000,41,31,78708,70475,0.999855
148.2,705000,540000,40,35,78708,70475,0.982739
148.3,660000,600000,42,36,78708,70475,0.997738
148.4,660000,585000,44,37,81604,70475,0.996384
148.5,675000,570000,37,36,78708,70475,0.992937
148.6,645000,600000,39,33,78708,70475,0.998695
148.7,675000,585000,41,35,78708,70475,0.994924
148.8,660000,585000,42,37,78708,70475,0.996384
148.9,660000,585000,39,39,78708,73371,0.996384
149,615000,630000,42,30,78708,70475,0.999855
149.1,720000,525000,39,36,78350,70475,0.976056
149.2,660000,600000,41,36,78350,70475,0.997738
149.3,660000,585000,44,37,81246,70475,0.996384
149.4,660000,585000,38,35,78350,70328,0.996384
149.5,660000,585000,39,34,78350,70627,0.996384
149.6,675000,585000,40,36,78444,70627,0.994924
149.7,660000,585000,43,37,81340,70627,0.996384
149.8,660000,585000,37,39,78444,73523,0.996384
149.9,600000,645000,43,29,78444,70955,0.998695
150,735000,510000,39,36,78444,70955,0.968372
150.1,660000,600000,41,37,78444,70955,0.997738
150.2,645000,600000,42,38,78444,70955,0.998695
150.3,645000,600000,39,34,78444,70955,0.998695
150.4,675000,570000,39,34,78444,71369,0.992937
150.5,675000,585000,40,36,78444,71369,0.994924
150.6,645000,600000,45,38,81340,71369,0.998695
150.7,675000,570000,36,42,78444,74265,0.992937
150.8,585000,660000,43,30,78444,71405,0.996384
150.9,720000,525000,40,36,78404,71405,0.976056
151,660000,600000,42,38,78404,71405,0.997738
151.1,645000,600000,41,37,78404,71405,0.998695
151.2,645000,600000,40,34,78404,71405,0.998695
151.3,675000,570000,39,34,77798,71405,0.992937
151.4,675000,585000,40,37,77798,71405,0.994924
151.5,645000,600000,43,38,80694,71405,0.998695
151.6,660000,585000,36,41,77798,74301,0.996384
151.7,600000,645000,41,30,77798,71615,0.998695
151.8,705000,540000,39,36,77798,71615,0.982739
151.9,660000,600000,40,38,77798,71615,0.997738
152,645000,600000,38,38,77798,71615,0.998695
152.1,615000,630000,40,33,77798,71615,0.999855
152.2,690000,555000,38,35,77098,71946,0.988379
152.3,660000,600000,39,37,77098,71946,0.997738
152.4,645000,600000,43,38,79994,71946,0.998695
152.5,660000,585000,36,40,77098,74842,0.996384
152.6,600000,645000,40,31,76914,72164,0.998695
152.7,690000,555000,39,36,76914,72164,0.988379
152.8,660000,600000,40,38,76914,72164,0.997738
152.9,645000,600000,37,39,76914,75060,0.998695
153,600000,645000,40,31,76914,72164,0.998695
153.1,705000,540000,38,36,76914,72164,0.982739
153.2,645000,615000,40,36,76914,72164,0.999433
153.3,645000,600000,42,38,79326,72164,0.998695
153.4,660000,585000,35,39,76430,72164,0.996384
153.5,615000,630000,38,32,76430,72582,0.999855
153.6,675000,570000,37,36,76628,72582,0.992937
153.7,645000,615000,40,37,79524,72582,0.999433
153.8,645000,600000,36,39,76628,75478,0.998695
153.9,585000,660000,41,31,76914,72582,0.996384
154,705000,540000,38,37,76914,74637,0.982739
154.1,645000,615000,40,39,76914,74637,0.999433
154.2,630000,615000,43,40,79810,74637,0.999855
154.3,645000,600000,37,40,76914,74637,0.998695
154.4,615000,630000,39,35,76914,74637,0.999855
154.5,645000,600000,41,39,76914,74637,0.998695
154.6,645000,615000,41,39,79810,74637,0.999433
154.7,645000,600000,38,42,76914,77533,0.998695
154.8,585000,660000,42,32,76914,74637,0.996384
154.9,705000,540000,38,39,76914,74637,0.982739
155,615000,645000,42,39,76914,74637,0.999433
155.1,645000,600000,42,40,79219,74637,0.998695
155.2,630000,615000,36,37,76323,72641,0.999855
155.3,630000,615000,10,25,5792,5792,0.999855
155.4,210000,435000,3,0,5792,5792,0.891514
155.5,120000,90000,0,2,5792,5792,0.98
155.6,195000,90000,11,10,74208,72360,0.880488
155.7,630000,600000,13,12,74208,72360,0.999405
155.8,630000,615000,14,13,74208,72360,0.999855
155.9,645000,600000,22,20,80798,75256,0.998695
156,660000,600000,20,19,78951,73662,0.997738
156.1,645000,600000,23,22,78951,73662,0.998695
156.2,645000,600000,26,24,78951,73662,0.998695
156.3,645000,600000,29,27,78951,73662,0.998695
156.4,645000,600000,35,32,78951,73662,0.998695
156.5,660000,600000,35,33,78951,73662,0.997738
156.6,645000,600000,38,36,78951,73662,0.998695
156.7,645000,600000,41,38,78951,73662,0.998695
156.8,645000,600000,45,41,81847,76558,0.998695
156.9,660000,600000,38,36,78951,73662,0.997738
157,645000,600000,41,39,77986,73043,0.998695
157.1,630000,615000,42,38,77986,73043,0.999855
157.2,645000,600000,42,40,80882,75939,0.998695
157.3,645000,600000,38,35,77986,73043,0.998695
157.4,645000,615000,38,36,76430,73043,0.999433
157.5,645000,600000,40,38,76430,71728,0.998695
157.6,630000,615000,41,37,76430,71728,0.999855
157.7,645000,600000,43,37,79326,71728,0.998695
157.8,660000,600000,35,34,76430,71753,0.997738
157.9,630000,615000,38,35,76430,71753,0.999855
158,645000,600000,39,36,76430,71753,0.998695
158.1,645000,600000,41,40,78811,74649,0.998695
158.2,630000,615000,37,33,75915,71753,0.999855
158.3,660000,600000,36,34,75915,71753,0.997738
158.4,645000,600000,37,36,75915,71753,0.998695
158.5,630000,615000,40,37,75915,71753,0.999855
158.6,645000,600000,41,36,75915,71780,0.998695
158.7,675000,585000,34,35,75915,71780,0.994924
158.8,615000,630000,37,35,75915,71780,0.999855
158.9,645000,600000,38,37,75915,71780,0.998695
159,645000,600000,41,41,78811,74676,0.998695
159.1,630000,615000,36,34,75915,71780,0.999855
159.2,645000,615000,37,34,75915,71780,0.999433
159.3,645000,600000,38,36,75915,71780,0.998695
159.4,645000,600000,39,38,75915,71780,0.998695
159.5,630000,615000,41,35,75915,71780,0.999855
159.6,675000,585000,35,35,75915,71780,0.994924
159.7,615000,630000,38,35,76217,71780,0.999855
159.8,645000,600000,40,37,76217,71780,0.998695
159.9,645000,600000,42,40,79113,74676,0.998695
160,645000,600000,36,34,76217,71780,0.998695
160.1,645000,615000,37,35,76217,71780,0.999433
160.2,645000,600000,39,37,76217,71780,0.998695
160.3,645000,600000,40,39,76217,74676,0.998695
160.4,630000,615000,39,33,76217,71780,0.999855
160.5,675000,585000,35,35,76217,71780,0.994924
160.6,615000,630000,38,35,76217,71780,0.999855
160.7,645000,600000,40,37,76217,71780,0.998695
160.8,645000,600000,42,37,79113,71780,0.998695
160.9,660000,585000,35,35,76217,71780,0.996384
161,630000,630000,37,35,76217,71780,1
161.1,645000,600000,39,37,76217,71780,0.998695
161.2,645000,600000,40,41,76217,74676,0.998695
161.3,615000,630000,40,32,76217,71780,0.999855
161.4,675000,585000,36,35,76217,71780,0.994924
161.5,630000,615000,38,35,76217,71780,0.999855
161.6,645000,600000,40,37,76217,71780,0.998695
161.7,645000,600000,42,36,79113,71780,0.998695
161.8,675000,570000,33,37,76217,71780,0.992937
161.9,615000,645000,37,35,76565,71780,0.999433
162,645000,600000,39,37,76565,71780,0.998695
162.1,645000,600000,40,40,76565,74676,0.998695
162.2,615000,630000,39,33,76565,71780,0.999855
162.3,675000,585000,36,35,76565,71780,0.994924
162.4,630000,615000,39,36,76565,71780,0.999855
162.5,645000,600000,40,37,76565,71780,0.998695
162.6,645000,600000,42,34,79461,71780,0.998695
162.7,690000,555000,34,38,76565,71780,0.988379
162.8,600000,660000,38,35,76565,71780,0.997738
162.9,645000,600000,40,37,76565,71780,0.998695
163,645000,600000,41,39,79461,71780,0.998695
163.1,645000,600000,36,34,76482,71780,0.998695
163.2,645000,615000,37,35,76482,71780,0.999433
163.3,645000,600000,39,36,76482,71753,0.998695
163.4,645000,600000,40,39,76482,74649,0.998695
163.5,630000,615000,41,33,76482,71753,0.999855
163.6,675000,570000,35,36,76217,71753,0.992937
163.7,630000,630000,38,36,76217,71753,1
163.8,645000,600000,39,37,76217,71780,0.998695
163.9,645000,600000,42,37,79113,71780,0.998695
164,660000,585000,34,36,76217,71780,0.996384
164.1,615000,645000,38,34,76527,71780,0.999433
164.2,645000,600000,39,36,76527,71780,0.998695
164.3,645000,600000,40,40,76527,74676,0.998695
164.4,630000,615000,40,33,76527,71780,0.999855
164.5,675000,570000,36,36,76548,71780,0.992937
164.6,630000,630000,39,36,76548,71780,1
164.7,645000,600000,40,37,76548,71780,0.998695
164.8,645000,600000,43,35,79444,71780,0.998695
164.9,675000,570000,34,37,76548,71780,0.992937
165,615000,645000,38,35,76548,71780,0.999433
165.1,645000,600000,40,37,76548,71780,0.998695
165.2,645000,600000,40,40,76548,74676,0.998695
165.3,630000,615000,38,33,76548,71780,0.999855
165.4,645000,600000,38,35,76548,71780,0.998695
165.5,660000,600000,39,36,76548,71108,0.997738
165.6,645000,600000,40,37,76548,74004,0.998695
165.7,645000,600000,10,16,5792,5792,0.998695
165.8,210000,285000,1,0,5792,5792,0.977558
165.9,120000,120000,0,0,5792,5792,1
166,150000,120000,12,11,76430,72092,0.987805
166.1,645000,615000,14,12,76430,72092,0.999433
166.2,645000,600000,24,22,77902,76558,0.998695
166.3,645000,600000,21,19,78951,73662,0.998695
166.4,645000,600000,24,22,78951,73662,0.998695
166.5,660000,600000,26,25,78951,73662,0.997738
166.6,645000,600000,31,28,81847,76558,0.998695
166.7,645000,600000,32,30,78951,73662,0.998695
166.8,645000,600000,36,33,78951,73662,0.998695
166.9,645000,600000,39,36,78951,73662,0.998695
167,660000,600000,41,39,78951,73662,0.997738
167.1,645000,600000,41,39,78951,73662,0.998695
167.2,645000,600000,40,36,78951,72121,0.998695
167.3,645000,600000,42,38,77587,72121,0.998695
167.4,660000,600000,41,38,77587,72121,0.997738
167.5,645000,600000,43,40,80483,75017,0.998695
167.6,645000,600000,37,33,77587,71108,0.998695
167.7,660000,585000,38,35,77587,71108,0.996384
167.8,645000,600000,40,37,76914,71108,0.998695
167.9,660000,600000,41,38,77158,71108,0.997738
168,645000,600000,39,36,77158,71108,0.998695
168.1,645000,600000,38,34,77158,71108,0.998695
168.2,660000,585000,39,36,77158,71108,0.996384
168.3,645000,615000,41,36,77158,71108,0.999433
168.4,660000,585000,43,40,80054,74004,0.996384
168.5,645000,600000,37,34,77158,71108,0.998695
168.6,645000,600000,39,35,77158,71108,0.998695
168.7,660000,585000,40,37,77158,71108,0.996384
168.8,660000,600000,40,38,80054,71108,0.997738
168.9,645000,600000,37,35,77158,71108,0.998695
169,645000,600000,38,34,77158,71108,0.998695
169.1,645000,600000,40,36,76459,71108,0.998695
169.2,660000,600000,40,37,76459,71108,0.997738
169.3,645000,600000,41,39,76459,71108,0.998695
169.4,645000,600000,36,34,76459,71108,0.998695
169.5,645000,600000,37,35,76459,71108,0.998695
169.6,645000,600000,39,36,76661,71108,0.998695
169.7,660000,600000,41,39,79557,74004,0.997738
169.8,645000,600000,35,33,76661,71108,0.998695
169.9,645000,600000,37,34,76661,71108,0.998695
170,645000,600000,38,36,76661,71108,0.998695
170.1,660000,600000,39,37,76661,71108,0.997738
170.2,645000,600000,39,36,76661,71108,0.998695
170.3,645000,600000,36,34,76661,71753,0.998695
170.4,645000,600000,38,36,76661,71753,0.998695
170.5,645000,600000,40,37,76661,71753,0.998695
170.6,645000,615000,42,40,79557,74649,0.999433
170.7,645000,600000,35,33,76661,71753,0.998695
170.8,645000,600000,37,35,76430,71753,0.998695
170.9,645000,600000,39,37,76430,71753,0.998695
171,645000,615000,40,37,76430,71753,0.999433
171.1,645000,600000,39,35,76430,71753,0.998695
171.2,660000,585000,35,36,76430,71753,0.996384
171.3,615000,630000,38,35,76430,71753,0.999855
171.4,645000,600000,40,37,76430,71753,0.998695
171.5,660000,600000,42,40,79326,74649,0.997738
171.6,645000,600000,35,34,76430,71753,0.998695
171.7,630000,615000,37,35,76430,71753,0.999855
171.8,645000,600000,39,36,76430,71753,0.998695
171.9,660000,600000,39,39,75915,74649,0.997738
172,630000,615000,38,33,75915,71753,0.999855
172.1,660000,585000,35,36,75915,71753,0.996384
172.2,615000,630000,38,35,75915,71753,0.999855
172.3,645000,600000,40,37,75915,71780,0.998695
172.4,660000,600000,42,38,78811,71780,0.997738
172.5,660000,585000,34,35,75915,71780,0.996384
172.6,615000,630000,37,35,76217,71780,0.999855
172.7,645000,600000,39,37,76217,71780,0.998695
172.8,645000,615000,40,40,76217,74676,0.999433
172.9,630000,615000,39,32,76217,71780,0.999855
173,660000,585000,36,35,76486,71780,0.996384
173.1,630000,615000,39,36,76486,71780,0.999855
173.2,645000,600000,40,37,76486,71780,0.998695
173.3,660000,600000,42,36,79382,71780,0.997738
173.4,675000,570000,33,37,76486,71780,0.992937
173.5,600000,645000,38,35,76486,71780,0.998695
173.6,645000,600000,40,37,76486,71780,0.998695
173.7,645000,615000,40,39,76486,74676,0.999433
173.8,630000,615000,39,32,76486,71780,0.999855
173.9,660000,585000,37,35,76486,71780,0.996384
174,645000,600000,39,37,76486,71780,0.998695
174.1,645000,600000,40,38,76486,74676,0.998695
174.2,645000,615000,42,34,79335,71780,0.999433
174.3,675000,570000,34,36,76439,71780,0.992937
174.4,600000,645000,38,35,76439,71753,0.998695
174.5,645000,600000,40,37,76439,71780,0.998695
174.6,660000,600000,40,38,79335,71780,0.997738
174.7,645000,600000,36,34,76217,71780,0.998695
174.8,630000,615000,37,35,76695,71780,0.999855
174.9,645000,600000,39,36,76695,71780,0.998695
175,645000,600000,40,40,76695,74676,0.998695
175.1,630000,630000,41,32,76695,71780,1
175.2,690000,555000,35,36,76695,71780,0.988379
175.3,615000,630000,39,36,76695,71780,0.999855
175.4,645000,600000,40,38,76695,71780,0.998695
175.5,645000,615000,43,36,79591,71780,0.999433
175.6,675000,570000,33,36,76695,71780,0.992937
175.7,600000,645000,38,35,76695,71780,0.998695
175.8,645000,600000,40,36,76695,71780,0.998695
175.9,645000,600000,41,40,76695,74676,0.998695
176,645000,615000,27,33,5792,71780,0.999433
176.1,405000,645000,4,0,5792,5792,0.950349
176.2,120000,105000,4,0,5792,5792,0.995575
176.3,120000,120000,5,0,76430,5792,1
176.4,555000,345000,13,12,76430,71780,0.948367
176.5,645000,600000,15,13,79438,71780,0.998695
176.6,690000,570000,21,22,80934,69804,0.991011
176.7,660000,585000,21,18,82935,70125,0.996384
176.8,675000,570000,25,21,82935,70125,0.992937
176.9,675000,570000,29,23,82935,70125,0.992937
177,690000,570000,35,26,85831,73021,0.991011
177.1,705000,540000,33,31,82935,70125,0.982739
177.2,660000,585000,38,32,82935,70125,0.996384
177.3,675000,570000,42,35,82935,70125,0.992937
177.4,675000,570000,45,37,82935,70125,0.992937
177.5,690000,570000,44,39,82935,73021,0.991011
177.6,660000,585000,44,33,82935,70125,0.996384
177.7,705000,540000,44,37,81505,70125,0.982739
177.8,675000,570000,44,38,81505,69622,0.992937
177.9,675000,585000,46,37,84401,69622,0.994924
178,690000,555000,38,36,81505,69622,0.988379
178.1,660000,585000,42,35,81505,69622,0.996384
178.2,675000,570000,43,38,81505,69622,0.992937
178.3,660000,585000,45,37,81505,69622,0.996384
178.4,690000,570000,42,39,79494,72518,0.991011
178.5,645000,600000,41,32,79494,68651,0.998695
178.6,705000,540000,40,36,79494,68813,0.982739
178.7,660000,585000,42,36,79494,68813,0.996384
178.8,675000,585000,44,36,82390,68813,0.994924
178.9,690000,555000,36,35,79494,68813,0.988379
179,645000,600000,39,33,79494,69172,0.998695
179.1,675000,570000,41,35,79494,69172,0.992937
179.2,675000,570000,43,37,80122,69172,0.992937
179.3,675000,585000,41,38,80122,72068,0.994924
179.4,645000,600000,41,31,80122,69172,0.998695
179.5,705000,540000,41,34,80122,69172,0.982739
179.6,675000,570000,43,36,80122,69172,0.992937
179.7,675000,585000,45,36,83018,69172,0.994924
179.8,690000,555000,37,35,80122,69172,0.988379
179.9,645000,600000,41,32,80122,69172,0.998695
180,690000,555000,42,35,80122,69172,0.988379
180.1,675000,570000,43,37,80122,69172,0.992937
180.2,675000,585000,41,38,80122,72068,0.994924
180.3,645000,600000,41,30,79091,68758,0.998695
180.4,705000,540000,40,34,79091,68758,0.982739
180.5,675000,570000,41,35,79091,68758,0.992937
180.6,675000,585000,44,36,81987,69091,0.994924
180.7,675000,570000,36,36,79091,69091,0.992937
180.8,645000,600000,40,32,79091,69804,0.998695
180.9,690000,555000,40,35,79091,69804,0.988379
181,660000,585000,42,37,79091,69804,0.996384
181.1,675000,585000,39,39,79091,72700,0.994924
181.2,615000,630000,42,29,79091,69804,0.999855
181.3,720000,525000,39,35,79091,71108,0.976056
181.4,645000,600000,42,37,79091,71108,0.998695
181.5,675000,585000,44,38,81987,71108,0.994924
181.6,660000,585000,38,37,79091,71108,0.996384
181.7,630000,615000,40,33,79091,71108,0.999855
181.8,675000,570000,41,36,79091,71108,0.992937
181.9,660000,585000,42,38,78373,71108,0.996384
182,660000,600000,39,40,78373,74004,0.997738
182.1,615000,630000,42,30,78373,71108,0.999855
182.2,720000,525000,39,36,77625,71108,0.976056
182.3,645000,600000,41,38,77625,71108,0.998695
182.4,660000,600000,43,38,80521,71108,0.997738
182.5,660000,585000,36,37,77625,71108,0.996384
182.6,630000,615000,38,34,77625,71619,0.999855
182.7,660000,585000,39,36,77625,71619,0.996384
182.8,645000,600000,42,38,77625,71780,0.998695
182.9,660000,600000,37,40,77625,74676,0.997738
183,600000,645000,41,30,77625,71780,0.998695
183.1,705000,540000,38,36,77625,71780,0.982739
183.2,645000,600000,40,37,76995,71780,0.998695
183.3,660000,600000,43,38,79891,71780,0.997738
183.4,660000,585000,35,36,76995,71780,0.996384
183.5,630000,615000,38,35,76789,71780,0.999855
183.6,645000,600000,40,36,76789,71780,0.998695
183.7,645000,600000,42,38,80201,71780,0.998695
183.8,675000,585000,36,41,77305,74676,0.994924
183.9,600000,645000,40,32,77305,71780,0.998695
184,690000,555000,39,36,77305,71780,0.988379
184.1,645000,600000,41,38,77305,71753,0.998695
184.2,660000,600000,42,39,77305,74649,0.997738
184.3,630000,615000,38,33,77305,71753,0.999855
184.4,675000,570000,38,36,77305,71753,0.992937
184.5,645000,600000,40,37,77305,71753,0.998695
184.6,645000,600000,42,38,80201,71753,0.998695
184.7,660000,600000,36,39,77305,71753,0.997738
184.8,615000,630000,40,32,77305,71753,0.999855
184.9,675000,570000,40,36,77305,71753,0.992937
185,660000,585000,40,38,76604,71753,0.996384
185.1,645000,615000,40,39,76604,74649,0.999433
185.2,630000,615000,37,32,76604,71321,0.999855
185.3,660000,585000,38,35,76604,71753,0.996384
185.4,645000,600000,39,36,76604,71753,0.998695
185.5,645000,600000,43,38,79500,71753,0.998695
185.6,675000,585000,34,39,76604,71753,0.994924
185.7,600000,645000,39,32,76604,72127,0.998695
185.8,675000,570000,38,36,76604,72127,0.992937
185.9,645000,600000,40,38,76604,72127,0.998695
186,645000,615000,39,40,76604,75023,0.999433
186.1,615000,630000,38,31,76604,72127,0.999855
186.2,675000,570000,38,35,76430,72127,0.992937
186.3,645000,600000,40,37,77257,72127,0.998695
186.4,645000,600000,26,32,5792,5792,0.998695
186.5,390000,480000,3,3,5792,5792,0.989412
186.6,105000,105000,4,3,5792,5792,1
186.7,120000,120000,6,0,77257,5792,1
186.8,570000,420000,19,18,80153,74887,0.977558
186.9,660000,600000,20,18,79686,72467,0.997738
187,660000,585000,23,21,79686,72467,0.996384
187.1,645000,600000,26,23,79686,72467,0.998695
187.2,660000,585000,29,26,79686,72467,0.996384
187.3,675000,585000,35,33,79686,72467,0.994924
187.4,630000,615000,36,30,79686,72467,0.999855
187.5,675000,570000,37,34,79686,72467,0.992937
187.6,645000,600000,41,36,79686,72467,0.998695
187.7,660000,585000,46,41,82582,75363,0.996384
187.8,660000,600000,39,35,79686,72467,0.997738
187.9,660000,585000,41,38,79091,71814,0.996384
188,645000,600000,42,38,79091,71814,0.998695
188.1,660000,585000,42,38,79091,71814,0.996384
188.2,660000,600000,39,36,79091,71814,0.997738
188.3,645000,600000,40,34,77369,71814,0.998695
188.4,660000,585000,41,36,77369,69903,0.996384
188.5,660000,585000,41,37,77369,70449,0.996384
188.6,645000,600000,44,39,80265,73345,0.998695
188.7,660000,600000,37,32,77369,70449,0.997738
188.8,660000,585000,38,34,77369,70449,0.996384
188.9,660000,585000,40,35,77369,70449,0.996384
189,660000,585000,42,37,80265,70449,0.996384
189.1,675000,585000,35,36,77158,70449,0.994924
189.2,630000,615000,38,32,77158,70449,0.999855
189.3,660000,585000,39,34,77158,70449,0.996384
189.4,660000,585000,40,36,77158,70449,0.996384
189.5,660000,585000,40,40,77158,73345,0.996384
189.6,630000,630000,38,31,77158,70449,1
189.7,675000,570000,38,34,77158,70475,0.992937
189.8,660000,585000,39,35,77158,70475,0.996384
189.9,660000,585000,43,37,80054,70475,0.996384
190,675000,585000,35,35,77158,70475,0.994924
190.1,630000,615000,38,33,77625,71108,0.999855
190.2,660000,585000,39,35,77625,71108,0.996384
190.3,660000,585000,41,38,77625,71108,0.996384
190.4,645000,600000,39,40,77625,74004,0.998695
190.5,615000,645000,40,31,77625,71108,0.999433
190.6,705000,540000,39,36,77625,71108,0.982739
190.7,645000,600000,41,37,77625,71108,0.998695
190.8,660000,585000,43,38,80521,71108,0.996384
190.9,660000,600000,36,35,77625,71108,0.997738
191,645000,600000,38,34,77625,71108,0.998695
191.1,660000,585000,40,37,77625,71108,0.996384
191.2,645000,600000,41,38,77625,71108,0.998695
191.3,645000,600000,38,40,77158,74004,0.998695
191.4,630000,630000,40,31,77158,71108,1
191.5,690000,555000,39,36,77158,71722,0.988379
191.6,645000,600000,41,38,77158,71722,0.998695
191.7,645000,600000,42,38,77158,74618,0.998695
191.8,645000,615000,38,33,77158,71722,0.999433
191.9,675000,570000,37,36,77158,71722,0.992937
192,645000,600000,39,37,77158,71722,0.998695
192.1,645000,600000,43,38,80054,71722,0.998695
192.2,660000,585000,35,39,77158,71722,0.996384
192.3,615000,645000,40,32,77158,71722,0.999433
192.4,675000,570000,39,36,77158,71722,0.992937
192.5,660000,585000,41,38,77158,71722,0.996384
192.6,645000,600000,40,41,77158,74618,0.998695
192.7,630000,630000,38,31,77158,71722,1
192.8,675000,570000,38,35,77158,71488,0.992937
192.9,645000,600000,41,36,77158,71488,0.998695
193,660000,585000,43,38,80054,71488,0.996384
193.1,660000,585000,35,38,77158,71401,0.996384
193.2,630000,630000,38,33,77158,71753,1
193.3,660000,585000,39,36,77158,71753,0.996384
193.4,645000,600000,41,38,77486,71753,0.998695
193.5,660000,585000,39,41,77486,74649,0.996384
193.6,615000,645000,40,31,77486,71753,0.999433
193.7,690000,555000,38,36,77486,71753,0.988379
193.8,645000,600000,41,37,77486,71753,0.998695
193.9,645000,600000,43,38,80382,71753,0.998695
194,660000,585000,36,37,77486,71753,0.996384
194.1,645000,615000,38,34,77486,71753,0.999433
194.2,660000,585000,39,37,77486,71753,0.996384
194.3,645000,600000,41,38,77486,71753,0.998695
194.4,645000,600000,38,40,77486,74649,0.998695
194.5,615000,645000,41,30,77486,71602,0.999433
194.6,705000,540000,38,36,77339,71602,0.982739
194.7,645000,600000,40,37,77902,71602,0.998695
194.8,645000,600000,44,38,80798,71602,0.998695
194.9,660000,585000,37,36,77902,71321,0.996384
195,645000,615000,38,34,77902,71626,0.999433
195.1,660000,585000,40,37,77902,71626,0.996384
195.2,645000,600000,42,38,80798,71626,0.998695
195.3,660000,585000,37,41,77902,74522,0.996384
195.4,615000,645000,40,32,77902,71626,0.999433
195.5,690000,555000,39,36,77902,71626,0.988379
195.6,645000,600000,41,38,77902,71626,0.998695
195.7,645000,600000,41,39,77902,74522,0.998695
195.8,645000,600000,38,34,77902,71626,0.998695
195.9,675000,585000,38,35,77156,71626,0.994924
196,645000,600000,40,37,77158,71626,0.998695
196.1,645000,600000,43,38,80054,71626,0.998695
196.2,660000,585000,35,38,77158,71626,0.996384
196.3,615000,645000,39,32,77158,71646,0.999433
196.4,690000,555000,39,36,77158,71646,0.988379
196.5,645000,600000,41,38,77816,71646,0.998695
196.6,645000,600000,40,40,77816,74542,0.998695
196.7,615000,630000,40,31,77816,71646,0.999855
196.8,750000,510000,13,0,5792,5792,0.964989
196.9,240000,105000,4,0,5792,5792,0.867213
197,120000,90000,3,2,5792,5792,0.98
197.1,240000,360000,12,12,77816,71708,0.961538
197.2,645000,600000,14,13,77816,71708,0.998695
197.3,630000,615000,20,20,81668,75256,0.999855
197.4,660000,585000,19,21,78772,77715,0.996384
197.5,615000,630000,24,24,78772,77715,0.999855
197.6,630000,630000,28,28,78772,77715,1
197.7,630000,615000,32,32,78772,77715,0.999855
197.8,630000,615000,41,39,78772,77715,0.999855
197.9,630000,615000,41,40,78772,77715,0.999855
198,630000,630000,43,41,78772,77715,1
198.1,630000,615000,43,41,78772,77715,0.999855
198.2,630000,615000,45,44,81668,80611,0.999855
198.3,630000,615000,39,38,78772,77715,0.999855
198.4,630000,615000,43,42,78772,77715,0.999855
198.5,645000,615000,40,40,75605,74865,0.999433
198.6,615000,630000,39,41,75605,74865,0.999855
198.7,630000,615000,38,37,75605,74865,0.999855
198.8,630000,615000,36,37,75605,74865,0.999855
198.9,630000,630000,39,38,75605,73005,1
199,630000,615000,38,39,73564,73769,0.999855
199.1,615000,630000,41,41,76460,76665,0.999855
199.2,615000,630000,35,33,73564,73864,0.999855
199.3,630000,615000,36,35,73564,73864,0.999855
199.4,630000,630000,36,36,73564,74617,1
199.5,630000,615000,37,39,73885,74617,0.999855
199.6,615000,630000,38,38,73885,74617,0.999855
199.7,615000,630000,36,36,73885,74617,0.999855
199.8,630000,630000,37,37,73885,74617,1
199.9,615000,630000,39,39,73885,74617,0.999855
