Time,Bbr_1_Bps,Cubic_2_Bps,Bbr_1_PktLoss,Cubic_2_PktLoss,Bbr_1_Cwnd,Cubic_2_Cwnd,JainsFairnessIndex
0.4,541080,556080,21,27,53576,53576,0.999813
0.5,615000,630000,53,36,94120,69504,0.999855
0.6,750000,495000,53,49,105704,72400,0.959738
0.7,675000,585000,68,40,114392,75296,0.994924
0.8,840000,405000,66,44,114392,76744,0.891203
0.9,705000,540000,61,50,114392,79640,0.982739
1,750000,495000,67,47,114392,82536,0.959738
1.1,780000,480000,53,54,116261,83984,0.946352
1.2,555000,690000,34,46,116261,86880,0.988379
1.3,525000,720000,37,47,82687,91224,0.976056
1.4,540000,705000,47,52,82687,94120,0.982739
1.5,585000,660000,46,56,82687,97016,0.996384
1.6,555000,705000,49,56,82687,101360,0.986026
1.7,585000,660000,47,60,82687,104256,0.996384
1.8,540000,705000,47,61,82687,107152,0.982739
1.9,510000,735000,50,60,82687,110048,0.968372
2,600000,660000,46,67,82687,114392,0.997738
2.1,480000,765000,46,70,82687,117288,0.950207
2.2,540000,705000,48,70,82687,121632,0.982739
2.3,510000,735000,42,75,78448,124528,0.968372
2.4,465000,780000,44,78,78448,128872,0.939836
2.5,495000,765000,43,84,78448,131768,0.956098
2.6,435000,810000,47,97,78448,133216,0.916822
2.7,480000,762400,49,104,81344,133216,0.950872
2.8,450000,795480,43,52,61004,92672,0.928554
2.9,840000,415600,15,91,61004,92672,0.897466
3,300000,950160,31,44,57995,92672,0.787114
3.1,555000,691640,30,62,64701,92672,0.988129
3.2,480000,765000,34,78,67597,97016,0.950207
3.3,420000,825000,37,77,64701,99912,0.904306
3.4,465000,795000,39,76,64701,102808,0.935809
3.5,510000,735000,39,78,64701,104256,0.968372
3.6,495000,750000,38,81,67597,105704,0.959738
3.7,435000,810000,35,83,64701,108600,0.916822
3.8,450000,795000,38,84,64701,111496,0.928687
3.9,465000,795000,39,82,64701,112944,0.935809
4,450000,795000,35,86,64701,114392,0.928687
4.1,420000,825000,38,87,64701,117288,0.904306
4.2,450000,795000,41,85,64701,118736,0.928687
4.3,450000,810000,35,90,64701,120184,0.924528
4.4,405000,840000,38,89,64701,121632,0.891203
4.5,465000,780000,40,90,54541,123080,0.939836
4.6,420000,825000,27,95,54541,123080,0.904306
4.7,315000,945000,31,91,54541,124528,0.8
4.8,390000,855000,34,89,54541,125976,0.87758
4.9,375000,870000,30,93,54541,125976,0.8635
5,330000,915000,29,93,51234,127424,0.819144
5.1,405000,840000,29,92,51234,128872,0.891203
5.2,330000,930000,28,96,51234,128872,0.815157
5.3,300000,945000,30,94,51234,130320,0.788396
5.4,390000,855000,33,95,54130,131768,0.87758
5.5,330000,915000,27,119,51234,131768,0.819144
5.6,300000,957160,30,121,51234,131768,0.785391
5.7,420000,827320,29,120,51234,131768,0.903637
5.8,285000,960160,29,122,51234,133216,0.772791
5.9,315000,932120,30,121,51234,133216,0.803301
6,420000,825920,27,121,50546,133216,0.90404
6.1,270000,981680,28,121,50546,133216,0.755696
6.2,300000,950280,31,118,50546,133216,0.787084
6.3,420000,825920,23,122,47245,133216,0.90404
6.4,225000,1.0182e+06,24,121,44349,133216,0.71069
6.5,255000,993320,31,114,44349,133216,0.740843
6.6,390000,857320,24,121,44349,133216,0.876909
6.7,255000,993320,22,122,41785,133216,0.740843
6.8,240000,1.01344e+06,32,112,44681,133216,0.724241
6.9,375000,863840,19,122,41785,133216,0.865273
7,210000,1.04996e+06,24,119,41785,133216,0.692314
7.1,285000,961560,27,114,41785,133216,0.772458
7.2,330000,917120,22,120,41785,133216,0.818575
7.3,240000,1.00832e+06,24,118,41785,133216,0.725258
7.4,300000,938640,26,116,41785,133216,0.789989
7.5,300000,960160,23,120,41785,133216,0.784659
7.6,255000,981680,23,118,39411,133216,0.74334
7.7,285000,965280,27,116,42307,133216,0.771577
7.8,315000,938640,19,122,39411,133216,0.801623
7.9,210000,1.03496e+06,22,118,37472,133216,0.694883
8,300000,948520,22,117,37472,133216,0.78752
8.1,255000,988200,21,118,37472,133216,0.741935
8.2,240000,1.00832e+06,21,118,37472,133216,0.725258
8.3,255000,996680,22,113,37472,133216,0.740131
8.4,270000,976920,19,120,35043,133216,0.756766
8.5,225000,1.02984e+06,21,118,35043,133216,0.708527
8.6,255000,981680,23,118,37939,133216,0.74334
8.7,270000,981680,18,120,35043,133216,0.755696
8.8,210000,1.04484e+06,21,117,35043,133216,0.693184
8.9,270000,966680,21,118,35043,133216,0.759094
9,255000,1.0018e+06,20,119,35043,133216,0.739053
9.1,240000,1.00832e+06,20,119,35043,133216,0.725258
9.2,240000,1.00972e+06,21,112,33887,133216,0.724979
9.3,270000,970400,18,120,33887,133216,0.758244
9.4,210000,1.04624e+06,21,116,33887,133216,0.692945
9.5,240000,1.0018e+06,23,117,36386,133216,0.726565
9.6,270000,971800,17,120,33490,133216,0.757925
9.7,210000,1.04624e+06,20,116,33490,133216,0.692945
9.8,240000,1.00832e+06,21,116,33490,133216,0.725258
9.9,255000,986800,19,118,33490,133216,0.742235
10,225000,1.02472e+06,20,118,33490,133216,0.709473
10.1,240000,1.00832e+06,21,114,33490,133216,0.725258
10.2,255000,986800,20,118,33490,133216,0.742235
10.3,225000,1.02472e+06,13,118,5792,133216,0.709473
10.4,165000,1.093e+06,5,111,5792,133216,0.647597
10.5,45000,1.19724e+06,5,112,5792,133216,0.537533
10.6,60000,1.19072e+06,3,114,69668,133216,0.550262
10.7,45000,1.20572e+06,18,115,69668,133216,0.53727
10.8,225000,1.01996e+06,20,118,68352,133216,0.71036
10.9,240000,1.0032e+06,23,118,71248,133216,0.726284
11,270000,981680,27,118,71248,133216,0.755696
11.1,315000,932120,25,119,79008,133216,0.803301
11.2,300000,950280,25,118,83362,133216,0.787084
11.3,285000,955040,27,120,83362,133216,0.774015
11.4,315000,943760,28,120,83362,133216,0.800315
11.5,315000,933520,29,118,83362,133216,0.80294
11.6,330000,910600,28,121,83362,133216,0.820329
11.7,315000,933520,29,119,86810,133216,0.80294
11.8,330000,917120,30,121,86810,133216,0.818575
11.9,330000,923640,32,118,89706,133216,0.816838
12,345000,890480,37,120,89706,133216,0.836867
12.1,390000,868960,29,120,92767,133216,0.873564
12.2,330000,910600,31,100,99557,139833,0.820329
12.3,360000,895600,33,22,99557,92672,0.846052
12.4,570000,621520,22,66,50202,95568,0.998134
12.5,360000,885000,25,72,50202,97016,0.849026
12.6,390000,855000,29,75,64547,99912,0.87758
12.7,420000,840000,37,78,64547,101360,0.9
12.8,480000,765000,36,79,64547,104256,0.950207
12.9,450000,795000,36,82,64547,107152,0.928687
13,465000,780000,37,83,64547,108600,0.939836
13.1,465000,780000,38,84,64547,110048,0.939836
13.2,450000,810000,35,86,64547,112944,0.924528
13.3,420000,825000,40,84,64547,114392,0.904306
13.4,480000,765000,37,88,64547,115840,0.950207
13.5,405000,840000,36,89,64547,117288,0.891203
13.6,435000,825000,42,87,67443,118736,0.912571
13.7,465000,780000,33,90,64547,120184,0.939836
13.8,375000,870000,38,91,64547,121632,0.8635
13.9,480000,765000,37,93,64547,123080,0.950207
14,375000,870000,38,94,64547,124528,0.8635
14.1,405000,855000,38,92,60830,125976,0.886878
14.2,450000,795000,31,97,57934,125976,0.928687
14.3,330000,915000,34,95,57934,127424,0.819144
14.4,390000,855000,38,93,57934,128872,0.87758
14.5,405000,855000,34,96,57934,128872,0.886878
14.6,360000,885000,34,96,57934,130320,0.849026
14.7,435000,810000,32,96,57934,130320,0.916822
14.8,330000,915000,33,109,57934,131768,0.819144
14.9,360000,896000,34,117,52257,131768,0.84594
15,375000,864720,29,123,55153,131768,0.865019
15.1,330000,917120,30,121,52257,133216,0.818575
15.2,345000,910600,33,118,52257,133216,0.831313
15.3,360000,880600,29,125,52257,133216,0.850272
15.4,315000,933520,31,121,52257,133216,0.80294
15.5,405000,847440,31,123,55153,133216,0.889051
15.6,315000,938640,28,123,52257,133216,0.801623
15.7,315000,932120,34,118,52257,133216,0.803301
15.8,390000,853960,25,123,47201,133216,0.877881
15.9,255000,986800,30,119,47201,133216,0.742235
16,345000,905480,32,120,50097,133216,0.832713
16.1,345000,902120,25,123,47201,133216,0.833637
16.2,270000,976560,29,119,47201,133216,0.756847
16.3,345000,910600,28,120,47201,133216,0.831313
16.4,315000,923640,26,123,47201,133216,0.805508
16.5,285000,965280,30,119,47201,133216,0.771577
16.6,390000,863840,21,123,44130,133216,0.875031
16.7,240000,1.00832e+06,25,121,44130,133216,0.725258
16.8,300000,938640,27,119,44130,133216,0.789989
16.9,315000,943760,25,121,44130,133216,0.800315
17,285000,955040,25,121,44130,133216,0.774015
17.1,330000,927000,23,118,44130,133216,0.815948
17.2,255000,993320,25,119,44130,133216,0.740843
17.3,300000,943760,26,119,44130,133216,0.788705
17.4,315000,933520,26,119,44130,133216,0.80294
17.5,300000,938640,23,121,42816,133216,0.789989
17.6,270000,991920,25,117,42816,133216,0.753423
17.7,300000,933520,24,123,42816,133216,0.791282
17.8,270000,986800,25,121,42816,133216,0.754555
17.9,300000,948520,26,118,42816,133216,0.78752
18,300000,950280,24,119,42816,133216,0.787084
18.1,285000,955040,25,119,42816,133216,0.774015
18.2,285000,965280,23,121,40840,133216,0.771577
18.3,285000,960160,24,119,40840,133216,0.772791
18.4,285000,965280,25,119,43736,133216,0.771577
18.5,285000,970040,23,120,40840,133216,0.770457
18.6,270000,976920,25,117,40840,133216,0.756766
18.7,300000,948520,23,120,40840,133216,0.78752
18.8,270000,971800,24,121,40840,133216,0.757925
18.9,285000,970040,27,118,43736,133216,0.770457
19,300000,945160,21,119,40840,133216,0.788356
19.1,255000,986800,24,119,39567,133216,0.742235
19.2,285000,960160,23,119,39567,133216,0.772791
19.3,270000,980280,23,120,39567,133216,0.75601
19.4,270000,981680,25,120,42463,133216,0.755696
19.5,315000,938640,19,122,39567,133216,0.801623
19.6,225000,1.01996e+06,23,121,39567,133216,0.71036
19.7,285000,955040,24,121,39567,133216,0.774015
19.8,270000,981680,23,119,39567,133216,0.755696
19.9,270000,980280,24,120,39567,133216,0.75601
20,300000,945160,20,119,39567,133216,0.788356
20.1,240000,1.00832e+06,23,121,39567,133216,0.725258
20.2,270000,975160,24,120,39567,133216,0.757163
20.3,285000,966680,24,119,39567,133216,0.771247
20.4,285000,960160,22,121,39567,133216,0.772791
20.5,270000,986800,22,117,39567,133216,0.754555
20.6,255000,981680,23,119,39567,133216,0.74334
20.7,270000,986800,23,119,38806,133216,0.754555
20.8,285000,965280,23,119,41702,133216,0.771577
20.9,270000,976560,20,119,38806,133216,0.756847
21,240000,1.00832e+06,23,117,38806,133216,0.725258
21.1,285000,960160,22,119,38806,133216,0.772791
21.2,255000,986800,22,121,38806,133216,0.742235
21.3,270000,981680,25,119,41702,133216,0.755696
21.4,285000,970400,20,119,38806,133216,0.770372
21.5,240000,998080,23,119,38806,133216,0.727318
21.6,270000,986800,22,117,38806,133216,0.754555
21.7,270000,975160,22,120,38806,133216,0.757163
21.8,255000,993320,25,119,41702,133216,0.740843
21.9,300000,948520,19,120,38806,133216,0.78752
22,225000,1.01996e+06,23,119,37917,133216,0.71036
22.1,285000,960160,22,119,37917,133216,0.772791
22.2,255000,996680,22,120,37917,133216,0.740131
22.3,270000,971800,24,121,40813,133216,0.757925
22.4,285000,960160,16,121,5792,133216,0.772791
22.5,210000,1.04484e+06,3,116,5792,133216,0.693184
22.6,30000,1.21876e+06,3,115,5792,133216,0.5246
22.7,30000,1.21736e+06,5,115,5792,133216,0.524629
22.8,45000,1.20712e+06,16,113,72804,133216,0.537227
22.9,210000,1.03496e+06,21,117,72804,133216,0.694883
23,255000,996680,23,120,72804,133216,0.740131
23.1,270000,971800,24,119,72804,133216,0.757925
23.2,285000,960160,25,121,74964,133216,0.772791
23.3,285000,960160,29,121,77860,133216,0.772791
23.4,315000,938640,28,121,76453,133216,0.801623
23.5,330000,912000,24,119,87630,133216,0.819951
23.6,270000,986800,29,119,87630,133216,0.754555
23.7,330000,917120,31,119,87630,133216,0.818575
23.8,345000,895600,31,121,87630,133216,0.83544
23.9,345000,905480,31,122,88767,133216,0.832713
24,345000,902120,32,121,88767,133216,0.833637
24.1,360000,885360,32,123,88767,133216,0.848925
24.2,345000,910600,33,120,94843,133216,0.831313
24.3,345000,902120,41,121,94843,133216,0.833637
24.4,420000,830680,32,122,93842,133216,0.902671
24.5,375000,876040,32,65,103571,92672,0.861772
24.6,750000,470800,10,91,86427,92672,0.950295
24.7,225000,1.02748e+06,23,81,52140,97016,0.708962
24.8,330000,915000,28,77,52140,98464,0.819144
24.9,420000,825000,32,80,61351,101360,0.904306
25,435000,810000,31,83,58455,102808,0.916822
25.1,420000,840000,34,83,58455,105704,0.9
25.2,450000,795000,34,85,58455,107152,0.928687
25.3,435000,810000,33,89,58455,110048,0.916822
25.4,405000,840000,37,86,61351,111496,0.891203
25.5,465000,795000,30,90,58455,112944,0.935809
25.6,360000,885000,34,91,58455,115840,0.849026
25.7,420000,825000,36,89,58455,117288,0.904306
25.8,435000,810000,33,94,58455,118736,0.916822
25.9,375000,870000,33,95,58455,120184,0.8635
26,420000,840000,33,92,58455,121632,0.9
26.1,375000,870000,33,95,58455,123080,0.8635
26.2,375000,870000,35,95,58455,123080,0.8635
26.3,435000,810000,31,96,57656,124528,0.916822
26.4,345000,915000,31,98,54760,125976,0.830118
26.5,360000,885000,34,95,54760,125976,0.849026
26.6,405000,840000,30,100,54760,127424,0.891203
26.7,315000,930000,32,99,54760,128872,0.803851
26.8,360000,885000,35,98,55667,128872,0.849026
26.9,405000,855000,28,102,52771,130320,0.886878
27,285000,960000,32,101,52771,131768,0.772829
27.1,375000,870000,33,120,52771,131768,0.8635
27.2,360000,885560,30,127,52771,131768,0.848868
27.3,315000,939520,32,123,52771,131768,0.801397
27.4,420000,820800,28,127,52771,133216,0.905518
27.5,285000,965280,30,127,52771,133216,0.771577
27.6,330000,917120,34,123,52771,133216,0.818575
27.7,390000,863840,27,127,49471,133216,0.875031
27.8,285000,965280,29,125,49471,133216,0.771577
27.9,345000,890480,30,119,49471,133216,0.836867
28,345000,912000,26,127,47537,133216,0.830932
28.1,270000,975160,29,124,47537,133216,0.757163
28.2,375000,874080,28,126,50433,133216,0.862332
28.3,300000,955040,24,126,47537,133216,0.785911
28.4,270000,976920,30,119,47537,133216,0.756766
28.5,345000,890480,27,125,47537,133216,0.836867
28.6,300000,953640,25,126,44326,133216,0.786255
28.7,285000,966680,30,119,47222,133216,0.771247
28.8,345000,895600,21,127,44326,133216,0.83544
28.9,240000,1.0182e+06,27,122,44326,133216,0.723304
29,330000,917120,26,124,44326,133216,0.818575
29.1,300000,950280,25,125,44326,133216,0.787084
29.2,270000,970040,29,124,47222,133216,0.758326
29.3,345000,902120,23,123,44326,133216,0.833637
29.4,255000,996680,26,124,43709,133216,0.740131
29.5,300000,950280,28,121,43709,133216,0.787084
29.6,330000,912000,25,125,43709,133216,0.819951
29.7,285000,960160,25,125,43709,133216,0.772791
29.8,300000,958760,25,120,43709,133216,0.785
29.9,300000,945160,25,125,43709,133216,0.788356
30,285000,960160,24,123,41336,133216,0.772791
30.1,285000,965280,26,123,44232,133216,0.771577
30.2,285000,955040,22,123,41336,133216,0.774015
30.3,270000,981680,25,123,41336,133216,0.755696
30.4,300000,943760,24,125,41336,133216,0.788705
30.5,270000,981680,24,125,41336,133216,0.755696
30.6,285000,960160,26,125,44232,133216,0.772791
30.7,300000,958760,21,124,41336,133216,0.785
30.8,255000,981680,25,124,41336,133216,0.74334
30.9,300000,950280,24,125,41336,133216,0.787084
31,285000,970040,23,124,41336,133216,0.770457
31.1,270000,971800,26,123,44232,133216,0.757925
31.2,330000,912000,20,127,41336,133216,0.819951
31.3,225000,1.02984e+06,24,125,41336,133216,0.708527
31.4,285000,960160,25,123,41336,133216,0.772791
31.5,300000,953640,22,124,39716,133216,0.786255
31.6,255000,993320,23,123,39716,133216,0.740843
31.7,300000,938640,21,123,39716,133216,0.789989
31.8,240000,1.00832e+06,23,125,39716,133216,0.725258
31.9,270000,981680,24,123,39716,133216,0.755696
32,285000,965280,24,123,39716,133216,0.771577
32.1,285000,960160,21,125,39716,133216,0.772791
32.2,255000,996680,23,122,39716,133216,0.740131
32.3,270000,971800,22,125,38806,133216,0.757925
32.4,255000,996680,24,122,38806,133216,0.740131
32.5,285000,960160,23,122,41702,133216,0.772791
32.6,270000,986800,21,124,38806,133216,0.754555
32.7,255000,993320,22,121,38806,133216,0.740843
32.8,270000,975160,22,124,38806,133216,0.757163
32.9,255000,988200,22,123,38806,133216,0.741935
33,270000,981680,24,121,41702,133216,0.755696
33.1,285000,965280,20,123,38806,133216,0.771577
33.2,240000,1.00832e+06,23,121,38806,133216,0.725258
33.3,270000,975160,22,122,38806,133216,0.757163
33.4,255000,988200,23,123,38806,133216,0.741935
33.5,270000,980280,25,124,41702,133216,0.75601
33.6,300000,945160,19,125,38806,133216,0.788356
33.7,225000,1.02984e+06,23,123,38806,133216,0.708527
33.8,285000,965280,22,123,37885,133216,0.771577
33.9,255000,981680,22,125,37885,133216,0.74334
34,255000,996680,26,122,40781,133216,0.740131
34.1,300000,950280,19,125,37885,133216,0.787084
34.2,225000,1.02472e+06,23,121,37933,133216,0.709473
34.3,285000,965280,22,123,37933,133216,0.771577
34.4,255000,981680,22,125,37933,133216,0.74334
34.5,270000,981680,23,123,37933,133216,0.755696
34.6,285000,965280,20,123,37933,133216,0.771577
34.7,240000,1.00832e+06,10,125,5792,133216,0.725258
34.8,120000,1.12104e+06,6,119,5792,133216,0.605831
34.9,60000,1.19072e+06,6,117,5792,133216,0.550262
35,60000,1.19072e+06,4,119,73091,133216,0.550262
35.1,60000,1.19072e+06,19,123,73091,133216,0.550262
35.2,240000,1.00832e+06,27,123,75987,133216,0.725258
35.3,315000,928400,25,125,73091,133216,0.804266
35.4,300000,943760,21,123,73091,133216,0.788705
35.5,240000,1.00832e+06,26,125,81482,133216,0.725258
35.6,300000,960160,27,123,81482,133216,0.784659
35.7,315000,933520,28,123,81482,133216,0.80294
35.8,315000,932120,28,124,81482,133216,0.803301
35.9,315000,923640,29,123,81482,133216,0.805508
36,330000,917120,28,123,81482,133216,0.818575
36.1,330000,917120,28,125,81482,133216,0.818575
36.2,315000,938640,33,125,84378,133216,0.801623
36.3,360000,890480,29,125,85333,133216,0.847484
36.4,330000,917120,28,123,91947,133216,0.818575
36.5,315000,927000,32,126,91947,133216,0.804631
36.6,345000,902120,33,125,91947,133216,0.833637
36.7,360000,890480,34,125,91947,133216,0.847484
36.8,375000,868960,33,127,91947,133216,0.863798
36.9,360000,895600,34,125,91947,133216,0.846052
37,360000,890480,35,125,95030,133216,0.847484
37.1,375000,868960,37,125,97926,133216,0.863798
37.2,375000,868960,44,125,95030,133216,0.863798
37.3,435000,812880,35,99,60816,112763,0.916004
37.4,465000,788000,31,35,60816,92672,0.937689
37.5,525000,727080,24,78,55915,95568,0.974613
37.6,375000,873800,28,82,55915,97016,0.862412
37.7,405000,840000,30,86,55915,99912,0.891203
37.8,420000,825000,34,89,58811,102808,0.904306
37.9,450000,795000,28,91,55915,104256,0.928687
38,360000,900000,34,91,58120,107152,0.844828
38.1,435000,810000,35,92,58120,108600,0.916822
38.2,435000,810000,34,94,58120,111496,0.916822
38.3,420000,825000,36,96,61016,112944,0.904306
38.4,420000,825000,32,96,58120,114392,0.904306
38.5,390000,870000,34,97,58120,115840,0.873267
38.6,405000,840000,36,96,58120,117288,0.891203
38.7,420000,825000,35,99,58120,120184,0.904306
38.8,390000,855000,35,100,58120,120184,0.87758
38.9,420000,840000,33,99,58120,121632,0.9
39,375000,870000,34,102,58120,123080,0.8635
39.1,375000,870000,36,101,58120,124528,0.8635
39.2,420000,825000,35,102,58120,124528,0.904306
39.3,360000,885000,35,104,58120,125976,0.849026
39.4,420000,840000,35,103,58120,127424,0.9
39.5,360000,885000,34,104,56747,127424,0.849026
39.6,360000,885000,35,104,56747,128872,0.849026
39.7,405000,840000,34,105,56747,130320,0.891203
39.8,360000,900000,33,107,56747,130320,0.844828
39.9,360000,885000,36,118,56747,131768,0.849026
40,390000,861640,33,134,56747,131768,0.875663
40.1,330000,912000,33,130,52157,131768,0.819951
40.2,375000,869480,32,131,52157,133216,0.863649
40.3,345000,901760,30,133,52157,133216,0.833736
40.4,330000,922240,33,131,52157,133216,0.817209
40.5,360000,890120,31,134,52157,133216,0.847585
40.6,315000,928400,33,130,52157,133216,0.804266
40.7,390000,859080,31,133,52157,133216,0.876401
40.8,330000,916760,30,134,52157,133216,0.818672
40.9,330000,913400,33,129,52157,133216,0.819574
41,360000,900360,30,132,51284,133216,0.844728
41.1,300000,940040,33,129,51284,133216,0.789637
41.2,390000,853600,27,131,47707,133216,0.877985
41.3,285000,975160,27,130,47707,133216,0.769261
41.4,315000,928400,28,126,47707,133216,0.804266
41.5,300000,940040,28,131,47707,133216,0.789637
41.6,300000,955040,29,131,47707,133216,0.785911
41.7,345000,900360,29,132,47707,133216,0.834122
41.8,315000,929800,26,131,45296,133216,0.803903
41.9,315000,938640,26,131,45296,133216,0.801623
42,285000,964920,27,132,45296,133216,0.771662
42.1,300000,940040,28,131,45296,133216,0.789637
42.2,315000,938640,28,131,45296,133216,0.801623
42.3,315000,928400,27,133,45296,133216,0.804266
42.4,315000,933160,26,130,45296,133216,0.803033
42.5,285000,971800,27,131,45296,133216,0.770044
42.6,300000,943400,29,130,45296,133216,0.788795
42.7,330000,913400,26,131,44739,133216,0.819574
42.8,300000,955040,25,131,44234,133216,0.785911
42.9,300000,949920,25,129,44234,133216,0.787173
43,285000,955040,26,133,44234,133216,0.774015
43.1,285000,971440,28,129,44234,133216,0.770129
43.2,315000,933520,27,129,44234,133216,0.80294
43.3,300000,943400,26,132,44234,133216,0.788795
43.4,315000,928400,24,128,43140,133216,0.804266
43.5,270000,981680,25,132,43140,133216,0.755696
43.6,285000,961560,27,129,43140,133216,0.772458
43.7,315000,928400,25,131,43140,133216,0.804266
43.8,270000,976560,28,131,46036,133216,0.756847
43.9,315000,943400,24,128,43140,133216,0.800407
44,255000,983080,26,131,43140,133216,0.743037
44.1,315000,933520,26,131,43140,133216,0.80294
44.2,300000,955040,25,131,43140,133216,0.785911
44.3,270000,971440,29,131,46036,133216,0.758007
44.4,330000,927000,22,130,42288,133216,0.815948
44.5,240000,1.0046e+06,27,129,42288,133216,0.726002
44.6,315000,928400,26,131,42288,133216,0.804266
44.7,285000,964920,26,130,42288,133216,0.771662
44.8,285000,966680,28,131,45184,133216,0.771247
44.9,330000,912000,22,133,42288,133216,0.819951
45,240000,1.00936e+06,25,129,41902,133216,0.725051
45.1,300000,953640,25,130,41902,133216,0.786255
45.2,285000,961560,24,129,41902,133216,0.772458
45.3,270000,971440,26,131,41902,133216,0.758007
45.4,315000,933520,22,131,41902,133216,0.80294
45.5,240000,1.01308e+06,25,130,41902,133216,0.724312
45.6,285000,961560,26,129,41902,133216,0.772458
45.7,300000,953640,25,130,41902,133216,0.786255
45.8,285000,951320,24,131,41902,133216,0.77491
45.9,300000,955040,23,129,41803,133216,0.785911
46,255000,992960,25,129,41803,133216,0.740919
46.1,270000,981680,26,129,41803,133216,0.755696
46.2,300000,943400,25,130,41803,133216,0.788795
46.3,285000,961560,25,131,41803,133216,0.772458
46.4,300000,955040,23,129,41803,133216,0.785911
46.5,255000,991560,25,130,40759,133216,0.741217
46.6,285000,956440,26,129,40759,133216,0.773679
46.7,300000,953640,25,130,40759,133216,0.786255
46.8,270000,977960,26,129,40759,133216,0.756531
46.9,315000,928400,22,131,40738,133216,0.804266
47,240000,1.00796e+06,25,130,40738,133216,0.72533
47.1,285000,960160,26,130,40738,133216,0.772791
47.2,300000,955040,25,130,40738,133216,0.785911
47.3,285000,956440,26,129,40738,133216,0.773679
47.4,300000,948520,22,130,40738,133216,0.78752
47.5,240000,1.0046e+06,20,131,5792,133216,0.726002
47.6,255000,998080,4,127,5792,133216,0.739835
47.7,45000,1.202e+06,4,127,5792,133216,0.537385
47.8,15000,1.23852e+06,7,124,5792,133216,0.512109
47.9,60000,1.1856e+06,17,124,75731,133216,0.550478
48,210000,1.03124e+06,23,129,75731,133216,0.69553
48.1,255000,992960,26,129,75731,133216,0.740919
48.2,285000,971440,27,127,75731,133216,0.770129
48.3,300000,938640,27,131,75731,133216,0.789989
48.4,300000,949920,31,131,80280,133216,0.787173
48.5,345000,906880,28,131,79909,133216,0.832329
48.6,315000,933520,27,129,88740,133216,0.80294
48.7,300000,943400,31,132,88740,133216,0.788795
48.8,330000,913400,33,131,88740,133216,0.819574
48.9,345000,912000,33,129,88740,133216,0.830932
49,360000,890480,33,133,88740,133216,0.847484
49.1,360000,890120,33,130,90106,133216,0.847585
49.2,345000,897000,35,131,91455,133216,0.835052
49.3,360000,890480,37,131,94351,133216,0.847484
49.4,375000,863840,42,133,91455,133216,0.865273
49.5,420000,835440,34,133,55024,133216,0.901305
49.6,345000,893840,37,63,55024,92672,0.835929
49.7,675000,499760,15,88,60798,92672,0.978232
49.8,270000,973360,26,88,60798,97016,0.757571
49.9,375000,885000,29,90,63300,98464,0.85923
50,390000,855000,35,91,69700,101360,0.87758
50.1,450000,795000,39,91,66804,102808,0.928687
50.2,495000,750000,35,93,67301,105704,0.959738
50.3,435000,810000,39,97,69480,108600,0.916822
50.4,450000,810000,42,98,69480,110048,0.924528
50.5,480000,765000,42,98,69480,111496,0.950207
50.6,465000,780000,44,100,72376,114392,0.939836
50.7,465000,780000,39,103,69480,115840,0.939836
50.8,420000,840000,44,100,69480,117288,0.9
50.9,480000,765000,42,104,69480,118736,0.950207
51,420000,825000,42,104,69480,120184,0.904306
51.1,465000,780000,44,105,72376,121632,0.939836
51.2,450000,795000,39,107,69480,123080,0.928687
51.3,420000,840000,42,105,69480,123080,0.9
51.4,435000,810000,42,108,69480,124528,0.916822
51.5,420000,825000,44,108,69480,125976,0.904306
51.6,450000,795000,43,108,69480,127424,0.928687
51.7,420000,840000,44,110,72376,127424,0.9
51.8,450000,795000,40,110,69480,128872,0.928687
51.9,390000,855000,42,110,66948,130320,0.87758
52,435000,810000,43,110,66948,130320,0.916822
52.1,405000,840000,42,118,66948,131768,0.891203
52.2,405000,855000,46,132,69844,131768,0.886878
52.3,450000,792560,38,138,66948,131768,0.929364
52.4,345000,896880,44,91,62908,91224,0.835085
52.5,705000,546440,24,79,62908,91224,0.9842
52.6,300000,952960,32,85,56819,94120,0.786423
52.7,435000,810000,33,90,56819,95568,0.916822
52.8,420000,825000,37,92,56929,97016,0.904306
52.9,450000,810000,34,93,58926,98464,0.924528
53,435000,810000,36,96,58926,99912,0.916822
53.1,435000,810000,38,97,58926,101360,0.916822
53.2,450000,795000,39,96,61822,101360,0.928687
53.3,450000,795000,35,98,58926,102808,0.928687
53.4,405000,855000,38,96,59509,104256,0.886878
53.5,435000,810000,40,99,59509,105704,0.916822
53.6,450000,795000,40,98,59509,105704,0.928687
53.7,435000,810000,42,99,62405,107152,0.916822
53.8,465000,795000,36,102,59509,107152,0.935809
53.9,390000,855000,41,100,59509,108600,0.87758
54,450000,795000,40,101,59509,108600,0.928687
54.1,435000,810000,39,102,59509,110048,0.916822
54.2,420000,825000,42,103,62405,110048,0.904306
54.3,465000,795000,36,102,59509,110048,0.935809
54.4,390000,855000,39,103,59509,110048,0.87758
54.5,420000,825000,41,101,59509,111496,0.904306
54.6,450000,795000,39,104,59509,111496,0.928687
54.7,420000,840000,39,104,59509,111496,0.9
54.8,435000,810000,37,102,59509,111496,0.916822
54.9,405000,840000,38,104,58300,111496,0.891203
55,405000,840000,39,102,58300,111496,0.891203
55.1,435000,810000,39,102,58300,111496,0.916822
55.2,420000,840000,38,102,58300,111496,0.9
55.3,405000,840000,38,100,56554,111496,0.891203
55.4,420000,825000,38,103,56554,111496,0.904306
55.5,405000,840000,38,103,56554,111496,0.891203
55.6,420000,840000,39,101,59450,111496,0.9
55.7,420000,825000,36,102,56554,111496,0.904306
55.8,390000,855000,38,101,56554,111496,0.87758
55.9,420000,825000,38,102,56554,111496,0.904306
56,405000,840000,38,104,56554,111496,0.891203
56.1,420000,840000,40,102,59450,111496,0.9
56.2,435000,810000,33,104,56136,111496,0.916822
56.3,375000,870000,37,102,56136,111496,0.8635
56.4,405000,840000,37,103,55514,112944,0.891203
56.5,405000,855000,37,104,55514,112944,0.886878
56.6,390000,855000,41,104,58410,114392,0.87758
56.7,435000,810000,32,106,55514,114392,0.916822
56.8,345000,900000,38,104,55442,114392,0.834221
56.9,405000,840000,38,105,55442,115840,0.891203
57,405000,855000,37,106,55442,115840,0.886878
57.1,390000,855000,39,105,58338,115840,0.87758
57.2,420000,825000,33,107,55442,117288,0.904306
57.3,330000,915000,39,104,55442,117288,0.819144
57.4,420000,840000,38,107,55442,118736,0.9
57.5,390000,855000,37,108,55442,118736,0.87758
57.6,375000,870000,40,106,58338,118736,0.8635
57.7,420000,825000,34,108,55442,120184,0.904306
57.8,345000,900000,37,108,53752,120184,0.834221
57.9,390000,870000,38,106,53752,120184,0.873267
58,390000,855000,36,110,53752,121632,0.87758
58.1,360000,885000,38,109,56648,121632,0.849026
58.2,390000,855000,34,109,53752,123080,0.87758
58.3,345000,915000,36,110,53066,123080,0.830118
58.4,375000,870000,37,110,53066,123080,0.8635
58.5,375000,870000,35,111,53066,124528,0.8635
58.6,360000,885000,36,112,53066,124528,0.849026
58.7,375000,870000,34,113,53066,125976,0.8635
58.8,330000,930000,35,114,53066,127424,0.815157
58.9,360000,885000,36,114,51108,128872,0.849026
59,360000,885000,34,116,51108,130320,0.849026
59.1,315000,930000,35,127,51108,131768,0.803851
59.2,375000,879200,33,138,51108,133216,0.860873
59.3,300000,953640,35,141,51108,133216,0.786255
59.4,345000,902120,35,140,51108,133216,0.833637
59.5,345000,890480,35,140,51108,133216,0.836867
59.6,315000,938640,35,140,51108,133216,0.801623
59.7,360000,890480,34,138,51108,133216,0.847484
59.8,315000,932120,34,141,50029,133216,0.803301
59.9,330000,923640,33,140,47447,133216,0.816838
60,330000,917120,33,138,47447,133216,0.818575
60.1,315000,933520,32,140,47447,133216,0.80294
60.2,315000,922240,31,138,47447,133216,0.805875
60.3,300000,955040,32,140,47447,133216,0.785911
60.4,315000,932120,34,139,47447,133216,0.803301
60.5,330000,923640,32,140,47447,133216,0.816838
60.6,300000,943760,32,140,47447,133216,0.788705
60.7,345000,906880,30,138,47447,133216,0.832329
60.8,270000,965280,32,140,46004,133216,0.759415
60.9,315000,938640,33,140,46004,133216,0.801623
61,330000,917120,31,140,46004,133216,0.818575
61.1,285000,960160,31,140,46004,133216,0.772791
61.2,315000,933520,31,138,46004,133216,0.80294
61.3,285000,960160,32,140,46004,133216,0.772791
61.4,315000,943760,31,138,44112,133216,0.800315
61.5,315000,933520,31,138,44112,133216,0.80294
61.6,285000,960160,29,138,43397,133216,0.772791
61.7,300000,943760,28,138,43397,133216,0.788705
61.8,270000,975160,30,139,43397,133216,0.757163
61.9,285000,966680,30,140,43397,133216,0.771247
62,300000,943760,30,140,43397,133216,0.788705
62.1,285000,960160,30,140,43397,133216,0.772791
62.2,300000,960160,29,138,43397,133216,0.784659
62.3,285000,960160,29,140,43397,133216,0.772791
62.4,285000,965280,30,140,43397,133216,0.771577
62.5,300000,938640,30,140,43397,133216,0.789989
62.6,300000,955040,21,140,5792,133216,0.785911
62.7,210000,1.03496e+06,10,132,5792,133216,0.694883
62.8,45000,1.20712e+06,9,134,5792,133216,0.537227
62.9,60000,1.19072e+06,7,138,5792,133216,0.550262
63,15000,1.23376e+06,25,132,72740,133216,0.512156
63.1,255000,986800,29,138,78588,133216,0.742235
63.2,285000,965280,31,138,78588,133216,0.771577
63.3,300000,948520,31,139,78588,133216,0.78752
63.4,300000,945160,32,138,81484,133216,0.788356
63.5,300000,943760,38,138,81484,133216,0.788705
63.6,360000,890480,32,140,83777,133216,0.847484
63.7,315000,938640,32,138,89575,133216,0.801623
63.8,315000,933520,35,140,89575,133216,0.80294
63.9,330000,917120,37,138,89575,133216,0.818575
64,345000,895600,38,140,89575,133216,0.83544
64.1,360000,890480,38,140,91947,133216,0.847484
64.2,360000,883960,38,141,91947,133216,0.84932
64.3,360000,895600,39,141,91947,133216,0.846052
64.4,375000,875480,41,140,94843,133216,0.861932
64.5,360000,874080,45,142,95030,133216,0.85213
64.6,435000,822760,36,129,100983,136166,0.913204
64.7,315000,932120,39,49,50680,92672,0.803301
64.8,615000,559480,26,90,51662,95568,0.99777
64.9,330000,930000,31,96,51662,98464,0.815157
65,375000,870000,35,98,57316,101360,0.8635
65.1,390000,855000,42,100,60212,102808,0.87758
65.2,465000,780000,36,102,57316,105704,0.939836
65.3,390000,855000,39,105,57316,108600,0.87758
65.4,420000,840000,40,104,57316,110048,0.9
65.5,420000,825000,41,104,57316,111496,0.904306
65.6,420000,825000,38,109,57316,114392,0.904306
65.7,390000,855000,40,107,57316,115840,0.87758
65.8,405000,855000,40,109,57316,117288,0.886878
65.9,390000,855000,41,109,57316,118736,0.87758
66,405000,840000,42,110,60212,120184,0.891203
66.1,390000,855000,39,112,57316,121632,0.87758
66.2,375000,870000,41,113,57316,123080,0.8635
66.3,420000,840000,40,114,57316,124528,0.9
66.4,360000,885000,38,116,53880,125976,0.849026
66.5,360000,885000,42,113,56776,125976,0.849026
66.6,420000,825000,34,117,53880,127424,0.904306
66.7,300000,960000,39,115,53880,127424,0.784698
66.8,390000,855000,39,117,53880,128872,0.87758
66.9,360000,885000,35,119,51060,130320,0.849026
67,300000,945000,40,116,53956,130320,0.788396
67.1,390000,855000,34,119,51060,130320,0.87758
67.2,300000,960000,37,129,51060,131768,0.784698
67.3,345000,895200,39,141,51060,131768,0.835551
67.4,360000,891360,36,145,51060,131768,0.847237
67.5,315000,933520,37,143,51060,133216,0.80294
67.6,360000,889080,37,140,51060,133216,0.847877
67.7,330000,923640,36,145,51060,133216,0.816838
67.8,315000,932120,36,142,48192,133216,0.803301
67.9,345000,902120,36,141,48192,133216,0.833637
68,315000,927000,34,144,48192,133216,0.804631
68.1,315000,933520,35,140,45724,133216,0.80294
68.2,345000,902120,32,143,45724,133216,0.833637
68.3,270000,975160,34,142,45724,133216,0.757163
68.4,300000,945160,36,139,48620,133216,0.788356
68.5,345000,915720,31,144,43709,133216,0.829923
68.6,285000,961560,33,139,43709,133216,0.772458
68.7,300000,943760,33,141,43709,133216,0.788705
68.8,285000,960160,33,141,43709,133216,0.772791
68.9,315000,938640,34,141,46605,133216,0.801623
69,300000,938640,31,143,43709,133216,0.789989
69.1,285000,975160,34,142,43709,133216,0.769261
69.2,315000,923640,33,141,43709,133216,0.805508
69.3,285000,965280,33,143,43709,133216,0.771577
69.4,300000,955040,36,141,46605,133216,0.785911
69.5,330000,917120,29,143,43709,133216,0.818575
69.6,255000,981680,34,141,43709,133216,0.74334
69.7,330000,917120,31,145,42129,133216,0.818575
69.8,285000,965280,31,143,42129,133216,0.771577
69.9,285000,970040,34,142,45025,133216,0.770457
70,315000,923640,29,143,42129,133216,0.805508
70.1,240000,1.00832e+06,33,141,42129,133216,0.725258
70.2,315000,943760,31,141,41324,133216,0.800315
70.3,285000,955040,30,143,41324,133216,0.774015
70.4,270000,981680,34,141,44220,133216,0.755696
70.5,315000,932120,28,142,41324,133216,0.803301
70.6,240000,1.01484e+06,31,141,41324,133216,0.723965
70.7,300000,938640,31,143,41324,133216,0.789989
70.8,285000,960160,31,143,41324,133216,0.772791
70.9,270000,986800,31,141,41324,133216,0.754555
71,315000,932120,29,140,41324,133216,0.803301
71.1,255000,993320,31,141,41324,133216,0.740843
71.2,270000,981680,31,139,40495,133216,0.755696
71.3,300000,938640,31,141,40495,133216,0.789989
71.4,285000,960160,29,143,40495,133216,0.772791
71.5,255000,996680,30,140,40495,133216,0.740131
71.6,270000,971800,30,143,39567,133216,0.757925
71.7,270000,981680,31,141,39567,133216,0.755696
71.8,285000,960160,31,141,42463,133216,0.772791
71.9,285000,965280,28,141,39567,133216,0.771577
72,255000,1.0032e+06,30,139,39567,133216,0.73876
72.1,285000,960160,28,141,38806,133216,0.772791
72.2,255000,991920,29,143,38806,133216,0.741141
72.3,270000,976560,31,141,41702,133216,0.756847
72.4,270000,975160,27,142,38806,133216,0.757163
72.5,255000,993320,29,141,38806,133216,0.740843
72.6,270000,980280,29,142,38806,133216,0.75601
72.7,255000,988200,29,143,38806,133216,0.741935
72.8,270000,986800,31,141,41702,133216,0.754555
72.9,270000,965280,28,141,38806,133216,0.759415
73,255000,1.0032e+06,30,139,38806,133216,0.73876
73.1,285000,960160,29,141,38806,133216,0.772791
73.2,255000,996680,29,142,38806,133216,0.740131
73.3,270000,976920,31,143,41702,133216,0.756766
73.4,270000,976560,27,141,38806,133216,0.756847
73.5,255000,986800,29,141,37824,133216,0.742235
73.6,270000,981680,29,141,37824,133216,0.755696
73.7,255000,986800,30,141,37824,133216,0.742235
73.8,270000,981680,32,141,40720,133216,0.755696
73.9,285000,960160,26,143,37824,133216,0.772791
74,225000,1.03496e+06,30,139,37824,133216,0.707589
74.1,285000,960160,29,141,37799,133216,0.772791
74.2,270000,981680,29,141,37799,133216,0.755696
74.3,255000,986800,32,141,40695,133216,0.742235
74.4,300000,948520,26,142,37799,133216,0.78752
74.5,225000,1.01996e+06,29,143,37799,133216,0.71036
74.6,270000,981680,29,141,37799,133216,0.755696
74.7,270000,975160,29,142,37799,133216,0.757163
74.8,255000,998440,28,141,5792,133216,0.739759
74.9,285000,955040,9,141,5792,133216,0.774015
75,15000,1.23376e+06,12,137,5792,133216,0.512156
75.1,45000,1.20572e+06,13,134,5792,133216,0.53727
75.2,60000,1.19072e+06,23,136,75971,133216,0.550262
75.3,210000,1.03636e+06,32,141,75418,133216,0.69464
75.4,285000,960160,35,143,78016,133216,0.772791
75.5,330000,917120,33,141,86433,133216,0.818575
75.6,285000,960160,37,141,86433,133216,0.772791
75.7,330000,917120,38,143,86433,133216,0.818575
75.8,345000,910600,38,144,86433,133216,0.831313
75.9,345000,897000,38,143,88767,133216,0.835052
76,330000,917120,39,141,88767,133216,0.818575
76.1,360000,890480,39,143,88767,133216,0.847484
76.2,360000,895600,40,143,91663,133216,0.846052
76.3,345000,890480,47,143,91947,133216,0.836867
76.4,420000,834400,37,147,94068,133216,0.901603
76.5,330000,917120,39,83,49232,92672,0.818575
76.6,705000,462520,18,107,63787,92672,0.958649
76.7,225000,1.03092e+06,30,105,50249,97016,0.708328
76.8,345000,900000,34,99,54040,99912,0.834221
76.9,375000,870000,44,101,63449,102808,0.8635
77,465000,780000,39,104,60553,104256,0.939836
77.1,405000,855000,43,105,60553,107152,0.886878
77.2,465000,780000,44,104,60553,108600,0.939836
77.3,450000,795000,42,109,60553,111496,0.928687
77.4,405000,840000,42,110,60553,112944,0.891203
77.5,435000,810000,42,109,60553,114392,0.916822
77.6,420000,840000,41,113,60553,117288,0.9
77.7,390000,855000,43,113,60553,118736,0.87758
77.8,420000,825000,44,113,60553,120184,0.904306
77.9,420000,825000,41,115,60553,121632,0.904306
78,375000,885000,45,113,60553,123080,0.85923
78.1,435000,810000,43,115,60553,123080,0.916822
78.2,375000,870000,43,116,60553,124528,0.8635
78.3,390000,855000,43,116,57257,125976,0.87758
78.4,390000,855000,38,120,54361,127424,0.87758
78.5,345000,915000,40,117,54361,127424,0.830118
78.6,360000,885000,42,117,54361,128872,0.849026
78.7,375000,870000,39,119,54361,128872,0.8635
78.8,345000,900000,40,120,54361,130320,0.834221
78.9,390000,870000,40,118,54361,130320,0.873267
79,345000,900000,37,123,48886,131768,0.834221
79.1,330000,915000,37,141,48886,131768,0.819144
79.2,345000,898560,37,145,51782,131768,0.834619
79.3,300000,949400,36,146,48886,131768,0.787302
79.4,315000,938640,37,144,48886,133216,0.801623
79.5,375000,875480,35,145,48886,133216,0.861932
79.6,285000,960160,35,145,48886,133216,0.772791
79.7,315000,937240,38,144,48886,133216,0.801982
79.8,390000,848840,33,149,48886,133216,0.879368
79.9,255000,1.0018e+06,35,146,44722,133216,0.739053
80,330000,918520,34,143,44722,133216,0.818201
80.1,300000,943760,33,145,44722,133216,0.788705
80.2,270000,981680,34,143,44722,133216,0.755696
80.3,360000,883960,31,146,44722,133216,0.84932
80.4,255000,986800,33,146,44722,133216,0.742235
80.5,285000,966680,34,145,44722,133216,0.771247
80.6,330000,917120,34,143,44722,133216,0.818575
80.7,285000,965280,30,145,40940,133216,0.771577
80.8,255000,996680,33,140,40940,133216,0.740131
80.9,300000,945160,32,143,40940,133216,0.788356
81,270000,975160,32,144,40940,133216,0.757163
81.1,285000,966680,35,141,43836,133216,0.771247
81.2,315000,932120,29,146,40940,133216,0.803301
81.3,240000,1.00832e+06,33,142,40940,133216,0.725258
81.4,300000,950280,33,143,40940,133216,0.787084
81.5,285000,955040,32,145,40940,133216,0.774015
81.6,270000,986800,35,143,43449,133216,0.754555
81.7,315000,933520,29,143,40553,133216,0.80294
81.8,255000,986800,31,145,40553,133216,0.742235
81.9,285000,965280,33,143,40553,133216,0.771577
82,285000,955040,32,143,40553,133216,0.774015
82.1,285000,965280,31,145,40553,133216,0.771577
82.2,300000,943760,30,143,40553,133216,0.788705
82.3,255000,998080,30,145,38979,133216,0.739835
82.4,270000,986800,31,141,38979,133216,0.754555
82.5,285000,960160,30,143,38979,133216,0.772791
82.6,255000,981680,29,145,38979,133216,0.74334
82.7,255000,1.0018e+06,31,140,38979,133216,0.739053
82.8,285000,966680,30,143,38979,133216,0.771247
82.9,255000,986800,30,143,38979,133216,0.742235
83,270000,981680,33,143,41875,133216,0.755696
83.1,285000,960160,27,143,38979,133216,0.772791
83.2,225000,1.02332e+06,32,142,38979,133216,0.709733
83.3,285000,960160,31,142,38979,133216,0.772791
83.4,270000,986800,30,144,38979,133216,0.754555
83.5,255000,981680,33,142,41875,133216,0.74334
83.6,300000,955400,27,145,38979,133216,0.785823
83.7,225000,1.02472e+06,31,143,38979,133216,0.709473
83.8,285000,960160,30,141,37388,133216,0.772791
83.9,255000,996680,29,142,37388,133216,0.740131
84,255000,993320,29,143,37388,133216,0.740843
84.1,285000,953640,27,144,37388,133216,0.774351
84.2,225000,1.01996e+06,29,145,37388,133216,0.71036
84.3,255000,996680,30,144,37388,133216,0.740131
84.4,270000,981680,30,142,37388,133216,0.755696
84.5,255000,988200,28,143,37388,133216,0.741935
84.6,240000,1.00832e+06,30,141,37388,133216,0.725258
84.7,270000,986800,29,143,37388,133216,0.754555
84.8,240000,1.00832e+06,30,143,37388,133216,0.725258
84.9,270000,975160,30,142,40284,133216,0.757163
85,270000,966680,28,145,37388,133216,0.759094
85.1,240000,1.00832e+06,30,141,37388,133216,0.725258
85.2,255000,1.0032e+06,29,141,36516,133216,0.73876
85.3,255000,986800,29,143,36516,133216,0.742235
85.4,255000,991920,31,143,39412,133216,0.741141
85.5,270000,981680,28,143,36516,133216,0.755696
85.6,240000,1.0032e+06,29,143,36516,133216,0.726284
85.7,270000,981680,29,143,36516,133216,0.755696
85.8,240000,1.00832e+06,30,143,36516,133216,0.725258
85.9,270000,981680,31,143,39412,133216,0.755696
86,270000,980280,27,144,36516,133216,0.75601
86.1,225000,1.01996e+06,30,143,36516,133216,0.71036
86.2,270000,981680,30,143,36516,133216,0.755696
86.3,255000,991560,29,142,36516,133216,0.741217
86.4,255000,993320,31,143,39412,133216,0.740843
86.5,285000,960160,26,143,36516,133216,0.772791
86.6,210000,1.03496e+06,30,143,36516,133216,0.694883
86.7,270000,975160,16,144,5792,133216,0.757163
86.8,90000,1.16408e+06,13,138,5792,133216,0.576855
86.9,45000,1.20236e+06,14,137,5792,133216,0.537374
87,60000,1.19072e+06,15,137,71215,133216,0.550262
87.1,90000,1.15756e+06,27,142,71215,133216,0.577283
87.2,240000,1.00972e+06,30,141,71215,133216,0.724979
87.3,270000,970400,34,145,74111,133216,0.758244
87.4,300000,955040,32,145,73956,133216,0.785911
87.5,300000,938640,31,143,82093,133216,0.789989
87.6,270000,981680,35,143,82093,133216,0.755696
87.7,300000,943760,36,145,82093,133216,0.788705
87.8,315000,933520,37,145,82093,133216,0.80294
87.9,330000,922240,37,145,82093,133216,0.817209
88,330000,917120,36,145,83590,133216,0.818575
88.1,315000,933520,38,143,85484,133216,0.80294
88.2,330000,912000,40,143,88380,133216,0.819951
88.3,345000,900720,45,145,85484,133216,0.834023
88.4,390000,863840,37,145,91341,133216,0.875031
88.5,330000,912000,39,143,96809,133216,0.819951
88.6,345000,917120,42,145,96809,133216,0.829544
88.7,360000,883960,44,146,96809,133216,0.84932
88.8,390000,853960,44,147,96809,133216,0.877881
88.9,390000,862440,44,137,98018,132014,0.875433
89,375000,868960,45,61,98018,92672,0.863798
89.1,720000,524920,24,91,53986,95568,0.976033
89.2,315000,930000,30,99,51090,98464,0.803851
89.3,345000,915000,34,99,65472,99912,0.830118
89.4,390000,855000,43,104,65472,102808,0.87758
89.5,450000,795000,46,107,65472,105704,0.928687
89.6,480000,765000,46,107,65472,107152,0.950207
89.7,465000,780000,45,111,65472,110048,0.939836
89.8,465000,795000,46,109,65472,111496,0.935809
89.9,450000,795000,45,111,65472,112944,0.928687
90,435000,810000,47,112,65472,114392,0.916822
90.1,450000,795000,49,112,68368,115840,0.928687
90.2,465000,795000,44,114,65472,117288,0.935809
90.3,420000,825000,48,114,65472,118736,0.904306
90.4,450000,795000,46,116,65472,120184,0.928687
90.5,405000,840000,47,117,65472,121632,0.891203
90.6,435000,810000,51,116,68368,123080,0.916822
90.7,465000,795000,44,120,65472,124528,0.935809
90.8,390000,855000,44,118,60343,125976,0.87758
90.9,405000,840000,45,116,60343,125976,0.891203
91,390000,855000,44,120,60343,127424,0.87758
91.1,390000,870000,47,118,63239,127424,0.873267
91.2,420000,825000,40,122,60343,128872,0.904306
91.3,360000,885000,44,122,60343,130320,0.849026
91.4,390000,855000,42,121,56609,130320,0.87758
91.5,390000,855000,41,135,56609,131768,0.87758
91.6,345000,909480,45,147,59505,131768,0.831619
91.7,390000,864720,40,148,56609,131768,0.874778
91.8,345000,889600,42,139,56609,135140,0.837113
91.9,390000,858720,42,63,56609,91224,0.876505
92,630000,572400,27,91,56609,92672,0.99771
92.1,360000,885000,33,97,56609,94120,0.849026
92.2,390000,855000,43,100,70392,97016,0.87758
92.3,480000,765000,43,104,70392,98464,0.950207
92.4,465000,795000,48,104,70392,99912,0.935809
92.5,510000,735000,49,103,70392,99912,0.968372
92.6,510000,735000,49,105,70392,101360,0.968372
92.7,495000,750000,48,106,70392,102808,0.959738
92.8,495000,765000,49,104,70392,104256,0.956098
92.9,510000,735000,47,110,70392,105704,0.968372
93,465000,780000,49,108,70392,105704,0.939836
93.1,495000,750000,50,107,70392,107152,0.959738
93.2,495000,750000,47,109,70392,107152,0.959738
93.3,465000,795000,51,107,70392,108600,0.935809
93.4,510000,735000,49,110,70392,108600,0.968372
93.5,465000,780000,49,110,70392,108600,0.939836
93.6,480000,765000,52,110,73288,110048,0.950207
93.7,510000,750000,41,112,65594,110048,0.964989
93.8,405000,840000,46,110,65594,110048,0.891203
93.9,480000,765000,46,112,65594,111496,0.950207
94,435000,810000,46,112,65594,111496,0.916822
94.1,435000,810000,47,110,65086,111496,0.916822
94.2,495000,765000,38,111,62190,111496,0.956098
94.3,375000,870000,44,111,62190,111496,0.8635
94.4,450000,795000,44,110,62190,111496,0.928687
94.5,435000,810000,44,110,62190,111496,0.916822
94.6,435000,825000,44,111,62190,111496,0.912571
94.7,450000,795000,41,110,62190,111496,0.928687
94.8,405000,840000,43,112,62190,111496,0.891203
94.9,435000,810000,44,110,62190,111496,0.916822
95,450000,795000,44,111,62190,111496,0.928687
95.1,435000,825000,42,112,62190,111496,0.912571
95.2,420000,825000,44,109,62190,111496,0.904306
95.3,450000,795000,41,112,59465,111496,0.928687
95.4,405000,840000,42,112,59465,111496,0.891203
95.5,435000,825000,45,109,62361,111496,0.912571
95.6,450000,795000,38,112,59465,111496,0.928687
95.7,375000,870000,42,110,57611,111496,0.8635
95.8,450000,795000,40,111,57611,111496,0.928687
95.9,390000,855000,41,112,57611,111496,0.87758
96,420000,840000,43,111,60507,112944,0.9
96.1,420000,825000,38,112,57611,112944,0.904306
96.2,375000,870000,42,113,57611,114392,0.8635
96.3,420000,825000,42,112,57611,114392,0.904306
96.4,420000,840000,39,114,57611,114392,0.9
96.5,375000,870000,44,113,60507,115840,0.8635
96.6,435000,810000,38,113,57611,115840,0.916822
96.7,360000,885000,42,114,56662,115840,0.849026
96.8,405000,840000,42,115,56662,117288,0.891203
96.9,420000,840000,40,115,56662,117288,0.9
97,390000,855000,41,117,56662,118736,0.87758
97.1,405000,840000,38,115,56136,118736,0.891203
97.2,360000,885000,41,116,56136,118736,0.849026
97.3,390000,870000,39,117,53417,120184,0.873267
97.4,390000,855000,38,116,53417,120184,0.87758
97.5,345000,900000,38,116,53417,120184,0.834221
97.6,390000,855000,37,116,53417,121632,0.87758
97.7,345000,900000,39,118,53417,121632,0.834221
97.8,360000,900000,39,117,53417,123080,0.844828
97.9,390000,855000,39,118,53417,123080,0.87758
98,345000,900000,37,118,53417,123080,0.834221
98.1,360000,885000,39,118,53417,124528,0.849026
98.2,360000,900000,39,119,53417,125976,0.844828
98.3,360000,885000,38,121,53417,127424,0.849026
98.4,360000,885000,40,121,56313,128872,0.849026
98.5,360000,885000,37,126,53417,131768,0.849026
98.6,330000,915000,41,144,53417,133216,0.819144
98.7,360000,899120,37,148,50029,133216,0.845072
98.8,315000,934400,38,146,50029,133216,0.802713
98.9,345000,890480,38,146,52925,133216,0.836867
99,330000,932120,36,147,50029,133216,0.8146
99.1,315000,923640,39,144,5792,133216,0.805508
99.2,360000,890480,15,148,5792,133216,0.847484
99.3,75000,1.17432e+06,14,140,5792,133216,0.563607
99.4,60000,1.19072e+06,14,140,5792,133216,0.550262
99.5,60000,1.17908e+06,17,141,92205,133216,0.550756
99.6,120000,1.12756e+06,34,146,95101,133216,0.605233
99.7,285000,960160,46,146,95101,133216,0.772791
99.8,405000,852560,40,150,92205,133216,0.887578
99.9,360000,885720,38,126,92205,110094,0.848823
100,390000,852200,38,51,98083,92672,0.878391
100.1,495000,702840,31,96,49582,95568,0.970773
100.2,375000,870000,32,104,49582,98464,0.8635
100.3,375000,885000,39,105,64164,101360,0.85923
100.4,435000,810000,44,109,64164,104256,0.916822
100.5,465000,780000,45,108,64164,105704,0.939836
100.6,465000,780000,44,114,64164,108600,0.939836
100.7,435000,810000,45,115,64164,110048,0.916822
100.8,450000,810000,50,113,67060,112944,0.924528
100.9,480000,765000,41,117,64164,114392,0.950207
101,390000,855000,47,117,64164,115840,0.87758
101.1,480000,765000,46,119,64164,117288,0.950207
101.2,435000,825000,43,121,64164,118736,0.912571
101.3,390000,855000,48,119,67060,120184,0.87758
101.4,480000,765000,43,121,64164,121632,0.950207
101.5,375000,870000,46,122,64164,123080,0.8635
101.6,450000,795000,47,122,64164,124528,0.928687
101.7,420000,840000,45,125,64164,125976,0.9
101.8,390000,855000,41,124,57220,125976,0.87758
101.9,405000,840000,41,123,57220,127424,0.891203
102,360000,885000,41,127,57220,128872,0.849026
102.1,345000,915000,43,124,57220,128872,0.830118
102.2,420000,825000,42,126,60116,130320,0.904306
102.3,345000,900000,40,126,57220,130320,0.834221
102.4,360000,885000,45,123,57220,130320,0.849026
102.5,435000,810000,39,143,57220,131768,0.916822
102.6,315000,937440,37,154,51762,131768,0.80193
102.7,315000,942000,44,146,54658,131768,0.800764
102.8,390000,854480,35,152,51762,133216,0.87773
102.9,285000,961560,39,151,51762,133216,0.772458
103,345000,905480,42,146,51762,133216,0.832713
103.1,375000,870360,37,153,51762,133216,0.863396
103.2,300000,944800,41,151,54658,133216,0.788445
103.3,375000,868960,37,149,51762,133216,0.863798
103.4,315000,943400,38,152,51762,133216,0.800407
103.5,330000,913400,37,149,46592,133216,0.819574
103.6,330000,912000,35,153,46592,133216,0.819951
103.7,300000,955040,37,149,46592,133216,0.785911
103.8,345000,901760,35,149,46592,133216,0.833736
103.9,300000,955040,35,151,46592,133216,0.785911
104,315000,928400,36,151,46592,133216,0.804266
104.1,330000,912000,36,151,46592,133216,0.819951
104.2,315000,943400,32,152,43423,133216,0.800407
104.3,315000,928400,31,150,43423,133216,0.804266
104.4,270000,976560,32,152,43423,133216,0.756847
104.5,270000,981680,33,150,43423,133216,0.755696
104.6,315000,934920,34,149,46319,133216,0.802579
104.7,300000,943400,30,152,43423,133216,0.788795
104.8,270000,977960,34,149,43423,133216,0.756531
104.9,300000,938640,33,151,43423,133216,0.789989
105,285000,971440,33,151,43423,133216,0.770129
105.1,285000,964920,36,148,45947,133216,0.771662
105.2,315000,923640,30,151,43051,133216,0.805508
105.3,270000,986440,33,150,43051,133216,0.754635
105.4,315000,934920,32,151,43051,133216,0.802579
105.5,285000,965280,32,151,43051,133216,0.771577
105.6,270000,966320,37,149,45947,133216,0.759177
105.7,330000,928400,30,151,43051,133216,0.815579
105.8,255000,981680,32,151,40686,133216,0.74334
105.9,300000,955040,32,149,40686,133216,0.785911
106,285000,964920,32,150,40686,133216,0.771662
106.1,270000,977960,34,149,43582,133216,0.756531
106.2,330000,917120,28,151,40686,133216,0.818575
106.3,225000,1.01448e+06,32,151,40686,133216,0.71139
106.4,285000,970040,33,150,40686,133216,0.770457
106.5,300000,940040,32,151,40686,133216,0.789637
106.6,285000,976560,32,149,40686,133216,0.768935
106.7,300000,943400,30,148,40686,133216,0.788795
106.8,255000,988200,32,151,40686,133216,0.741935
106.9,285000,971440,32,149,39404,133216,0.770129
107,285000,949920,31,151,39404,133216,0.775249
107.1,270000,981680,30,151,39404,133216,0.755696
107.2,270000,976560,30,149,39404,133216,0.756847
107.3,270000,986440,31,150,39404,133216,0.754635
107.4,270000,976560,31,150,39404,133216,0.756847
107.5,285000,966680,32,149,42300,133216,0.771247
107.6,270000,976560,30,149,39404,133216,0.756847
107.7,270000,966320,31,149,39404,133216,0.759177
107.8,270000,981680,31,149,39404,133216,0.755696
107.9,270000,976560,32,151,39404,133216,0.756847
108,285000,971440,34,149,42300,133216,0.770129
108.1,300000,949920,28,149,39404,133216,0.787173
108.2,240000,1.00832e+06,31,149,39404,133216,0.725258
108.3,285000,949920,30,151,38898,133216,0.775249
108.4,255000,992960,30,149,38898,133216,0.740919
108.5,270000,981680,32,149,38898,133216,0.755696
108.6,300000,949920,28,151,38898,133216,0.787173
108.7,225000,1.0196e+06,30,151,38898,133216,0.710428
108.8,270000,981680,31,149,38898,133216,0.755696
108.9,285000,955040,30,151,38898,133216,0.774015
109,255000,992960,30,151,38898,133216,0.740919
109.1,270000,991560,29,146,38898,133216,0.753502
109.2,255000,988200,30,151,38898,133216,0.741935
109.3,270000,971440,30,151,38898,133216,0.758007
109.4,270000,976560,31,149,41794,133216,0.756847
109.5,270000,981680,29,151,38898,133216,0.755696
109.6,255000,992960,30,149,38898,133216,0.740919
109.7,270000,976560,30,151,38058,133216,0.756847
109.8,255000,992960,30,149,38058,133216,0.740919
109.9,270000,981680,32,149,40954,133216,0.755696
110,285000,964920,28,150,38058,133216,0.771662
110.1,240000,1.0046e+06,24,149,5792,133216,0.726002
110.2,210000,1.04484e+06,13,144,5792,133216,0.693184
110.3,45000,1.202e+06,11,146,5792,133216,0.537385
110.4,45000,1.202e+06,11,148,5792,133216,0.537385
110.5,15000,1.23004e+06,27,143,73358,133216,0.512193
110.6,240000,1.0032e+06,30,151,73358,133216,0.726284
110.7,255000,992960,32,149,73358,133216,0.740919
110.8,285000,970040,32,150,73358,133216,0.770457
110.9,285000,961560,33,149,75559,133216,0.772458
111,285000,955040,34,149,75559,133216,0.774015
111.1,300000,955040,37,151,81351,133216,0.785911
111.2,330000,923280,36,151,79204,133216,0.816933
111.3,330000,906880,33,149,88281,133216,0.821336
111.4,285000,960160,37,153,88281,133216,0.772791
111.5,330000,928400,39,151,88281,133216,0.815579
111.6,345000,901760,39,151,88281,133216,0.833736
111.7,345000,905480,40,152,88989,133216,0.832713
111.8,345000,897000,41,151,88989,133216,0.835052
111.9,360000,890120,40,152,88989,133216,0.847585
112,360000,890480,41,152,95528,133216,0.847484
112.1,345000,897000,49,151,95528,133216,0.835052
112.2,435000,809160,40,154,98624,133216,0.917061
112.3,345000,907440,41,90,50680,92672,0.832176
112.4,690000,490360,21,114,61898,92672,0.972189
112.5,255000,984960,32,113,52109,97016,0.742631
112.6,345000,900000,37,109,52109,99912,0.834221
112.7,390000,870000,41,111,56242,102808,0.873267
112.8,435000,810000,35,114,53346,104256,0.916822
112.9,360000,885000,40,115,53452,107152,0.849026
113,405000,840000,40,117,53452,110048,0.891203
113.1,390000,855000,41,117,53452,111496,0.87758
113.2,390000,870000,43,118,56348,112944,0.873267
113.3,405000,840000,38,120,53452,115840,0.891203
113.4,345000,900000,40,121,53452,117288,0.834221
113.5,390000,855000,42,121,53452,118736,0.87758
113.6,390000,870000,40,124,53452,120184,0.873267
113.7,360000,885000,40,124,53452,121632,0.849026
113.8,390000,855000,39,124,53452,123080,0.87758
113.9,330000,915000,40,126,53452,124528,0.819144
114,360000,885000,42,127,53452,124528,0.849026
114.1,390000,870000,41,126,53452,125976,0.873267
114.2,345000,900000,39,129,53452,127424,0.834221
114.3,345000,900000,43,125,53452,127424,0.834221
114.4,375000,870000,39,130,51058,128872,0.8635
114.5,315000,945000,40,129,51058,128872,0.8
114.6,345000,900000,43,126,53954,130320,0.834221
114.7,375000,870000,37,130,51058,130320,0.8635
114.8,300000,945000,43,132,51058,131768,0.788396
114.9,375000,870000,39,156,51058,131768,0.8635
115,315000,947000,38,155,47877,131768,0.799493
115.1,315000,928400,42,153,50773,131768,0.804266
115.2,345000,895600,36,155,47877,133216,0.83544
115.3,300000,959800,39,154,47877,133216,0.784746
115.4,345000,897000,38,157,47877,133216,0.835052
115.5,315000,928400,38,155,47877,133216,0.804266
115.6,315000,943400,41,154,50773,133216,0.800407
115.7,375000,870360,34,157,47877,133216,0.863396
115.8,255000,992960,39,153,47877,133216,0.740919
115.9,345000,905480,39,152,46902,133216,0.832713
116,330000,913400,34,157,43810,133216,0.819574
116.1,270000,976560,39,153,46706,133216,0.756847
116.2,345000,905480,31,156,43810,133216,0.832713
116.3,240000,999480,36,155,43810,133216,0.727034
116.4,315000,943400,36,154,43810,133216,0.800407
116.5,315000,923640,35,157,43810,133216,0.805508
116.6,285000,971440,36,155,43810,133216,0.770129
116.7,330000,912000,34,155,43810,133216,0.819951
116.8,270000,976560,35,157,43810,133216,0.756847
116.9,285000,971440,37,153,43810,133216,0.770129
117,330000,912000,36,155,43810,133216,0.819951
117.1,285000,970040,35,154,43810,133216,0.770457
117.2,315000,923280,34,154,43810,133216,0.805603
117.3,285000,966680,35,157,43810,133216,0.771247
117.4,285000,955040,35,153,41851,133216,0.774015
117.5,300000,949920,33,155,41755,133216,0.787173
117.6,270000,986440,34,154,41755,133216,0.754635
117.7,315000,934920,30,151,39747,133216,0.802579
117.8,240000,1.00832e+06,32,155,39747,133216,0.725258
117.9,270000,976560,34,153,39747,133216,0.756847
118,285000,959800,33,152,39747,133216,0.772877
118.1,270000,971800,33,155,39747,133216,0.757925
118.2,270000,981320,33,150,39747,133216,0.755777
118.3,270000,983080,33,153,39747,133216,0.755383
118.4,270000,975160,34,154,39747,133216,0.757163
118.5,285000,956440,34,153,42643,133216,0.773679
118.6,285000,964920,31,154,39747,133216,0.771662
118.7,255000,998080,33,152,39747,133216,0.739835
118.8,285000,960160,33,156,39747,133216,0.772791
118.9,270000,977960,32,155,39390,133216,0.756531
119,270000,981680,35,153,42286,133216,0.755696
119.1,285000,955040,31,155,39390,133216,0.774015
119.2,255000,992960,33,153,38898,133216,0.740919
119.3,285000,964920,32,154,38898,133216,0.771662
119.4,255000,998080,32,154,38898,133216,0.739835
119.5,255000,988200,36,153,41794,133216,0.741935
119.6,315000,928400,28,157,38898,133216,0.804266
119.7,210000,1.04112e+06,33,153,38898,133216,0.69382
119.8,285000,965280,33,153,38898,133216,0.771577
119.9,270000,981320,32,154,38898,133216,0.755777
120,255000,983080,35,153,41794,133216,0.743037
120.1,300000,960160,29,153,38898,133216,0.784659
120.2,225000,1.0196e+06,33,153,38844,133216,0.710428
120.3,270000,971440,34,153,38844,133216,0.758007
120.4,285000,964920,32,154,38844,133216,0.771662
120.5,255000,993320,33,153,38844,133216,0.740843
120.6,300000,949920,30,153,38844,133216,0.787173
120.7,225000,1.0196e+06,33,155,38367,133216,0.710428
120.8,270000,981680,33,153,37720,133216,0.755696
120.9,285000,964920,32,154,37720,133216,0.771662
121,255000,992960,32,154,37720,133216,0.740919
121.1,270000,983080,31,151,37720,133216,0.755383
121.2,255000,986800,32,155,37776,133216,0.742235
121.3,255000,992960,33,153,37776,133216,0.740919
121.4,285000,955040,33,155,40672,133216,0.774015
121.5,270000,991560,30,154,37776,133216,0.753502
121.6,240000,1.0046e+06,32,151,37916,133216,0.726002
121.7,270000,971440,32,153,37916,133216,0.758007
121.8,270000,976560,32,155,37916,133216,0.756847
121.9,270000,981680,34,153,40812,133216,0.755696
122,270000,976560,30,153,37916,133216,0.756847
122.1,240000,1.00796e+06,33,154,37916,133216,0.72533
122.2,285000,966680,32,155,37916,133216,0.771247
122.3,255000,992960,32,153,37916,133216,0.740919
122.4,270000,976560,35,153,40812,133216,0.756847
122.5,285000,955040,17,155,5792,133216,0.774015
122.6,75000,1.1856e+06,16,147,5792,133216,0.563007
122.7,60000,1.17536e+06,16,149,5792,133216,0.550916
122.8,60000,1.202e+06,18,147,72497,133216,0.549793
122.9,120000,1.1258e+06,29,152,72497,133216,0.605393
123,240000,1.0046e+06,32,153,72497,133216,0.726002
123.1,270000,981680,38,155,75188,133216,0.755696
123.2,315000,923280,34,155,72292,133216,0.805603
123.3,300000,955040,34,153,84351,133216,0.785911
123.4,285000,955040,38,155,84351,133216,0.774015
123.5,315000,943400,39,156,84351,133216,0.800407
123.6,330000,913400,40,155,84351,133216,0.819574
123.7,330000,912000,40,155,85036,133216,0.819951
123.8,345000,912000,40,157,85036,133216,0.830932
123.9,345000,901760,40,155,88618,133216,0.833736
124,330000,912000,44,155,91636,133216,0.819951
124.1,360000,895240,48,156,88740,133216,0.846152
124.2,405000,843720,39,155,93782,133216,0.890126
124.3,330000,914320,44,105,59368,92672,0.819327
124.4,720000,523360,19,122,66683,92672,0.975598
124.5,225000,947240,31,114,56611,97016,0.724846
124.6,300000,945000,38,109,56611,99912,0.788396
124.7,390000,855000,41,111,63088,101360,0.87758
124.8,435000,810000,46,117,63088,104256,0.916822
124.9,450000,810000,43,117,63476,107152,0.924528
125,420000,825000,46,119,65214,108600,0.904306
125.1,435000,810000,49,120,65214,110048,0.916822
125.2,450000,795000,50,120,65214,111496,0.928687
125.3,450000,795000,52,120,65214,112944,0.928687
125.4,480000,780000,44,123,65214,114392,0.946352
125.5,390000,855000,50,124,65214,117288,0.87758
125.6,450000,795000,50,126,65214,118736,0.928687
125.7,435000,810000,49,127,65214,120184,0.916822
125.8,435000,825000,52,127,68110,121632,0.912571
125.9,435000,810000,46,128,65214,123080,0.916822
126,405000,840000,50,126,65214,123080,0.891203
126.1,435000,810000,49,129,65214,124528,0.916822
126.2,405000,840000,50,130,65214,125976,0.891203
126.3,450000,810000,50,131,65214,127424,0.924528
126.4,405000,840000,48,131,65214,127424,0.891203
126.5,420000,825000,48,131,65214,128872,0.904306
126.6,375000,870000,49,134,64963,130320,0.8635
126.7,420000,840000,50,132,64963,130320,0.9
126.8,420000,825000,48,134,64963,131768,0.904306
126.9,375000,870000,52,151,67859,131768,0.8635
127,450000,804360,44,161,64963,131768,0.926091
127.1,300000,941120,48,125,55024,91224,0.789366
127.2,510000,734160,42,59,60153,91224,0.968559
127.3,435000,768840,41,102,53433,94120,0.928589
127.4,420000,825000,42,108,56329,95568,0.904306
127.5,420000,825000,46,112,64116,97016,0.904306
127.6,450000,795000,50,112,64116,98464,0.928687
127.7,480000,780000,51,115,64116,99912,0.946352
127.8,465000,780000,52,114,64116,101360,0.939836
127.9,480000,765000,55,115,67012,101360,0.950207
128,510000,735000,48,119,64116,102808,0.968372
128.1,420000,840000,52,118,64116,104256,0.9
128.2,480000,765000,53,118,64116,105704,0.950207
128.3,480000,765000,52,119,64116,105704,0.950207
128.4,465000,780000,50,120,64116,107152,0.939836
128.5,450000,795000,51,119,64116,107152,0.928687
128.6,450000,810000,52,120,64116,108600,0.924528
128.7,450000,795000,52,121,64116,108600,0.928687
128.8,450000,795000,54,119,67012,110048,0.928687
128.9,465000,780000,47,121,60749,110048,0.939836
129,405000,855000,51,120,60749,110048,0.886878
129.1,465000,780000,49,122,60749,110048,0.939836
129.2,420000,825000,48,124,60749,111496,0.904306
129.3,390000,855000,51,121,61073,111496,0.87758
129.4,465000,780000,45,121,58177,111496,0.939836
129.5,390000,870000,48,123,58177,111496,0.873267
129.6,405000,840000,50,121,58177,111496,0.891203
129.7,450000,795000,49,122,58177,111496,0.928687
129.8,420000,825000,47,123,58177,111496,0.904306
129.9,405000,855000,48,120,58177,111496,0.886878
130,420000,825000,48,121,58177,111496,0.904306
130.1,405000,840000,49,121,58177,111496,0.891203
130.2,435000,810000,51,121,61073,111496,0.916822
130.3,435000,810000,45,123,58177,111496,0.916822
130.4,390000,870000,49,121,58177,111496,0.873267
130.5,435000,810000,45,121,54824,111496,0.916822
130.6,375000,870000,46,121,54824,111496,0.8635
130.7,390000,855000,48,122,57720,111496,0.87758
130.8,435000,825000,42,121,54824,111496,0.912571
130.9,360000,885000,47,122,54004,111496,0.849026
131,405000,840000,47,120,54004,111496,0.891203
131.1,405000,840000,46,123,54004,112944,0.891203
131.2,375000,870000,47,123,54004,112944,0.8635
131.3,435000,825000,43,122,54004,112944,0.912571
131.4,360000,885000,46,124,54004,114392,0.849026
131.5,375000,870000,47,122,54004,114392,0.8635
131.6,405000,840000,48,123,56900,115840,0.891203
131.7,405000,855000,43,124,54004,115840,0.886878
131.8,360000,885000,47,123,52174,115840,0.849026
131.9,405000,840000,45,126,52174,117288,0.891203
132,360000,885000,44,125,51816,117288,0.849026
132.1,345000,900000,48,125,54712,117288,0.834221
132.2,405000,855000,42,125,51816,118736,0.886878
132.3,330000,915000,45,126,51816,118736,0.819144
132.4,360000,885000,46,126,51816,120184,0.849026
132.5,390000,855000,45,127,51816,120184,0.87758
132.6,360000,900000,43,127,51816,120184,0.844828
132.7,345000,900000,45,126,51816,121632,0.834221
132.8,360000,885000,42,129,48735,121632,0.849026
132.9,345000,900000,43,127,48735,121632,0.834221
133,345000,900000,45,128,51631,123080,0.834221
133.1,345000,915000,41,129,48735,123080,0.830118
133.2,315000,930000,44,128,48735,124528,0.803851
133.3,360000,885000,43,129,48735,124528,0.849026
133.4,330000,915000,43,130,48378,124528,0.819144
133.5,330000,930000,46,129,51274,125976,0.815157
133.6,375000,870000,40,133,48378,128872,0.8635
133.7,285000,960000,43,134,48378,130320,0.772829
133.8,330000,915000,42,143,45760,131768,0.819144
133.9,345000,905800,41,160,45760,133216,0.832625
134,285000,970920,41,160,45760,133216,0.77025
134.1,315000,932640,41,158,45760,133216,0.803167
134.2,300000,944800,41,160,45760,133216,0.788445
134.3,285000,960160,42,158,45760,133216,0.772791
134.4,330000,913400,42,157,48656,133216,0.819574
134.5,315000,943400,39,160,45760,133216,0.800407
134.6,285000,950280,43,157,45760,133216,0.775162
134.7,330000,928400,41,161,45113,133216,0.815579
134.8,285000,959800,42,158,45113,133216,0.772877
134.9,315000,933520,44,158,48009,133216,0.80294
135,330000,913400,38,161,45113,133216,0.819574
135.1,270000,986440,42,158,45113,133216,0.754635
135.2,330000,907240,39,161,42326,133216,0.821238
135.3,270000,981320,39,160,42326,133216,0.755777
135.4,285000,971440,43,156,45222,133216,0.770129
135.5,330000,913400,36,159,42326,133216,0.819574
135.6,240000,1.0018e+06,41,158,42326,133216,0.726565
135.7,315000,929800,40,159,42326,133216,0.803903
135.8,285000,976560,40,157,42326,133216,0.768935
135.9,285000,953640,42,160,45222,133216,0.774351
136,330000,913400,37,159,42326,133216,0.819574
136.1,240000,1.0196e+06,40,159,42326,133216,0.723029
136.2,300000,938640,41,159,42227,133216,0.789989
136.3,315000,944800,39,159,42227,133216,0.800051
136.4,270000,976560,40,159,42227,133216,0.756847
136.5,300000,938640,39,157,42227,133216,0.789989
136.6,285000,966320,38,159,40596,133216,0.771331
136.7,270000,971440,40,157,40596,133216,0.758007
136.8,300000,955040,39,157,43492,133216,0.785911
136.9,285000,960160,38,159,40596,133216,0.772791
137,270000,986440,39,156,40596,133216,0.754635
137.1,300000,934920,38,159,40596,133216,0.790927
137.2,270000,981680,39,159,40596,133216,0.755696
137.3,285000,964920,33,158,5792,133216,0.771662
137.4,240000,1.0046e+06,19,153,5792,133216,0.726002
137.5,60000,1.19548e+06,17,156,5792,133216,0.550063
137.6,15000,1.23516e+06,20,153,5792,133216,0.512142
137.7,45000,1.2006e+06,33,152,65945,133216,0.537429
137.8,225000,1.0196e+06,38,158,78197,133216,0.710428
137.9,270000,977960,41,157,78197,133216,0.756531
138,300000,955040,42,157,78197,133216,0.785911
138.1,315000,927000,41,158,76448,133216,0.804631
138.2,300000,944800,41,158,76448,133216,0.788445
138.3,300000,955040,45,158,79344,133216,0.785911
138.4,345000,897000,42,159,81001,133216,0.835052
138.5,315000,928400,42,157,88740,133216,0.804266
138.6,300000,949920,45,159,88740,133216,0.787173
138.7,345000,912000,46,159,88740,133216,0.830932
138.8,345000,895240,47,160,88740,133216,0.83554
138.9,360000,897000,47,159,88740,133216,0.845661
139,345000,900360,48,160,91681,133216,0.834122
139.1,360000,880240,49,160,91681,133216,0.850374
139.2,375000,880600,51,161,94577,133216,0.860476
139.3,360000,880240,56,159,92980,133216,0.850374
139.4,450000,800880,45,149,99602,139080,0.927056
139.5,330000,925600,50,72,53576,92672,0.816318
139.6,630000,564680,34,110,52627,95568,0.997019
139.7,330000,915000,40,117,52627,98464,0.819144
139.8,375000,885000,44,120,56594,101360,0.85923
139.9,405000,840000,51,121,59490,102808,0.891203
140,450000,795000,45,124,56594,105704,0.928687
140.1,390000,855000,48,125,56594,108600,0.87758
140.2,405000,840000,50,126,56594,110048,0.891203
140.3,435000,825000,50,126,56594,111496,0.912571
140.4,420000,825000,48,129,56594,114392,0.904306
140.5,405000,840000,48,130,56594,115840,0.891203
140.6,390000,855000,48,132,56594,117288,0.87758
140.7,390000,870000,50,131,56594,118736,0.873267
140.8,405000,840000,50,132,59490,120184,0.891203
140.9,405000,840000,47,135,56594,121632,0.891203
141,360000,885000,52,131,56594,123080,0.849026
141.1,420000,825000,49,137,56594,124528,0.904306
141.2,360000,900000,47,136,53880,125976,0.844828
141.3,360000,885000,52,133,56776,125976,0.849026
141.4,405000,840000,44,138,53880,127424,0.891203
141.5,315000,930000,48,139,53880,128872,0.803851
141.6,390000,870000,48,137,53880,128872,0.873267
141.7,360000,885000,44,141,51060,130320,0.849026
141.8,315000,930000,47,139,53956,130320,0.803851
141.9,375000,870000,44,139,51060,130320,0.8635
142,300000,945000,46,152,51060,131768,0.788396
142.1,345000,905840,48,162,51060,131768,0.832614
142.2,375000,879720,45,165,51060,131768,0.860725
142.3,300000,949400,46,164,51060,133216,0.787302
142.4,360000,890480,45,162,51060,133216,0.847484
142.5,315000,932120,45,165,51060,133216,0.803301
142.6,330000,912000,45,163,48192,133216,0.819951
142.7,345000,902120,44,164,48192,133216,0.833637
142.8,315000,938640,43,166,48192,133216,0.801623
142.9,330000,917120,43,162,45724,133216,0.818575
143,300000,943760,42,164,45724,133216,0.788705
143.1,300000,955040,43,162,45724,133216,0.785911
143.2,330000,912000,42,164,48620,133216,0.819951
143.3,300000,943760,40,164,43709,133216,0.788705
143.4,285000,970040,43,161,43709,133216,0.770457
143.5,315000,923640,41,164,43709,133216,0.805508
143.6,285000,970400,42,164,43709,133216,0.770372
143.7,300000,948520,44,161,46605,133216,0.78752
143.8,315000,933520,39,165,43709,133216,0.80294
143.9,270000,971800,43,162,43709,133216,0.757925
144,315000,938640,41,162,43709,133216,0.801623
144.1,285000,965280,42,164,43709,133216,0.771577
144.2,300000,948520,44,161,46605,133216,0.78752
144.3,315000,923640,39,164,43709,133216,0.805508
144.4,270000,981680,43,162,43709,133216,0.755696
144.5,315000,938640,41,162,42129,133216,0.801623
144.6,285000,958760,41,163,42129,133216,0.773125
144.7,300000,940040,43,164,45025,133216,0.789637
144.8,300000,953640,38,163,42129,133216,0.786255
144.9,255000,993320,42,162,42129,133216,0.740843
145,315000,932120,40,163,41125,133216,0.803301
145.1,270000,981680,40,163,41125,133216,0.755696
145.2,270000,976920,43,162,44021,133216,0.756766
145.3,330000,917120,36,164,41125,133216,0.818575
145.4,225000,1.0196e+06,41,162,41125,133216,0.710428
145.5,300000,953640,41,161,41125,133216,0.786255
145.6,285000,955400,40,164,41125,133216,0.773929
145.7,270000,976560,41,164,41125,133216,0.756847
145.8,315000,943760,38,162,41125,133216,0.800315
145.9,255000,981680,39,166,41125,133216,0.74334
146,270000,981680,40,162,40495,133216,0.755696
146.1,300000,953640,39,163,40495,133216,0.786255
146.2,270000,981680,38,161,40495,133216,0.755696
146.3,255000,993320,40,158,40495,133216,0.740843
146.4,285000,953640,39,163,39567,133216,0.774351
146.5,255000,993320,40,162,39567,133216,0.740843
146.6,285000,960160,41,162,42463,133216,0.772791
146.7,285000,965280,37,164,39567,133216,0.771577
146.8,255000,991560,40,161,39567,133216,0.741217
146.9,285000,971800,39,162,39567,133216,0.770044
147,270000,980280,38,163,38806,133216,0.75601
147.1,255000,988200,41,160,41702,133216,0.741935
147.2,300000,943760,35,164,38806,133216,0.788705
147.3,225000,1.02472e+06,39,162,38806,133216,0.709473
147.4,270000,981680,39,162,38806,133216,0.755696
147.5,270000,975160,38,163,38806,133216,0.757163
147.6,255000,993320,41,162,41702,133216,0.740843
147.7,315000,932120,34,165,38806,133216,0.803301
147.8,210000,1.04148e+06,39,162,38806,133216,0.693758
147.9,285000,955040,39,162,38806,133216,0.774015
148,270000,986800,38,162,38806,133216,0.754555
148.1,255000,981680,40,162,38806,133216,0.74334
148.2,300000,960160,35,162,38806,133216,0.784659
148.3,225000,1.02332e+06,38,161,38700,133216,0.709733
148.4,270000,971800,39,162,38700,133216,0.757925
148.5,270000,975160,38,163,38700,133216,0.757163
148.6,270000,981680,38,163,38700,133216,0.755696
148.7,285000,955400,36,162,38700,133216,0.773929
148.8,225000,1.02472e+06,39,162,38700,133216,0.709473
148.9,270000,986800,39,162,37824,133216,0.754555
149,285000,955040,38,162,37824,133216,0.774015
149.1,255000,1.0018e+06,38,161,37824,133216,0.739053
149.2,270000,971800,37,160,37824,133216,0.757925
149.3,255000,996680,38,163,37824,133216,0.740131
149.4,255000,993320,39,160,37824,133216,0.740843
149.5,285000,960160,38,162,37824,133216,0.772791
149.6,255000,986800,35,162,5792,133216,0.742235
149.7,255000,996680,19,159,5792,133216,0.740131
149.8,30000,1.21876e+06,20,158,5792,133216,0.5246
149.9,30000,1.21224e+06,22,156,5792,133216,0.524732
150,60000,1.19072e+06,31,156,72786,133216,0.550262
150.1,195000,1.05648e+06,37,162,72786,133216,0.678494
150.2,240000,1.00832e+06,40,162,72786,133216,0.725258
150.3,285000,955040,40,162,72786,133216,0.774015
150.4,270000,986800,41,162,74964,133216,0.754555
150.5,285000,960160,45,162,77860,133216,0.772791
150.6,330000,917120,43,164,74964,133216,0.818575
150.7,330000,917120,39,164,85484,133216,0.818575
150.8,270000,981680,44,164,87630,133216,0.755696
150.9,315000,938640,47,162,87630,133216,0.801623
151,345000,890480,47,164,87630,133216,0.836867
151.1,345000,905480,47,165,87630,133216,0.832713
151.2,345000,902120,48,164,87630,133216,0.833637
151.3,345000,900720,48,166,87630,133216,0.834023
151.4,360000,900360,47,165,90526,133216,0.844728
151.5,345000,902120,53,164,90526,133216,0.833637
151.6,390000,857320,47,165,91947,133216,0.876909
151.7,360000,887680,46,135,101223,113210,0.848271
151.8,480000,770680,42,66,101223,92672,0.94875
151.9,420000,776600,41,112,51842,95568,0.918433
152,405000,855000,41,117,51842,98464,0.886878
152.1,390000,855000,46,122,61869,101360,0.87758
152.2,420000,825000,51,125,61869,104256,0.904306
152.3,450000,795000,51,123,61869,105704,0.928687
152.4,450000,810000,50,127,61869,108600,0.924528
152.5,420000,825000,52,127,61869,110048,0.904306
152.6,450000,795000,54,130,64765,112944,0.928687
152.7,450000,795000,48,132,61869,114392,0.928687
152.8,390000,855000,53,132,61869,115840,0.87758
152.9,465000,795000,51,134,61869,117288,0.935809
153,405000,840000,50,135,61869,118736,0.891203
153.1,390000,855000,54,135,64765,120184,0.87758
153.2,450000,795000,49,135,61869,121632,0.928687
153.3,375000,885000,52,137,61869,123080,0.85923
153.4,435000,810000,53,136,61869,124528,0.916822
153.5,405000,840000,50,141,61869,125976,0.891203
153.6,375000,870000,51,139,60024,125976,0.8635
153.7,420000,825000,47,141,57128,127424,0.904306
153.8,330000,930000,50,140,57128,128872,0.815157
153.9,390000,855000,51,139,57128,128872,0.87758
154,390000,855000,48,143,57128,130320,0.87758
154.1,345000,900000,52,141,60024,130320,0.834221
154.2,420000,840000,47,141,57128,130320,0.9
154.3,315000,930000,47,157,51182,131768,0.803851
154.4,375000,862920,47,164,51182,131768,0.865538
154.5,345000,912000,44,168,51182,131768,0.830932
154.6,300000,943760,49,166,54078,133216,0.788705
154.7,405000,842320,41,168,51182,133216,0.890531
154.8,255000,996680,47,165,51182,133216,0.740131
154.9,345000,907240,49,162,51182,133216,0.832231
155,360000,878840,46,167,51182,133216,0.850772
155.1,315000,938640,47,167,51182,133216,0.801623
155.2,360000,890480,45,163,51182,133216,0.847484
155.3,315000,928760,43,166,47117,133216,0.804173
155.4,300000,948520,45,165,47117,133216,0.78752
155.5,345000,907240,43,166,47117,133216,0.832231
155.6,300000,948520,43,167,47117,133216,0.78752
155.7,330000,917120,42,163,47117,133216,0.818575
155.8,300000,945160,43,166,47117,133216,0.788356
155.9,300000,943760,44,166,47117,133216,0.788705
156,345000,906880,42,166,45324,133216,0.832329
156.1,300000,938640,42,166,45324,133216,0.789989
156.2,315000,938640,41,164,45324,133216,0.801623
156.3,285000,960160,42,166,45324,133216,0.772791
156.4,300000,953640,43,165,45324,133216,0.786255
156.5,330000,923640,42,164,45324,133216,0.816838
156.6,300000,943760,41,166,45324,133216,0.788705
156.7,300000,938640,42,164,45324,133216,0.789989
156.8,300000,955040,42,166,45324,133216,0.785911
156.9,285000,958760,42,165,42763,133216,0.773125
157,315000,940040,41,164,42763,133216,0.801264
157.1,300000,938640,39,166,42763,133216,0.789989
157.2,270000,986800,41,162,42763,133216,0.754555
157.3,285000,965280,41,166,42763,133216,0.771577
157.4,285000,955040,41,164,42763,133216,0.774015
157.5,300000,953640,42,163,45659,133216,0.786255
157.6,300000,945160,39,164,42763,133216,0.788356
157.7,270000,975160,42,163,42763,133216,0.757163
157.8,300000,955400,41,166,42763,133216,0.785823
157.9,285000,955040,41,166,42763,133216,0.774015
158,285000,965280,44,164,45659,133216,0.771577
158.1,315000,933520,38,164,42763,133216,0.80294
158.2,255000,991920,41,164,41100,133216,0.741141
158.3,315000,933520,40,166,41100,133216,0.80294
158.4,270000,975160,40,165,41100,133216,0.757163
158.5,270000,981680,43,163,43996,133216,0.755696
158.6,315000,928760,37,166,41100,133216,0.804173
158.7,255000,1.0032e+06,40,164,41100,133216,0.73876
158.8,285000,960160,40,164,41100,133216,0.772791
158.9,285000,965280,40,164,41100,133216,0.771577
159,270000,970040,43,163,43996,133216,0.758326
159.1,315000,938640,37,165,41100,133216,0.801623
159.2,255000,993320,40,164,41100,133216,0.740843
159.3,285000,960160,41,164,41100,133216,0.772791
159.4,285000,960160,40,164,41100,133216,0.772791
159.5,270000,985400,43,163,43996,133216,0.754866
159.6,330000,918520,36,166,41100,133216,0.818201
159.7,225000,1.0182e+06,40,163,40214,133216,0.71069
159.8,285000,965280,40,163,40214,133216,0.771577
159.9,285000,960160,39,165,40214,133216,0.772791
160,270000,981680,40,165,40214,133216,0.755696
160.1,300000,945160,36,164,40214,133216,0.788356
160.2,240000,1.00832e+06,39,164,40214,133216,0.725258
160.3,270000,975160,40,163,40214,133216,0.757163
160.4,285000,960160,39,165,40214,133216,0.772791
160.5,270000,986800,39,165,40214,133216,0.754555
160.6,285000,950280,37,164,40214,133216,0.775162
160.7,255000,1.0032e+06,39,164,39380,133216,0.73876
160.8,270000,975160,40,163,39380,133216,0.757163
160.9,285000,965280,39,165,39380,133216,0.771577
161,270000,966680,42,166,42276,133216,0.759094
161.1,300000,953640,36,165,39380,133216,0.786255
161.2,240000,1.00832e+06,39,165,39380,133216,0.725258
161.3,285000,966680,39,164,39380,133216,0.771247
161.4,270000,981680,39,164,39380,133216,0.755696
161.5,270000,965280,41,166,42276,133216,0.759415
161.6,300000,960160,36,164,39380,133216,0.784659
161.7,240000,1.00832e+06,39,164,39380,133216,0.725258
161.8,285000,960160,39,164,39380,133216,0.772791
161.9,270000,981680,30,164,5792,133216,0.755696
162,180000,1.0616e+06,21,158,5792,133216,0.664817
162.1,45000,1.20712e+06,20,160,5792,133216,0.537227
162.2,45000,1.19072e+06,19,164,5792,133216,0.537738
162.3,30000,1.22212e+06,36,161,74964,133216,0.524533
162.4,255000,993320,38,164,74964,133216,0.740843
162.5,270000,986800,40,164,74964,133216,0.754555
162.6,270000,965280,41,164,74964,133216,0.759415
162.7,300000,955040,41,164,74964,133216,0.785911
162.8,285000,965280,42,164,76599,133216,0.771577
162.9,300000,948520,46,165,81484,133216,0.78752
163,330000,907240,44,168,78588,133216,0.821238
163.1,330000,932120,42,163,88767,133216,0.8146
163.2,300000,940040,46,166,88767,133216,0.789637
163.3,330000,912000,48,164,88767,133216,0.819951
163.4,360000,895600,47,166,88767,133216,0.846052
163.5,345000,905480,48,167,88767,133216,0.832713
163.6,345000,895600,49,167,88767,133216,0.83544
163.7,360000,890480,49,167,91947,133216,0.847484
163.8,360000,895600,51,167,94843,133216,0.846052
163.9,360000,880600,57,166,91947,133216,0.850272
164,420000,824520,48,171,98018,133216,0.904444
164.1,330000,924200,53,104,86880,92672,0.816689
164.2,765000,461440,29,131,69579,92672,0.942274
164.3,240000,1.01532e+06,40,127,51622,97016,0.72387
164.4,360000,885000,44,126,51657,99912,0.849026
164.5,375000,870000,52,126,60475,102808,0.8635
164.6,450000,795000,47,130,57579,104256,0.928687
164.7,390000,870000,52,128,57579,107152,0.873267
164.8,435000,810000,52,129,57579,108600,0.916822
164.9,435000,810000,50,133,57579,111496,0.916822
165,390000,855000,53,135,60475,112944,0.87758
165.1,435000,825000,48,135,57579,114392,0.912571
165.2,375000,870000,51,136,57579,115840,0.8635
165.3,405000,840000,52,135,57579,117288,0.891203
165.4,420000,825000,51,137,57579,118736,0.904306
165.5,390000,855000,50,139,57579,120184,0.87758
165.6,405000,855000,51,139,57579,121632,0.886878
165.7,375000,870000,50,142,57579,123080,0.8635
165.8,375000,870000,52,140,57579,123080,0.8635
165.9,390000,855000,51,140,56704,124528,0.87758
166,375000,885000,47,144,53808,125976,0.85923
166.1,330000,915000,51,142,53808,127424,0.819144
166.2,405000,840000,49,142,53808,127424,0.891203
166.3,330000,915000,47,144,51796,128872,0.819144
166.4,330000,915000,52,144,54692,130320,0.819144
166.5,390000,870000,45,144,51796,130320,0.873267
166.6,285000,960000,49,148,51796,131768,0.772829
166.7,375000,870000,49,167,51796,131768,0.8635
166.8,345000,898200,47,173,51796,131768,0.834719
166.9,315000,945160,48,170,51796,131768,0.799959
167,375000,868960,47,168,51796,133216,0.863798
167.1,300000,943760,47,172,51796,133216,0.788705
167.2,330000,917120,47,170,48869,133216,0.818575
167.3,360000,885360,46,170,48869,133216,0.848925
167.4,300000,960160,45,170,48869,133216,0.784659
167.5,315000,932120,46,167,46037,133216,0.803301
167.6,345000,897000,43,170,46037,133216,0.835052
167.7,270000,980280,45,169,46037,133216,0.75601
167.8,300000,945160,47,168,48933,133216,0.788356
167.9,345000,905480,42,171,46037,133216,0.832713
168,270000,971800,45,166,43129,133216,0.757925
168.1,315000,943760,43,168,43129,133216,0.800315
168.2,285000,955040,42,170,43129,133216,0.774015
168.3,285000,965280,45,170,46025,133216,0.771577
168.4,315000,933520,40,170,43129,133216,0.80294
168.5,255000,991920,44,168,43129,133216,0.741141
168.6,315000,928400,43,170,43129,133216,0.804266
168.7,285000,965280,43,170,43129,133216,0.771577
168.8,285000,960160,46,170,46025,133216,0.772791
168.9,315000,938640,40,168,43129,133216,0.801623
169,255000,996680,44,169,43129,133216,0.740131
169.1,300000,950280,44,166,42129,133216,0.787084
169.2,300000,943760,42,170,42129,133216,0.788705
169.3,270000,976560,46,168,45025,133216,0.756847
169.4,330000,917120,40,170,42129,133216,0.818575
169.5,255000,996680,43,169,42129,133216,0.740131
169.6,285000,965280,42,167,40495,133216,0.771577
169.7,285000,955040,41,169,40495,133216,0.774015
169.8,255000,993320,41,168,40495,133216,0.740843
169.9,300000,953640,39,167,40495,133216,0.786255
170,255000,993320,40,170,40495,133216,0.740843
170.1,255000,981680,42,168,40495,133216,0.74334
170.2,285000,970400,43,168,43391,133216,0.770372
170.3,285000,955040,39,170,40495,133216,0.774015
170.4,255000,1.0032e+06,42,166,40489,133216,0.73876
170.5,285000,958760,41,169,40489,133216,0.773125
170.6,270000,981680,41,169,40489,133216,0.755696
170.7,270000,981680,44,167,43385,133216,0.755696
170.8,300000,938640,38,169,40489,133216,0.789989
170.9,240000,1.00832e+06,42,169,40489,133216,0.725258
171,285000,966680,40,168,38806,133216,0.771247
171.1,270000,980280,39,169,38806,133216,0.75601
171.2,255000,993320,43,166,41702,133216,0.740843
171.3,300000,938640,37,170,38806,133216,0.789989
171.4,210000,1.04624e+06,41,166,38806,133216,0.692945
171.5,285000,958760,41,169,38806,133216,0.773125
171.6,270000,981680,40,169,38806,133216,0.755696
171.7,255000,993320,43,168,41702,133216,0.740843
171.8,300000,938640,37,170,38806,133216,0.789989
171.9,225000,1.03496e+06,40,168,38806,133216,0.707589
172,270000,976560,41,166,38806,133216,0.756847
172.1,285000,960160,40,168,38806,133216,0.772791
172.2,255000,991920,40,170,38806,133216,0.741141
172.3,285000,955040,38,168,38806,133216,0.774015
172.4,240000,1.00832e+06,40,170,37988,133216,0.725258
172.5,255000,1.0032e+06,41,166,37988,133216,0.73876
172.6,285000,958760,40,169,37988,133216,0.773125
172.7,255000,988200,40,170,37988,133216,0.741935
172.8,270000,981680,39,164,37988,133216,0.755696
172.9,255000,986800,40,170,37885,133216,0.742235
173,255000,1.00692e+06,41,167,37885,133216,0.737985
173.1,285000,961560,40,168,37885,133216,0.772458
173.2,255000,981680,40,168,37885,133216,0.74334
173.3,270000,986800,39,166,37895,133216,0.754555
173.4,255000,996680,40,169,37895,133216,0.740131
173.5,255000,986800,41,169,37895,133216,0.742235
173.6,285000,966680,40,168,40791,133216,0.771247
173.7,270000,970400,38,170,37895,133216,0.758244
173.8,240000,1.0182e+06,40,167,37895,133216,0.723304
173.9,270000,966680,40,170,37895,133216,0.759094
174,255000,996680,41,167,37895,133216,0.740131
174.1,270000,971800,42,168,40791,133216,0.757925
174.2,270000,986800,39,168,37895,133216,0.754555
174.3,255000,996680,25,167,5792,133216,0.740131
174.4,75000,1.16408e+06,24,163,5792,133216,0.564162
174.5,60000,1.19072e+06,24,163,5792,133216,0.550262
174.6,60000,1.19072e+06,25,163,73794,133216,0.550262
174.7,90000,1.14908e+06,38,168,73794,133216,0.577846
174.8,240000,1.00832e+06,41,168,73794,133216,0.725258
174.9,270000,980280,42,169,73794,133216,0.75601
175,285000,966680,42,168,75538,133216,0.771247
175.1,285000,965280,44,170,78434,133216,0.771577
175.2,285000,955040,49,168,75538,133216,0.774015
175.3,345000,910600,42,169,81505,133216,0.831313
175.4,270000,971800,46,168,86147,133216,0.757925
175.5,330000,917120,47,170,86147,133216,0.818575
175.6,315000,933520,48,170,86147,133216,0.80294
175.7,345000,912000,48,170,86147,133216,0.830932
175.8,330000,917120,49,168,86147,133216,0.818575
175.9,345000,900720,49,170,89458,133216,0.834023
176,330000,912000,50,170,89458,133216,0.819951
176.1,360000,890480,53,170,92354,133216,0.847484
176.2,360000,890480,55,170,89458,133216,0.847484
176.3,405000,844640,47,170,97568,133216,0.88986
176.4,300000,943760,53,90,60816,92672,0.788705
176.5,690000,512520,34,114,50330,92672,0.978682
176.6,285000,960000,41,123,50330,97016,0.772829
176.7,360000,885000,46,125,64298,98464,0.849026
176.8,405000,840000,58,129,67194,101360,0.891203
176.9,480000,765000,54,132,64298,104256,0.950207
177,450000,810000,56,131,64298,105704,0.924528
177.1,465000,780000,57,132,64298,107152,0.939836
177.2,480000,765000,55,135,64298,110048,0.950207
177.3,420000,825000,56,135,64298,111496,0.904306
177.4,465000,795000,57,136,64298,114392,0.935809
177.5,450000,795000,55,140,64298,115840,0.928687
177.6,405000,840000,58,137,64298,117288,0.891203
177.7,450000,795000,61,137,67194,118736,0.928687
177.8,450000,795000,53,143,64298,120184,0.928687
177.9,375000,885000,60,139,64298,121632,0.85923
178,495000,750000,55,144,64298,123080,0.959738
178.1,390000,855000,55,146,64298,124528,0.87758
178.2,390000,855000,57,141,60812,124528,0.87758
178.3,450000,810000,48,144,57916,125976,0.924528
178.4,315000,930000,52,145,57916,127424,0.803851
178.5,390000,855000,55,142,57916,127424,0.87758
178.6,405000,840000,51,147,57916,128872,0.891203
178.7,330000,915000,54,149,60812,130320,0.819144
178.8,435000,825000,50,146,57916,130320,0.912571
178.9,315000,930000,52,156,57916,131768,0.803851
179,360000,890440,51,169,52453,131768,0.847495
179.1,375000,864720,49,173,52453,131768,0.865019
179.2,315000,942880,50,171,52453,131768,0.800539
179.3,390000,853960,49,172,52453,133216,0.877881
179.4,315000,932120,49,173,52453,133216,0.803301
179.5,330000,918520,52,170,52453,133216,0.818201
179.6,390000,862440,49,173,52453,133216,0.875433
179.7,315000,923640,49,174,52453,133216,0.805508
179.8,360000,895600,51,170,52453,133216,0.846052
179.9,345000,895600,44,174,46480,133216,0.83544
180,270000,981680,50,168,46480,133216,0.755696
180.1,375000,868960,46,172,49376,133216,0.863798
180.2,285000,960160,45,174,46480,133216,0.772791
180.3,300000,960160,49,168,46480,133216,0.784659
180.4,345000,890480,45,172,46480,133216,0.836867
180.5,285000,965280,46,172,46480,133216,0.771577
180.6,315000,938640,51,168,49376,133216,0.801623
180.7,360000,890480,40,174,43821,133216,0.847484
180.8,240000,1.00832e+06,45,170,43821,133216,0.725258
180.9,330000,912000,44,172,43821,133216,0.819951
181,285000,960160,44,172,43821,133216,0.772791
181.1,285000,965280,47,172,46717,133216,0.771577
181.2,345000,912000,41,172,43821,133216,0.830932
181.3,240000,1.00832e+06,45,170,43821,133216,0.725258
181.4,315000,932120,46,169,43821,133216,0.803301
181.5,315000,923640,44,172,43821,133216,0.805508
181.6,285000,960160,43,172,42723,133216,0.772791
181.7,315000,938640,42,170,42723,133216,0.801623
181.8,255000,986800,44,172,42723,133216,0.742235
181.9,285000,975160,44,171,42723,133216,0.769261
182,300000,945160,45,170,42723,133216,0.788356
182.1,300000,938640,42,172,42723,133216,0.789989
182.2,270000,981680,45,168,42723,133216,0.755696
182.3,315000,938640,42,172,41133,133216,0.801623
182.4,270000,975160,43,171,41133,133216,0.757163
182.5,285000,960160,45,171,44029,133216,0.772791
182.6,300000,945160,40,172,41133,133216,0.788356
182.7,255000,991920,44,170,41133,133216,0.741141
182.8,300000,960160,43,170,41133,133216,0.784659
182.9,270000,975160,43,171,41133,133216,0.757163
183,285000,966680,46,170,44029,133216,0.771247
183.1,315000,932120,40,173,41133,133216,0.803301
183.2,240000,1.0032e+06,42,171,39477,133216,0.726284
183.3,270000,971800,44,168,39477,133216,0.757925
183.4,300000,953640,41,171,39477,133216,0.786255
183.5,255000,988200,44,170,42373,133216,0.741935
183.6,300000,958760,40,171,39477,133216,0.785
183.7,240000,993320,43,172,39477,133216,0.728287
183.8,285000,975160,43,169,39477,133216,0.769261
183.9,285000,960160,42,171,39477,133216,0.772791
184,270000,981680,43,171,39477,133216,0.755696
184.1,300000,945160,39,170,39477,133216,0.788356
184.2,225000,1.01344e+06,42,172,39477,133216,0.711587
184.3,285000,970040,43,169,39477,133216,0.770457
184.4,285000,960160,42,171,39477,133216,0.772791
184.5,270000,976920,42,172,39477,133216,0.756766
184.6,285000,970040,40,169,38806,133216,0.770457
184.7,255000,993320,41,170,38806,133216,0.740843
184.8,255000,981680,42,170,38806,133216,0.74334
184.9,285000,975160,42,169,38806,133216,0.769261
185,270000,971800,41,170,38806,133216,0.757925
185.1,270000,981680,40,168,38806,133216,0.755696
185.2,255000,991920,40,172,38806,133216,0.741141
185.3,255000,991560,42,169,38806,133216,0.741217
185.4,270000,971800,42,170,38806,133216,0.757925
185.5,270000,981680,40,170,38806,133216,0.755696
185.6,270000,986800,40,168,38806,133216,0.754555
185.7,255000,981680,41,172,38806,133216,0.74334
185.8,255000,1.0018e+06,42,169,38806,133216,0.739053
185.9,285000,965280,42,171,41702,133216,0.771577
186,270000,976560,39,171,38806,133216,0.756847
186.1,255000,993320,41,168,37972,133216,0.740843
186.2,270000,975160,40,171,37972,133216,0.757163
186.3,255000,986800,41,171,37972,133216,0.742235
186.4,270000,981680,43,171,40868,133216,0.755696
186.5,270000,971800,39,172,37972,133216,0.757925
186.6,240000,1.00832e+06,24,170,5792,133216,0.725258
186.7,45000,1.20712e+06,25,164,5792,133216,0.537227
186.8,60000,1.19072e+06,25,164,5792,133216,0.550262
186.9,60000,1.19072e+06,28,164,72989,133216,0.550262
187,120000,1.12616e+06,39,170,72989,133216,0.60536
187.1,240000,1.00832e+06,42,170,72989,133216,0.725258
187.2,285000,955040,43,170,72989,133216,0.774015
187.3,270000,980280,47,171,77860,133216,0.75601
187.4,315000,933520,46,171,74964,133216,0.80294
187.5,330000,917120,42,171,85484,133216,0.818575
187.6,270000,986800,47,173,85484,133216,0.754555
187.7,315000,918520,49,172,85484,133216,0.806854
187.8,345000,917120,48,172,85484,133216,0.829544
187.9,330000,910600,49,173,85484,133216,0.820329
188,330000,918520,50,170,85484,133216,0.818201
188.1,345000,900720,50,174,88767,133216,0.834023
188.2,345000,912000,50,172,88767,133216,0.830932
188.3,345000,890480,56,172,91663,133216,0.836867
188.4,390000,868960,52,172,91039,133216,0.873564
188.5,375000,869520,50,143,100983,113365,0.863637
188.6,480000,760800,45,75,100983,92672,0.951281
188.7,435000,790680,43,119,52522,95568,0.92233
188.8,390000,855000,44,125,52522,97016,0.87758
188.9,390000,870000,48,129,61551,99912,0.873267
189,405000,840000,54,131,61551,102808,0.891203
189.1,465000,780000,52,132,61551,104256,0.939836
189.2,435000,810000,54,136,61551,107152,0.916822
189.3,435000,810000,56,135,61551,108600,0.916822
189.4,465000,795000,54,138,61551,111496,0.935809
189.5,435000,810000,52,139,61551,112944,0.916822
189.6,405000,840000,55,136,61551,114392,0.891203
189.7,435000,810000,54,141,61551,115840,0.916822
189.8,405000,855000,55,141,61551,117288,0.886878
189.9,420000,825000,58,141,64447,118736,0.904306
190,435000,810000,52,144,61551,120184,0.916822
190.1,390000,855000,57,142,61551,121632,0.87758
190.2,420000,825000,55,146,61551,123080,0.904306
190.3,390000,870000,54,147,58756,124528,0.873267
190.4,405000,840000,57,144,61652,125976,0.891203
190.5,405000,840000,50,148,58756,125976,0.891203
190.6,345000,900000,57,145,58756,127424,0.834221
190.7,420000,840000,53,150,58756,128872,0.9
190.8,360000,885000,54,149,58756,128872,0.849026
190.9,375000,870000,57,148,61652,130320,0.8635
191,420000,825000,45,153,52671,130320,0.904306
191.1,285000,960000,52,166,52671,131768,0.772829
191.2,375000,882160,50,176,52671,131768,0.860033
191.3,330000,917640,50,177,52671,131768,0.818436
191.4,345000,905480,53,174,55567,133216,0.832713
191.5,375000,870360,46,177,52671,133216,0.863396
191.6,300000,938640,50,177,52671,133216,0.789989
191.7,375000,875120,50,175,52671,133216,0.862035
191.8,330000,928400,49,177,52671,133216,0.815579
191.9,330000,912000,55,173,55567,133216,0.819951
192,390000,863840,46,175,52671,133216,0.875031
192.1,300000,944800,49,173,50622,133216,0.788445
192.2,360000,883960,49,174,50622,133216,0.84932
192.3,330000,913400,47,177,50622,133216,0.819574
192.4,315000,943400,52,174,53518,133216,0.800407
192.5,345000,897000,46,175,50622,133216,0.835052
192.6,315000,928400,48,175,50622,133216,0.804266
192.7,360000,895240,46,176,47809,133216,0.846152
192.8,300000,945160,47,175,47809,133216,0.788356
192.9,330000,921880,49,176,50705,133216,0.817305
193,330000,913400,45,175,47809,133216,0.819574
193.1,300000,948520,48,174,47809,133216,0.78752
193.2,345000,906880,47,176,47809,133216,0.832329
193.3,315000,934920,46,175,47809,133216,0.802579
193.4,300000,938640,51,173,50705,133216,0.789989
193.5,375000,880240,43,177,47809,133216,0.860578
193.6,270000,976560,48,175,47809,133216,0.756847
193.7,345000,900360,45,176,45153,133216,0.834122
193.8,315000,940040,45,175,45153,133216,0.801264
193.9,285000,959800,49,174,48049,133216,0.772877
194,345000,907240,42,177,45153,133216,0.832231
194.1,270000,966320,46,175,45153,133216,0.759177
194.2,315000,943400,46,174,45153,133216,0.800407
194.3,315000,923640,45,177,45153,133216,0.805508
194.4,285000,971440,49,173,48049,133216,0.770129
194.5,345000,901760,42,175,45153,133216,0.833736
194.6,255000,991560,46,172,43601,133216,0.741217
194.7,315000,923640,45,173,43601,133216,0.805508
194.8,300000,955040,45,175,43601,133216,0.785911
194.9,300000,944800,47,173,46497,133216,0.788445
195,330000,927000,41,176,43601,133216,0.815948
195.1,255000,988200,45,175,43601,133216,0.741935
195.2,315000,933160,45,174,43601,133216,0.803033
195.3,300000,945160,44,175,43601,133216,0.788356
195.4,285000,970040,48,174,46497,133216,0.770457
195.5,345000,901760,40,176,43601,133216,0.833736
195.6,240000,1.0032e+06,45,174,43601,133216,0.726284
195.7,315000,940040,45,173,43601,133216,0.801264
195.8,300000,944800,44,173,43601,133216,0.788445
195.9,285000,960160,48,173,46497,133216,0.772791
196,345000,906880,41,175,43601,133216,0.832329
196.1,255000,992960,44,173,42421,133216,0.740919
196.2,300000,938640,44,175,42421,133216,0.789989
196.3,285000,964920,44,174,42421,133216,0.771662
196.4,285000,966680,47,173,45317,133216,0.771247
196.5,315000,933160,42,174,42421,133216,0.803033
196.6,270000,971800,45,173,42421,133216,0.757925
196.7,300000,955040,44,175,42421,133216,0.785911
196.8,285000,966320,44,173,42421,133216,0.771331
196.9,285000,953640,47,174,45317,133216,0.774351
197,315000,940040,41,175,42421,133216,0.801264
197.1,270000,966320,44,175,42099,133216,0.759177
197.2,300000,953640,44,176,42099,133216,0.786255
197.3,285000,971440,44,174,42099,133216,0.770129
197.4,285000,961560,47,173,44995,133216,0.772458
197.5,315000,927000,41,176,42099,133216,0.804631
197.6,255000,992960,45,174,42099,133216,0.740919
197.7,300000,955040,43,174,41803,133216,0.785911
197.8,285000,956440,43,173,41803,133216,0.773679
197.9,285000,960160,45,175,44699,133216,0.772791
198,315000,928400,40,177,41803,133216,0.804266
198.1,240000,1.0196e+06,43,173,41803,133216,0.723029
198.2,285000,955040,44,173,41803,133216,0.774015
198.3,300000,949920,43,175,41803,133216,0.787173
198.4,285000,971440,44,175,44699,133216,0.770129
198.5,300000,938640,40,175,41803,133216,0.789989
198.6,240000,1.0032e+06,44,175,41803,133216,0.726284
198.7,300000,959800,34,174,5792,133216,0.784746
198.8,195000,1.05276e+06,25,167,5792,133216,0.679083
198.9,60000,1.1856e+06,22,171,5792,133216,0.550478
199,45000,1.202e+06,22,171,5792,133216,0.537385
199.1,15000,1.22864e+06,39,169,78186,133216,0.512207
199.2,255000,992960,42,173,75837,133216,0.740919
199.3,285000,971440,43,173,75837,133216,0.770129
199.4,285000,960160,44,173,75837,133216,0.772791
199.5,285000,955040,45,175,80389,133216,0.774015
199.6,315000,944800,50,173,81285,133216,0.800051
199.7,345000,895600,45,177,80185,133216,0.83544
199.8,315000,928400,46,175,89596,133216,0.804266
199.9,315000,944800,49,175,89596,133216,0.800051
