Time,NewReno_1_Bps,Cubic_2_Bps,NewReno_1_PktLoss,Cubic_2_PktLoss,NewReno_1_Cwnd,Cubic_2_Cwnd,JainsFairnessIndex
0.4,631080,560,3,11,31856,14480,0.500887
0.5,765000,150520,30,18,66732,27512,0.689425
0.6,975000,270000,33,0,67782,27512,0.757199
0.7,1.245e+06,0,27,36,68922,53576,0.5
0.8,720000,540000,26,24,69612,68056,0.98
0.9,915000,330000,37,25,70666,69504,0.819144
1,870000,375000,28,33,71362,70952,0.8635
1.1,810000,435000,34,30,72232,73848,0.916822
1.2,855000,405000,34,36,73019,75296,0.886878
1.3,780000,465000,38,35,73803,78192,0.939836
1.4,825000,420000,40,40,74587,79640,0.904306
1.5,750000,495000,43,35,75300,82536,0.959738
1.6,795000,450000,44,36,76029,83984,0.928687
1.7,780000,480000,44,33,76731,85432,0.946352
1.8,795000,450000,42,35,77406,88328,0.928687
1.9,750000,495000,44,36,78092,91224,0.959738
2,795000,450000,42,37,78742,92672,0.928687
2.1,735000,525000,45,38,79418,95568,0.972973
2.2,780000,465000,44,40,80068,97016,0.939836
2.3,720000,525000,46,41,80716,99912,0.976056
2.4,750000,495000,47,42,81341,102808,0.959738
2.5,750000,495000,47,46,81966,104256,0.959738
2.6,735000,525000,47,47,82566,107152,0.972973
2.7,735000,510000,46,53,83166,110048,0.968372
2.8,705000,540000,47,55,83766,112944,0.982739
2.9,735000,510000,45,59,84323,115840,0.968372
3,675000,585000,46,57,84875,117288,0.994924
3.1,690000,555000,46,56,85427,120184,0.988379
3.2,690000,555000,43,59,85931,123080,0.988379
3.3,645000,600000,46,59,86483,125976,0.998695
3.4,645000,600000,50,59,87035,128872,0.998695
3.5,690000,570000,50,65,87578,131768,0.991011
3.6,645000,600000,49,78,88061,133216,0.998695
3.7,675000,576280,49,89,88567,133216,0.993814
3.8,645000,596760,48,84,89050,133216,0.998493
3.9,630000,622880,50,82,89556,133216,0.999968
4,630000,611760,53,80,90062,133216,0.999784
4.1,675000,573840,52,82,90568,133216,0.993481
4.2,675000,568720,51,84,91074,133216,0.992751
4.3,660000,595360,50,84,91540,133216,0.997356
4.4,645000,595360,51,86,92024,133216,0.998401
4.5,660000,595360,51,84,92508,133216,0.997356
4.6,645000,595360,53,84,92992,133216,0.998401
4.7,675000,573840,54,84,93498,133216,0.993481
4.8,660000,595360,52,84,93960,133216,0.997356
4.9,675000,568720,52,84,94444,133216,0.992751
5,660000,595360,54,84,94950,133216,0.997356
5.1,660000,578960,54,84,95429,133216,0.99574
5.2,660000,590240,55,82,95891,133216,0.996896
5.3,675000,573840,56,84,96374,133216,0.993481
5.4,675000,573840,55,84,96836,133216,0.993481
5.5,660000,590240,56,82,97298,133216,0.996896
5.6,675000,573840,55,82,97760,133216,0.993481
5.7,675000,573840,56,86,98243,133216,0.993481
5.8,675000,568720,56,84,98705,133216,0.992751
5.9,690000,562200,56,87,99188,133216,0.989691
6,660000,585480,58,86,99671,133216,0.996433
6.1,690000,562200,57,85,100120,133216,0.989691
6.2,690000,558840,57,86,100580,133216,0.98909
6.3,675000,568720,56,86,101020,133216,0.992751
6.4,660000,595360,57,84,101460,133216,0.997356
6.5,705000,540680,56,87,101920,133216,0.982897
6.6,660000,585480,58,84,102380,133216,0.996433
6.7,705000,547200,58,86,102840,133216,0.984368
6.8,675000,568720,59,86,103300,133216,0.992751
6.9,705000,547200,56,86,103740,133216,0.984368
7,660000,578960,58,86,104200,133216,0.99574
7.1,690000,568720,61,86,104680,133216,0.990802
7.2,690000,547200,61,86,105125,133216,0.986853
7.3,705000,552320,58,86,105543,133216,0.985468
7.4,675000,573840,60,86,105980,133216,0.993481
7.5,720000,525680,60,88,106436,133216,0.976244
7.6,675000,573840,61,86,106873,133216,0.993481
7.7,690000,547200,62,86,107310,133216,0.986853
7.8,705000,552320,61,86,107747,133216,0.985468
7.9,705000,547200,60,88,108184,133216,0.984368
8,675000,568720,64,86,108640,133216,0.992751
8.1,705000,547200,63,86,109077,133216,0.984368
8.2,705000,530800,62,86,109514,133216,0.980517
8.3,690000,568720,62,84,109951,133216,0.990802
8.4,705000,530800,64,88,110405,133216,0.980517
8.5,690000,568720,66,84,110837,133216,0.990802
8.6,720000,530800,64,88,111251,133216,0.977631
8.7,720000,520560,63,88,111665,133216,0.974805
8.8,705000,552320,64,88,112097,133216,0.985468
8.9,690000,547200,64,88,112511,133216,0.986853
9,705000,552320,65,88,112943,133216,0.985468
9.1,705000,540680,65,87,113357,133216,0.982897
9.2,690000,553720,67,86,113789,133216,0.988136
9.3,735000,519160,64,87,114203,133216,0.971234
9.4,690000,558840,69,86,114653,133216,0.98909
9.5,735000,502760,66,89,115067,133216,0.965992
9.6,690000,563600,68,66,115499,140619,0.989936
9.7,720000,529400,67,22,115913,92672,0.977257
9.8,1.035e+06,210440,58,3,116453,92672,0.695252
9.9,1.245e+06,1400,59,67,117169,92672,0.501124
10,540000,717560,72,18,117577,92672,0.980454
10.1,1.005e+06,240000,65,52,118087,95568,0.725922
10.2,855000,390000,68,43,118597,97016,0.87758
10.3,885000,360000,60,63,119022,99912,0.849026
10.4,750000,495000,68,56,119515,102808,0.959738
10.5,705000,555000,71,44,119940,104256,0.986026
10.6,930000,315000,66,55,120416,107152,0.803851
10.7,810000,435000,66,61,120875,108600,0.916822
10.8,765000,480000,69,61,121334,111496,0.950207
10.9,750000,510000,70,54,121759,112944,0.964989
11,750000,495000,72,54,122201,114392,0.959738
11.1,870000,375000,68,62,122660,115840,0.8635
11.2,750000,495000,71,62,123102,117288,0.959738
11.3,720000,525000,77,61,123548,120184,0.976056
11.4,765000,495000,74,59,123932,121632,0.956098
11.5,795000,450000,69,63,124316,121632,0.928687
11.6,780000,465000,70,63,124732,123080,0.939836
11.7,750000,495000,72,67,125148,124528,0.959738
11.8,750000,510000,74,68,125564,125976,0.964989
11.9,720000,525000,76,66,125964,127424,0.976056
12,750000,495000,75,65,126348,127424,0.959738
12.1,750000,495000,75,65,126748,128872,0.959738
12.2,765000,480000,72,65,127132,128872,0.950207
12.3,780000,480000,71,68,127532,130320,0.946352
12.4,720000,525000,75,69,127948,130320,0.976056
12.5,735000,510000,76,78,128348,131768,0.968372
12.6,750000,495000,76,90,128748,131768,0.959738
12.7,705000,543800,78,91,129132,133216,0.98361
12.8,720000,531000,41,62,81779,116048,0.977684
12.9,483880,627440,41,9,62432,92672,0.983587
13,1.2168e+06,4560,31,57,63554,92672,0.503747
13.1,630000,616600,34,34,64258,92672,0.999884
13.2,855000,390680,33,51,65154,95568,0.878011
13.3,660000,585000,32,52,65817,98464,0.996384
13.4,720000,540000,41,56,66685,101360,0.98
13.5,675000,570000,38,58,67336,104256,0.992937
13.6,690000,555000,43,62,68096,105704,0.988379
13.7,675000,570000,44,62,68786,108600,0.992937
13.8,690000,555000,44,62,69476,110048,0.988379
13.9,675000,585000,44,65,70128,112944,0.994924
14,660000,585000,44,63,70766,114392,0.996384
14.1,660000,585000,43,65,71375,115840,0.996384
14.2,645000,600000,46,64,72042,117288,0.998695
14.3,645000,615000,44,62,72611,118736,0.999433
14.4,660000,585000,46,64,73255,120184,0.996384
14.5,600000,645000,46,60,73815,121632,0.998695
14.6,675000,570000,44,65,74403,123080,0.992937
14.7,615000,630000,45,62,74988,124528,0.999855
14.8,615000,645000,49,60,75582,125976,0.999433
14.9,645000,600000,50,64,76176,125976,0.998695
15,630000,615000,53,64,76770,127424,0.999855
15.1,660000,585000,49,68,77310,128872,0.996384
15.2,630000,630000,51,68,77895,128872,1
15.3,630000,615000,50,68,78415,130320,0.999855
15.4,645000,600000,49,70,78961,130320,0.998695
15.5,615000,630000,50,68,79507,130320,0.999855
15.6,630000,615000,53,81,80079,131768,0.999855
15.7,645000,606840,50,90,80599,131768,0.999072
15.8,615000,638400,52,89,81126,133216,0.999652
15.9,630000,611760,54,89,81676,133216,0.999784
16,630000,626760,54,88,82201,133216,0.999993
16.1,660000,585480,53,93,82726,133216,0.996433
16.2,615000,628160,54,91,83251,133216,0.999888
16.3,645000,611760,53,89,83776,133216,0.999301
16.4,630000,606640,54,89,84284,133216,0.999643
16.5,630000,622000,56,89,84812,133216,0.999959
16.6,660000,595000,54,90,85316,133216,0.997325
16.7,630000,607000,57,89,85844,133216,0.999654
16.8,645000,606640,56,89,86348,133216,0.999062
16.9,660000,595360,54,91,86852,133216,0.997356
17,630000,611760,57,89,87380,133216,0.999784
17.1,645000,606640,56,89,87863,133216,0.999062
17.2,660000,588840,59,90,88392,133216,0.996764
17.3,645000,596760,58,91,88875,133216,0.998493
17.4,675000,573840,57,93,89381,133216,0.993481
17.5,645000,601520,57,91,89864,133216,0.998785
17.6,660000,590240,57,93,90370,133216,0.996896
17.7,645000,610360,58,90,90876,133216,0.999239
17.8,645000,591640,62,89,91395,133216,0.998142
17.9,675000,573840,59,91,91857,133216,0.993481
18,675000,585120,58,89,92341,133216,0.994938
18.1,645000,600480,60,91,92825,133216,0.998724
18.2,660000,580000,60,91,93309,133216,0.995855
18.3,660000,595360,62,91,93815,133216,0.997356
18.4,675000,573840,62,91,94299,133216,0.993481
18.5,660000,580000,62,89,94783,133216,0.995855
18.6,690000,568720,62,93,95289,133216,0.990802
18.7,645000,590240,62,91,95731,133216,0.998039
18.8,690000,563600,62,91,96214,133216,0.989936
18.9,660000,590240,62,89,96676,133216,0.996896
19,675000,568720,64,93,97159,133216,0.992751
19.1,675000,573840,63,93,97621,133216,0.993481
19.2,675000,580000,64,91,98104,133216,0.994303
19.3,675000,573840,64,91,98566,133216,0.993481
19.4,660000,585120,64,89,99028,133216,0.996396
19.5,705000,547200,63,91,99511,133216,0.984368
19.6,675000,562200,65,94,99987,133216,0.991756
19.7,660000,591640,67,91,100447,133216,0.997026
19.8,690000,557440,65,91,100887,133216,0.988834
19.9,690000,553360,65,91,101347,133216,0.988067
20,675000,573840,67,93,101807,133216,0.993481
20.1,705000,547200,66,93,102267,133216,0.984368
20.2,690000,563600,64,93,102707,133216,0.989936
20.3,675000,568720,66,93,103167,133216,0.992751
20.4,690000,563600,66,93,103627,133216,0.989936
20.5,690000,547200,66,95,104087,133216,0.986853
20.6,675000,573840,68,93,104547,133216,0.993481
20.7,720000,536960,66,95,104999,133216,0.979235
20.8,660000,588840,68,92,105436,133216,0.996764
20.9,690000,548600,69,93,105873,133216,0.987135
21,705000,547200,68,93,106310,133216,0.984368
21.1,705000,547200,69,95,106766,133216,0.984368
21.2,675000,563600,71,93,107203,133216,0.991976
21.3,705000,547200,70,93,107640,133216,0.984368
21.4,705000,536960,69,91,108077,133216,0.982022
21.5,705000,547200,68,93,108514,133216,0.984368
21.6,690000,562200,71,94,108970,133216,0.989691
21.7,705000,548600,70,93,109407,133216,0.984673
21.8,720000,525680,68,95,109844,133216,0.976244
21.9,690000,551960,71,92,110300,133216,0.987797
22,705000,547200,70,94,110717,133216,0.984368
22.1,690000,558840,74,93,111167,133216,0.98909
22.2,705000,536960,74,93,111581,133216,0.982022
22.3,720000,530800,72,95,111995,133216,0.977631
22.4,705000,536960,73,93,112427,133216,0.982022
22.5,705000,547200,74,93,112859,133216,0.984368
22.6,705000,547200,74,93,113273,133216,0.984368
22.7,705000,542080,75,93,113705,133216,0.983219
22.8,720000,530800,75,95,114137,133216,0.977631
22.9,705000,536960,75,93,114551,133216,0.982022
23,720000,535560,75,94,114983,133216,0.978877
23.1,735000,514040,74,95,115415,133216,0.969655
23.2,705000,536960,76,48,115847,92672,0.982022
23.3,810000,441000,50,10,84504,92672,0.91996
23.4,740720,11640,38,63,56657,92672,0.515711
23.5,465000,796960,45,20,57342,92672,0.935282
23.6,990000,255000,34,57,58312,95568,0.74155
23.7,525000,720000,39,45,59012,98464,0.976056
23.8,795000,450000,35,57,59852,101360,0.928687
23.9,630000,615000,37,55,60602,102808,0.999855
24,645000,615000,41,54,61384,105704,0.999433
24.1,660000,585000,41,55,62119,108600,0.996384
24.2,645000,600000,43,56,62845,110048,0.998695
24.3,660000,585000,41,58,63538,111496,0.996384
24.4,630000,630000,42,58,64210,114392,1
24.5,645000,600000,43,61,64914,115840,0.998695
24.6,630000,615000,44,61,65585,117288,0.999855
24.7,615000,630000,45,60,66236,118736,0.999855
24.8,630000,615000,44,62,66856,120184,0.999855
24.9,645000,615000,45,64,67538,121632,0.999433
25,600000,645000,46,64,68142,123080,0.998695
25.1,630000,615000,48,66,68802,124528,0.999855
25.2,615000,630000,47,65,69402,125976,0.999855
25.3,630000,630000,48,67,70028,125976,1
25.4,615000,630000,47,68,70608,127424,0.999855
25.5,600000,645000,48,68,71188,128872,0.998695
25.6,630000,615000,48,69,71797,128872,0.999855
25.7,615000,630000,47,70,72375,130320,0.999855
25.8,615000,645000,47,69,72935,130320,0.999433
25.9,600000,645000,49,74,73523,131768,0.998695
26,600000,645000,50,87,74083,131768,0.998695
26.1,615000,640600,49,90,74643,131768,0.999584
26.2,600000,635040,51,90,75219,133216,0.999196
26.3,630000,627640,50,89,75759,133216,0.999996
26.4,615000,637000,49,92,76299,133216,0.999691
26.5,600000,644920,52,89,76866,133216,0.9987
26.6,645000,595360,51,91,77433,133216,0.998401
26.7,615000,643520,50,91,77962,133216,0.999487
26.8,600000,638400,53,89,78508,133216,0.999039
26.9,630000,616880,53,91,79054,133216,0.999889
27,630000,616880,51,91,79574,133216,0.999889
27.1,615000,638400,53,91,80120,133216,0.999652
27.2,630000,615480,53,90,80666,133216,0.999864
27.3,645000,601880,53,93,81191,133216,0.998805
27.4,630000,616880,53,93,81716,133216,0.999889
27.5,600000,653400,55,90,82241,133216,0.998188
27.6,630000,612120,56,91,82766,133216,0.999793
27.7,645000,611760,55,89,83291,133216,0.999301
27.8,645000,595360,54,93,83816,133216,0.998401
27.9,630000,622000,57,91,84347,133216,0.999959
28,645000,611760,58,91,84875,133216,0.999301
28.1,645000,595360,57,93,85379,133216,0.998401
28.2,660000,595360,54,93,85859,133216,0.997356
28.3,630000,616880,56,93,86387,133216,0.999889
28.4,615000,631880,60,90,86915,133216,0.999817
28.5,660000,585480,58,91,87417,133216,0.996433
28.6,645000,605240,57,92,87900,133216,0.99899
28.7,660000,585480,58,95,88406,133216,0.996433
28.8,645000,605240,59,92,88912,133216,0.99899
28.9,630000,607000,59,93,89395,133216,0.999654
29,645000,616880,61,89,89901,133216,0.999504
29.1,675000,573840,60,91,90407,133216,0.993481
29.2,645000,590240,61,91,90913,133216,0.998039
29.3,675000,573840,59,95,91386,133216,0.993481
29.4,660000,595360,59,95,91870,133216,0.997356
29.5,645000,595360,60,93,92354,133216,0.998401
29.6,645000,605240,62,92,92838,133216,0.99899
29.7,660000,585480,62,89,93322,133216,0.996433
29.8,675000,573840,63,93,93828,133216,0.993481
29.9,660000,590240,64,91,94312,133216,0.996896
30,675000,573840,63,93,94796,133216,0.993481
30.1,690000,567320,61,96,95280,133216,0.990569
30.2,645000,596760,63,95,95744,133216,0.998493
30.3,690000,552320,61,97,96206,133216,0.987867
30.4,660000,600480,63,95,96689,133216,0.997775
30.5,645000,590240,65,93,97151,133216,0.998039
30.6,690000,562200,65,96,97634,133216,0.989691
30.7,660000,585480,65,93,98096,133216,0.996433
30.8,660000,590240,68,91,98579,133216,0.996896
30.9,690000,562200,66,94,99041,133216,0.989691
31,690000,558840,64,93,99503,133216,0.98909
31.1,660000,578960,67,95,99980,133216,0.99574
31.2,690000,563600,65,95,100420,133216,0.989936
31.3,675000,573840,66,93,100880,133216,0.993481
31.4,675000,573840,65,95,101320,133216,0.993481
31.5,705000,547200,65,97,101780,133216,0.984368
31.6,660000,578960,67,95,102240,133216,0.99574
31.7,690000,563600,67,93,102700,133216,0.989936
31.8,690000,552320,68,95,103160,133216,0.987867
31.9,705000,547200,65,99,103600,133216,0.984368
32,660000,595360,67,93,104060,133216,0.997356
32.1,690000,552320,68,95,104520,133216,0.987867
32.2,705000,547200,69,95,104992,133216,0.984368
32.3,690000,552320,67,97,105410,133216,0.987867
32.4,675000,573840,71,95,105866,133216,0.993481
32.5,690000,557080,69,96,106284,133216,0.988767
32.6,690000,558840,69,93,106721,133216,0.98909
32.7,720000,530800,70,97,107177,133216,0.977631
32.8,675000,568720,71,97,107614,133216,0.992751
32.9,690000,562200,71,94,108051,133216,0.989691
33,690000,558840,71,95,108488,133216,0.98909
33.1,720000,525680,72,95,108944,133216,0.976244
33.2,705000,547200,71,97,109381,133216,0.984368
33.3,690000,552320,71,97,109818,133216,0.987867
33.4,690000,562200,72,94,110255,133216,0.989691
33.5,705000,537320,71,97,110675,133216,0.982108
33.6,705000,547200,72,95,111107,133216,0.984368
33.7,705000,547200,74,97,111539,133216,0.984368
33.8,690000,552320,76,97,111971,133216,0.987867
33.9,720000,530800,74,95,112385,133216,0.977631
34,705000,542080,73,95,112799,133216,0.983219
34.1,720000,530800,74,97,113231,133216,0.977631
34.2,690000,547200,76,97,113663,133216,0.986853
34.3,705000,552320,75,97,114077,133216,0.985468
34.4,705000,547200,75,95,114491,133216,0.984368
34.5,720000,525680,75,95,114923,133216,0.976244
34.6,720000,519160,75,98,115355,133216,0.974403
34.7,705000,547200,76,59,115787,92672,0.984368
34.8,720000,534520,77,16,116219,92672,0.978608
34.9,1.215e+06,22920,68,74,116846,92672,0.518857
35,1.125e+06,133560,76,67,117543,92672,0.61707
35.1,480000,766240,68,47,117747,95568,0.949889
35.2,1.065e+06,180000,77,66,118427,97016,0.66432
35.3,630000,615000,80,48,118801,98464,0.999855
35.4,975000,270000,75,77,119311,102808,0.757199
35.5,720000,540000,77,57,119736,102808,0.98
35.6,795000,450000,76,63,120178,105704,0.928687
35.7,825000,420000,80,61,120671,108600,0.904306
35.8,825000,420000,77,68,121113,110048,0.904306
35.9,780000,480000,79,69,121572,111496,0.946352
36,750000,495000,80,65,121997,112944,0.959738
36.1,810000,435000,80,68,122456,115840,0.916822
36.2,765000,480000,81,69,122898,117288,0.950207
36.3,780000,465000,82,71,123340,118736,0.939836
36.4,765000,495000,81,71,123740,120184,0.956098
36.5,750000,495000,81,71,124140,121632,0.959738
36.6,780000,465000,80,73,124540,123080,0.939836
36.7,750000,495000,82,73,124956,124528,0.959738
36.8,765000,495000,83,74,125372,124528,0.956098
36.9,750000,495000,83,74,125772,125976,0.959738
37,750000,495000,84,76,126172,127424,0.959738
37.1,765000,480000,83,77,126572,128872,0.950207
37.2,720000,525000,83,74,126956,128872,0.976056
37.3,765000,495000,82,77,127356,128872,0.956098
37.4,735000,510000,84,76,127756,130320,0.968372
37.5,735000,510000,85,80,128156,131768,0.968372
37.6,750000,495000,85,90,128556,131768,0.959738
37.7,735000,515680,87,99,128956,131768,0.970166
37.8,705000,540360,77,96,122192,133216,0.982823
37.9,750000,503280,32,55,62544,92672,0.962692
38,709600,447320,42,15,62808,92672,0.951117
38.1,1.11404e+06,122280,50,74,64175,92672,0.608456
38.2,525000,736800,61,53,64911,94120,0.972597
38.3,735000,510000,59,55,65644,97016,0.968372
38.4,660000,585000,59,58,66326,99912,0.996384
38.5,720000,525000,56,50,67008,101360,0.976056
38.6,720000,525000,54,59,67719,104256,0.976056
38.7,675000,585000,56,53,68409,105704,0.994924
38.8,735000,510000,53,61,69099,108600,0.968372
38.9,615000,630000,57,56,69759,110048,0.999855
39,720000,525000,57,61,70460,112944,0.976056
39.1,630000,630000,62,58,71127,114392,1
39.2,675000,570000,59,61,71736,115840,0.992937
39.3,660000,585000,62,63,72400,117288,0.996384
39.4,675000,570000,59,66,72988,118736,0.992937
39.5,660000,585000,61,68,73632,120184,0.996384
39.6,675000,585000,61,72,74248,121632,0.994924
39.7,630000,615000,61,72,74836,123080,0.999855
39.8,660000,585000,60,76,75405,124528,0.996384
39.9,645000,600000,59,77,75972,125976,0.998695
40,630000,630000,59,76,76539,127424,1
40.1,615000,630000,61,74,77106,127424,0.999855
40.2,630000,615000,61,74,77673,128872,0.999855
40.3,630000,615000,62,73,78219,128872,0.999855
40.4,645000,600000,61,76,78765,130320,0.998695
40.5,630000,630000,61,74,79311,130320,1
40.6,630000,615000,64,80,79883,131768,0.999855
40.7,645000,600000,63,93,80429,131768,0.998695
40.8,630000,625120,63,96,80963,131768,0.999985
40.9,615000,623400,65,99,81488,133216,0.999954
41,645000,611760,64,95,82013,133216,0.999301
41.1,615000,631880,66,96,82538,133216,0.999817
41.2,630000,613160,66,95,83063,133216,0.999817
41.3,660000,595360,64,99,83588,133216,0.997356
41.4,615000,631880,68,96,84128,133216,0.999817
41.5,645000,596760,65,97,84608,133216,0.998493
41.6,660000,590240,65,99,85136,133216,0.996896
41.7,630000,611760,66,99,85640,133216,0.999784
41.8,660000,590240,66,99,86168,133216,0.996896
41.9,630000,628160,68,95,86696,133216,0.999998
42,645000,595360,68,97,87200,133216,0.998401
42.1,645000,606640,69,97,87713,133216,0.999062
42.2,660000,583720,67,100,88196,133216,0.996252
42.3,645000,601880,69,97,88702,133216,0.998805
42.4,660000,585120,69,99,89208,133216,0.996396
42.5,645000,616880,68,97,89691,133216,0.999504
42.6,675000,563600,68,99,90197,133216,0.991976
42.7,645000,610360,69,98,90703,133216,0.999239
42.8,660000,590240,69,100,91207,133216,0.996896
42.9,660000,585120,70,98,91691,133216,0.996396
43,645000,601880,73,97,92197,133216,0.998805
43.1,660000,585120,71,97,92659,133216,0.996396
43.2,675000,573840,71,99,93143,133216,0.993481
43.3,690000,563600,71,99,93649,133216,0.989936
43.4,645000,590240,73,101,94133,133216,0.998039
43.5,660000,595360,71,99,94595,133216,0.997356
43.6,690000,563600,71,101,95101,133216,0.989936
43.7,645000,590240,75,99,95594,133216,0.998039
43.8,675000,585120,74,97,96056,133216,0.994938
43.9,675000,573840,73,101,96518,133216,0.993481
44,660000,578600,75,100,97001,133216,0.9957
44.1,690000,558840,74,101,97463,133216,0.98909
44.2,675000,578600,73,100,97925,133216,0.994121
44.3,690000,548600,73,103,98408,133216,0.987135
44.4,660000,595360,74,101,98870,133216,0.997356
44.5,690000,563600,74,101,99353,133216,0.989936
44.6,675000,573840,75,101,99836,133216,0.993481
44.7,660000,578600,76,100,100277,133216,0.9957
44.8,675000,570120,77,99,100737,133216,0.992955
44.9,690000,567320,77,98,101197,133216,0.990569
45,690000,558480,76,100,101637,133216,0.989024
45.1,690000,558840,78,101,102117,133216,0.98909
45.2,675000,573840,77,99,102557,133216,0.993481
45.3,675000,563600,79,99,103017,133216,0.991976
45.4,705000,547200,78,101,103477,133216,0.984368
45.5,690000,563600,78,101,103937,133216,0.989936
45.6,675000,563600,78,99,104377,133216,0.991976
45.7,705000,547200,79,99,104856,133216,0.984368
45.8,690000,563600,79,101,105293,133216,0.989936
45.9,690000,547200,82,101,105749,133216,0.986853
46,690000,563600,80,99,106167,133216,0.989936
46.1,705000,547200,79,101,106604,133216,0.984368
46.2,690000,547200,79,101,107041,133216,0.986853
46.3,690000,563600,82,101,107497,133216,0.989936
46.4,705000,547200,81,101,107934,133216,0.984368
46.5,690000,562200,81,100,108371,133216,0.989691
46.6,705000,532200,83,101,108827,133216,0.980866
46.7,705000,547200,82,103,109264,133216,0.984368
46.8,705000,536960,81,103,109701,133216,0.982022
46.9,690000,562200,82,102,110138,133216,0.989691
47,705000,548600,83,99,110582,133216,0.984673
47.1,720000,525680,83,101,111014,133216,0.976244
47.2,690000,562200,83,102,111428,133216,0.989691
47.3,705000,543480,85,101,111860,133216,0.983538
47.4,720000,525680,83,101,112274,133216,0.976244
47.5,705000,547200,84,101,112706,133216,0.984368
47.6,705000,535560,84,102,113120,133216,0.981687
47.7,705000,547200,85,102,113552,133216,0.984368
47.8,720000,521960,85,103,113984,133216,0.975204
47.9,705000,552320,87,101,114416,133216,0.985468
48,705000,535560,86,102,114830,133216,0.981687
48.1,735000,519160,83,82,115244,111775,0.971234
48.2,690000,547200,87,35,115694,92672,0.986853
48.3,1.065e+06,195440,77,17,116234,92672,0.677533
48.4,1.245e+06,0,78,82,116962,92672,0.5
48.5,705000,542360,78,51,117353,92672,0.983283
48.6,825000,420000,79,61,117829,95568,0.904306
48.7,690000,555000,97,47,118373,97016,0.988379
48.8,960000,285000,90,66,118849,99912,0.772829
48.9,945000,315000,87,77,119359,102808,0.8
49,750000,495000,85,74,119767,105704,0.959738
49.1,795000,450000,83,71,120192,107152,0.928687
49.2,705000,540000,92,62,120668,108600,0.982739
49.3,900000,360000,88,74,121144,111496,0.844828
49.4,765000,480000,89,73,121586,112944,0.950207
49.5,780000,465000,88,75,122011,114392,0.939836
49.6,750000,495000,90,71,122453,115840,0.959738
49.7,780000,480000,92,73,122912,118736,0.946352
49.8,795000,450000,92,78,123353,120184,0.928687
49.9,765000,480000,91,79,123753,121632,0.950207
50,750000,495000,91,77,124153,123080,0.959738
50.1,750000,495000,92,78,124553,123080,0.959738
50.2,780000,480000,92,79,124969,124528,0.946352
50.3,765000,480000,91,82,125369,125976,0.950207
50.4,735000,510000,92,81,125769,127424,0.968372
50.5,750000,495000,93,82,126169,127424,0.959738
50.6,750000,510000,95,81,126585,128872,0.964989
50.7,750000,495000,93,82,126969,128872,0.959738
50.8,750000,495000,93,82,127369,130320,0.959738
50.9,735000,510000,93,82,127753,130320,0.968372
51,750000,495000,95,92,128169,131768,0.959738
51.1,750000,510000,93,103,128553,131768,0.964989
51.2,705000,543960,87,106,126600,133216,0.983647
51.3,750000,495360,43,82,62576,92672,0.959869
51.4,588880,631120,51,27,62642,92672,0.998803
51.5,1.21704e+06,19560,49,79,64014,92672,0.516068
51.6,585000,657680,48,59,64622,92672,0.996591
51.7,840000,407960,57,71,65643,95568,0.892975
51.8,675000,570000,50,73,66232,98464,0.992937
51.9,720000,540000,59,79,67100,101360,0.98
52,675000,570000,56,79,67748,104256,0.992937
52.1,675000,570000,62,76,68498,105704,0.992937
52.2,690000,555000,62,81,69188,108600,0.988379
52.3,660000,585000,65,77,69878,110048,0.996384
52.4,675000,585000,64,82,70517,112944,0.994924
52.5,660000,585000,65,82,71155,114392,0.996384
52.6,675000,570000,62,83,71764,115840,0.992937
52.7,660000,585000,62,83,72399,117288,0.996384
52.8,645000,615000,62,81,72987,118736,0.999433
52.9,660000,585000,62,81,73603,120184,0.996384
53,630000,615000,63,81,74191,121632,0.999855
53.1,630000,615000,63,79,74779,123080,0.999855
53.2,630000,615000,64,81,75350,124528,0.999855
53.3,615000,645000,65,77,75917,125976,0.999433
53.4,630000,615000,67,80,76511,125976,0.999855
53.5,645000,600000,69,81,77105,127424,0.998695
53.6,645000,600000,68,84,77672,128872,0.998695
53.7,645000,615000,68,85,78218,128872,0.999433
53.8,630000,615000,68,85,78764,130320,0.999855
53.9,645000,600000,69,87,79336,130320,0.998695
54,615000,630000,69,86,79856,131768,0.999855
54.1,630000,615000,71,98,80428,131768,0.999855
54.2,615000,637360,70,104,80937,131768,0.999681
54.3,645000,606120,70,106,81462,133216,0.999035
54.4,630000,611760,70,106,81987,133216,0.999784
54.5,630000,626760,73,105,82537,133216,0.999993
54.6,660000,591640,71,108,83062,133216,0.997026
54.7,645000,595360,70,110,83587,133216,0.998401
54.8,630000,616880,71,110,84103,133216,0.999889
54.9,615000,628160,74,106,84631,133216,0.999888
55,630000,622000,74,104,85135,133216,0.999959
55.1,675000,580000,74,108,85663,133216,0.994303
55.2,645000,595360,73,110,86167,133216,0.998401
55.3,645000,606640,74,106,86695,133216,0.999062
55.4,630000,622000,75,108,87199,133216,0.999959
55.5,660000,590240,75,106,87712,133216,0.996896
55.6,645000,600120,74,107,88195,133216,0.998702
55.7,660000,590240,75,107,88701,133216,0.996896
55.8,645000,596760,76,106,89207,133216,0.998493
55.9,660000,590240,76,108,89713,133216,0.996896
56,630000,611760,77,106,90196,133216,0.999784
56.1,675000,573840,78,108,90725,133216,0.993481
56.2,660000,590240,76,108,91206,133216,0.996896
56.3,660000,585120,77,110,91690,133216,0.996396
56.4,660000,590240,79,108,92196,133216,0.996896
56.5,660000,585120,77,108,92658,133216,0.996396
56.6,660000,600480,78,108,93142,133216,0.997775
56.7,660000,580000,80,106,93648,133216,0.995855
56.8,675000,568720,80,108,94132,133216,0.992751
56.9,675000,573840,79,110,94616,133216,0.993481
57,660000,590240,79,110,95100,133216,0.996896
57.1,675000,578600,79,109,95572,133216,0.994121
57.2,660000,585120,81,107,96055,133216,0.996396
57.3,675000,573840,80,109,96517,133216,0.993481
57.4,660000,591640,82,106,97000,133216,0.997026
57.5,690000,562200,81,109,97462,133216,0.989691
57.6,675000,558840,82,110,97945,133216,0.991215
57.7,675000,585120,81,108,98407,133216,0.994938
57.8,675000,573840,81,110,98869,133216,0.993481
57.9,675000,563600,82,108,99352,133216,0.991976
58,690000,563600,82,110,99835,133216,0.989936
58.1,675000,573840,82,110,100276,133216,0.993481
58.2,690000,558480,82,110,100736,133216,0.989024
58.3,660000,588840,84,109,101196,133216,0.996764
58.4,690000,548600,85,110,101656,133216,0.987135
58.5,705000,547200,82,112,102096,133216,0.984368
58.6,660000,590240,84,110,102556,133216,0.996896
58.7,690000,563600,85,110,103016,133216,0.989936
58.8,705000,530800,84,112,103476,133216,0.980517
58.9,675000,580000,85,108,103936,133216,0.994303
59,675000,568720,87,108,104396,133216,0.992751
59.1,705000,552320,86,110,104855,133216,0.985468
59.2,690000,558480,86,108,105292,133216,0.989024
59.3,690000,552320,87,110,105729,133216,0.987867
59.4,690000,558480,89,110,106185,133216,0.989024
59.5,705000,547200,88,108,106622,133216,0.984368
59.6,690000,552320,86,110,107040,133216,0.987867
59.7,690000,558480,89,110,107496,133216,0.989024
59.8,705000,540680,88,111,107933,133216,0.982897
59.9,690000,563600,90,109,108389,133216,0.989936
60,720000,532200,89,110,108826,133216,0.978002
60.1,705000,530800,88,112,109263,133216,0.980517
60.2,690000,563600,90,110,109719,133216,0.989936
60.3,705000,547200,90,112,110156,133216,0.984368
60.4,675000,563600,91,110,110581,133216,0.991976
60.5,735000,520560,90,110,111013,133216,0.971657
60.6,705000,547200,89,110,111427,133216,0.984368
60.7,705000,536960,91,112,111859,133216,0.982022
60.8,690000,552320,91,110,112273,133216,0.987867
60.9,720000,536960,89,110,112687,133216,0.979235
61,705000,547200,91,108,113119,133216,0.984368
61.1,705000,530800,92,112,113551,133216,0.980517
61.2,720000,536960,92,112,113983,133216,0.979235
61.3,705000,547200,94,110,114415,133216,0.984368
61.4,705000,535560,93,111,114829,133216,0.981687
61.5,735000,514040,92,97,115261,139408,0.969655
61.6,720000,530800,92,52,115693,92672,0.977631
61.7,960000,286640,85,26,116197,92672,0.774143
61.8,1.245e+06,0,84,91,116910,92672,0.5
61.9,795000,452200,86,60,117369,92672,0.929761
62,735000,510000,87,68,117794,95568,0.968372
62.1,795000,465000,102,62,118372,97016,0.935809
62.2,900000,345000,97,71,118831,99912,0.834221
62.3,915000,330000,96,87,119341,102808,0.819144
62.4,750000,495000,94,79,119749,104256,0.959738
62.5,840000,420000,88,79,120174,107152,0.9
62.6,735000,510000,96,72,120650,108600,0.968372
62.7,840000,405000,96,83,121126,111496,0.891203
62.8,765000,480000,97,84,121568,112944,0.950207
62.9,795000,450000,95,85,121993,114392,0.928687
63,810000,450000,93,82,122435,115840,0.924528
63.1,735000,510000,98,86,122894,118736,0.968372
63.2,780000,465000,99,88,123336,120184,0.939836
63.3,750000,495000,101,88,123752,121632,0.959738
63.4,765000,495000,98,85,124136,121632,0.956098
63.5,780000,465000,97,87,124536,123080,0.939836
63.6,750000,495000,97,87,124936,124528,0.959738
63.7,765000,480000,98,92,125352,125976,0.950207
63.8,720000,525000,102,92,125768,127424,0.976056
63.9,750000,510000,103,88,126168,127424,0.964989
64,765000,480000,100,89,126552,128872,0.950207
64.1,735000,510000,99,89,126936,128872,0.968372
64.2,780000,465000,97,93,127336,130320,0.939836
64.3,750000,510000,98,93,127736,130320,0.964989
64.4,720000,525000,102,101,128152,131768,0.976056
64.5,735000,510000,103,114,128552,131768,0.968372
64.6,675000,565960,101,109,126424,133216,0.992338
64.7,720000,532200,63,108,62488,133216,0.978002
64.8,380000,872320,82,71,62488,133616,0.86614
64.9,739640,500800,69,27,63214,92672,0.964252
65,1.245e+06,0,59,92,64376,94120,0.5
65.1,420000,825000,82,37,65176,94120,0.904306
65.2,930000,315000,72,85,65993,101360,0.803851
65.3,585000,675000,74,65,66613,102808,0.994924
65.4,705000,540000,77,77,67388,105704,0.982739
65.5,660000,585000,75,71,68026,107152,0.996384
65.6,705000,540000,75,77,68716,110048,0.982739
65.7,660000,585000,75,75,69376,111496,0.996384
65.8,675000,585000,75,77,70032,112944,0.994924
65.9,660000,585000,77,80,70699,115840,0.996384
66,660000,585000,76,79,71308,115840,0.996384
66.1,675000,570000,75,85,71946,118736,0.992937
66.2,645000,615000,77,82,72575,118736,0.999433
66.3,660000,585000,75,84,73163,120184,0.996384
66.4,660000,585000,75,86,73779,121632,0.996384
66.5,600000,645000,76,84,74339,123080,0.998695
66.6,675000,585000,75,86,74953,124528,0.994924
66.7,600000,645000,76,84,75493,125976,0.998695
66.8,630000,615000,78,84,76087,127424,0.999855
66.9,615000,630000,79,84,76654,127424,0.999855
67,630000,615000,82,84,77248,128872,0.999855
67.1,645000,615000,81,85,77810,128872,0.999433
67.2,645000,600000,79,88,78330,130320,0.998695
67.3,630000,615000,81,89,78902,130320,0.999855
67.4,645000,600000,80,93,79448,131768,0.998695
67.5,630000,630000,81,107,79994,131768,1
67.6,630000,612920,79,109,80514,131768,0.999811
67.7,615000,632760,80,108,81044,133216,0.999797
67.8,630000,617400,81,109,81569,133216,0.999898
67.9,630000,616880,83,109,82119,133216,0.999889
68,630000,611760,84,109,82644,133216,0.999784
68.1,645000,611760,83,109,83169,133216,0.999301
68.2,645000,600480,82,111,83694,133216,0.998724
68.3,615000,628160,84,109,84205,133216,0.999888
68.4,645000,611760,85,109,84733,133216,0.999301
68.5,645000,606640,86,107,85261,133216,0.999062
68.6,645000,595360,86,109,85765,133216,0.998401
68.7,660000,590240,84,111,86269,133216,0.996896
68.8,630000,611760,86,109,86797,133216,0.999784
68.9,645000,606640,86,109,87301,133216,0.999062
69,660000,595360,86,109,87810,133216,0.997356
69.1,645000,600480,87,111,88316,133216,0.998724
69.2,660000,580000,86,111,88799,133216,0.995855
69.3,645000,610360,87,110,89305,133216,0.999239
69.4,630000,613160,88,107,89788,133216,0.999817
69.5,675000,573840,89,111,90317,133216,0.993481
69.6,660000,595000,89,110,90823,133216,0.997325
69.7,660000,580360,88,113,91300,133216,0.995894
69.8,675000,573840,87,113,91784,133216,0.993481
69.9,660000,595000,87,112,92268,133216,0.997325
70,660000,580360,88,113,92752,133216,0.995894
70.1,645000,606640,89,109,93236,133216,0.999062
70.2,675000,573840,90,111,93742,133216,0.993481
70.3,660000,585120,91,111,94226,133216,0.996396
70.4,675000,573840,90,113,94710,133216,0.993481
70.5,675000,573840,89,113,95194,133216,0.993481
70.6,660000,580000,90,113,95662,133216,0.995855
70.7,675000,583720,89,114,96124,133216,0.994769
70.8,660000,591640,91,109,96607,133216,0.997026
70.9,675000,573840,93,111,97090,133216,0.993481
71,675000,568720,92,111,97552,133216,0.992751
71.1,675000,563600,93,113,98035,133216,0.991976
71.2,675000,573840,93,113,98497,133216,0.993481
71.3,675000,580000,92,111,98959,133216,0.994303
71.4,675000,573840,93,113,99442,133216,0.993481
71.5,690000,563600,94,111,99922,133216,0.989936
71.6,675000,568720,95,113,100382,133216,0.992751
71.7,690000,562200,93,112,100822,133216,0.989691
71.8,660000,575240,95,111,101282,133216,0.995314
71.9,690000,562200,94,114,101722,133216,0.989691
72,690000,565000,96,111,102202,133216,0.990177
72.1,690000,547200,94,113,102642,133216,0.986853
72.2,675000,573840,96,113,103102,133216,0.993481
72.3,705000,551960,97,112,103582,133216,0.985392
72.4,690000,558840,95,113,104022,133216,0.98909
72.5,675000,563600,97,111,104482,133216,0.991976
72.6,690000,568720,97,113,104937,133216,0.990802
72.7,690000,547200,99,113,105393,133216,0.986853
72.8,690000,563600,98,113,105811,133216,0.989936
72.9,705000,547200,97,111,106248,133216,0.984368
73,705000,542080,96,113,106685,133216,0.983219
73.1,675000,568720,99,113,107141,133216,0.992751
73.2,705000,547200,99,113,107578,133216,0.984368
73.3,705000,542080,98,113,108015,133216,0.983219
73.4,705000,547200,99,115,108471,133216,0.984368
73.5,690000,551960,100,114,108908,133216,0.987797
73.6,705000,547200,101,114,109364,133216,0.984368
73.7,690000,558840,101,113,109801,133216,0.98909
73.8,720000,520560,100,115,110238,133216,0.974805
73.9,705000,547200,99,115,110659,133216,0.984368
74,690000,563600,101,113,111091,133216,0.989936
74.1,690000,547200,104,113,111523,133216,0.986853
74.2,705000,547200,103,113,111937,133216,0.984368
74.3,720000,530440,101,114,112351,133216,0.977535
74.4,720000,532200,101,113,112783,133216,0.978002
74.5,690000,547200,102,113,113197,133216,0.986853
74.6,720000,536960,104,115,113647,133216,0.979235
74.7,720000,530800,102,113,114061,133216,0.977631
74.8,705000,536960,104,113,114493,133216,0.982022
74.9,720000,525680,102,115,114907,133216,0.976244
75,720000,535560,104,114,115357,133216,0.978877
75.1,705000,536960,103,73,115771,92672,0.982022
75.2,750000,504160,102,30,116203,92672,0.962998
75.3,1.245e+06,0,95,94,116865,92672,0.5
75.4,1.05e+06,188280,108,83,117562,94120,0.673728
75.5,480000,780000,96,69,117732,97016,0.946352
75.6,1.065e+06,180000,105,84,118412,98464,0.66432
75.7,600000,645000,108,68,118769,99912,0.998695
75.8,1.005e+06,240000,103,97,119296,104256,0.725922
75.9,690000,570000,105,75,119704,104256,0.991011
76,795000,450000,104,81,120146,107152,0.928687
76.1,795000,450000,110,79,120639,110048,0.928687
76.2,825000,420000,107,88,121081,111496,0.904306
76.3,780000,465000,107,86,121523,112944,0.939836
76.4,750000,510000,108,83,121948,114392,0.964989
76.5,810000,435000,108,88,122407,117288,0.916822
76.6,765000,480000,109,89,122849,118736,0.950207
76.7,750000,495000,110,89,123274,120184,0.959738
76.8,795000,465000,109,91,123694,121632,0.935809
76.9,720000,525000,111,87,124094,123080,0.976056
77,810000,435000,107,92,124494,123080,0.916822
77.1,750000,495000,108,94,124894,124528,0.959738
77.2,735000,510000,111,93,125310,125976,0.968372
77.3,750000,510000,111,94,125710,127424,0.964989
77.4,750000,495000,112,93,126110,127424,0.959738
77.5,735000,510000,111,92,126494,128872,0.968372
77.6,765000,480000,112,94,126910,128872,0.950207
77.7,765000,495000,109,96,127294,130320,0.956098
77.8,735000,510000,111,97,127694,131768,0.968372
77.9,720000,525000,113,107,128094,131768,0.976056
78,735000,516640,114,117,128494,131768,0.970463
78.1,705000,542640,104,114,121976,133216,0.983347
78.2,735000,510360,60,75,62436,92672,0.968488
78.3,727520,438480,68,33,62733,92672,0.942108
78.4,1.11e+06,107280,78,93,64134,92672,0.595754
78.5,390000,859280,80,65,64582,94120,0.876343
78.6,840000,420000,81,71,65478,97016,0.9
78.7,675000,570000,78,68,66131,98464,0.992937
78.8,750000,495000,75,73,66844,101360,0.959738
78.9,705000,540000,74,77,67557,104256,0.982739
79,705000,555000,74,80,68250,107152,0.986026
79.1,675000,570000,75,81,68940,108600,0.992937
79.2,675000,570000,77,83,69630,111496,0.992937
79.3,690000,555000,75,85,70277,112944,0.988379
79.4,615000,630000,80,82,70944,114392,0.999855
79.5,690000,570000,77,85,71553,115840,0.991011
79.6,615000,630000,80,82,72191,117288,0.999855
79.7,660000,585000,81,87,72811,120184,0.996384
79.8,600000,645000,85,82,73427,120184,0.998695
79.9,675000,585000,87,84,74071,121632,0.994924
80,630000,615000,89,86,74687,123080,0.999855
80.1,630000,615000,89,88,75261,124528,0.999855
80.2,660000,585000,90,90,75855,125976,0.996384
80.3,645000,600000,89,93,76422,127424,0.998695
80.4,645000,615000,91,92,77016,127424,0.999433
80.5,630000,615000,89,94,77556,128872,0.999855
80.6,630000,615000,89,93,78106,128872,0.999855
80.7,630000,615000,88,95,78626,130320,0.999855
80.8,630000,630000,90,93,79198,130320,1
80.9,645000,600000,90,97,79744,131768,0.998695
81,615000,630000,91,111,80290,131768,0.999855
81.1,630000,610600,91,114,80829,133216,0.999756
81.2,630000,621120,92,114,81354,133216,0.99995
81.3,645000,601880,93,117,81904,133216,0.998805
81.4,630000,616880,91,117,82404,133216,0.999889
81.5,630000,627120,92,115,82929,133216,0.999995
81.6,630000,611760,94,115,83479,133216,0.999784
81.7,630000,616880,95,115,83999,133216,0.999889
81.8,645000,600480,92,117,84479,133216,0.998724
81.9,645000,611760,93,115,85007,133216,0.999301
82,630000,616880,96,115,85535,133216,0.999889
82.1,645000,600480,95,117,86039,133216,0.998724
82.2,660000,590240,93,117,86543,133216,0.996896
82.3,630000,616880,94,117,87047,133216,0.999889
82.4,645000,600480,95,117,87567,133216,0.998724
82.5,630000,626760,97,114,88073,133216,0.999993
82.6,660000,580360,98,115,88579,133216,0.995894
82.7,660000,595360,96,115,89062,133216,0.997356
82.8,645000,600480,95,117,89545,133216,0.998724
82.9,660000,590240,98,117,90074,133216,0.996896
83,645000,600480,97,117,90557,133216,0.998724
83.1,660000,590240,97,115,91063,133216,0.996896
83.2,660000,588840,98,118,91552,133216,0.996764
83.3,645000,601880,99,117,92036,133216,0.998805
83.4,675000,573840,98,117,92520,133216,0.993481
83.5,660000,590240,99,117,93004,133216,0.996896
83.6,660000,588840,99,118,93488,133216,0.996764
83.7,660000,585480,99,119,93972,133216,0.996433
83.8,660000,590240,100,117,94456,133216,0.996896
83.9,675000,573840,99,117,94940,133216,0.993481
84,660000,583720,101,118,95440,133216,0.996252
84.1,660000,580360,102,115,95902,133216,0.995894
84.2,675000,573840,101,119,96364,133216,0.993481
84.3,660000,595360,103,117,96847,133216,0.997356
84.4,675000,568720,103,117,97309,133216,0.992751
84.5,690000,567320,101,120,97771,133216,0.990569
84.6,660000,585480,101,119,98233,133216,0.996433
84.7,660000,590240,104,117,98716,133216,0.996896
84.8,690000,547200,102,119,99178,133216,0.986853
84.9,675000,573840,103,119,99661,133216,0.993481
85,675000,578960,105,117,100130,133216,0.994168
85.1,690000,562200,103,120,100570,133216,0.989691
85.2,660000,575240,105,119,101030,133216,0.995314
85.3,675000,573840,107,117,101490,133216,0.993481
85.4,705000,547200,104,119,101930,133216,0.984368
85.5,675000,578960,105,119,102390,133216,0.994168
85.6,675000,563600,107,119,102850,133216,0.991976
85.7,675000,573840,108,119,103310,133216,0.993481
85.8,705000,547200,105,117,103750,133216,0.984368
85.9,675000,573840,106,117,104210,133216,0.993481
86,690000,552320,107,119,104670,133216,0.987867
86.1,690000,562200,107,120,105116,133216,0.989691
86.2,705000,537320,106,121,105553,133216,0.982108
86.3,675000,573840,108,119,105990,133216,0.993481
86.4,705000,547200,109,119,106446,133216,0.984368
86.5,675000,568720,108,119,106864,133216,0.992751
86.6,705000,547200,108,117,107301,133216,0.984368
86.7,705000,552320,107,119,107738,133216,0.985468
86.8,690000,547200,109,121,108194,133216,0.986853
86.9,690000,562200,110,118,108631,133216,0.989691
87,690000,558840,110,117,109068,133216,0.98909
87.1,720000,525680,108,119,109505,133216,0.976244
87.2,705000,552320,109,121,109961,133216,0.985468
87.3,690000,547200,110,121,110396,133216,0.986853
87.4,705000,547200,111,119,110828,133216,0.984368
87.5,690000,552320,111,117,111242,133216,0.987867
87.6,705000,547200,113,117,111674,133216,0.984368
87.7,720000,535920,111,119,112088,133216,0.978969
87.8,690000,547200,113,121,112520,133216,0.986853
87.9,705000,547200,112,119,112934,133216,0.984368
88,705000,540680,112,120,113348,133216,0.982897
88.1,720000,532200,112,121,113780,133216,0.978002
88.2,705000,540680,113,120,114212,133216,0.982897
88.3,720000,532200,114,121,114644,133216,0.978002
88.4,705000,540680,115,122,115076,133216,0.982897
88.5,720000,525680,113,107,115490,135901,0.976244
88.6,705000,547200,115,59,115922,92672,0.984368
88.7,960000,285240,65,34,56472,92672,0.773022
88.8,753800,0,66,99,56910,94120,0.5
88.9,270000,975000,72,58,57342,99912,0.757199
89,810000,360000,79,79,58417,101360,0.871134
89.1,585000,675000,74,74,59012,104256,0.994924
89.2,735000,510000,74,77,59852,105704,0.968372
89.3,660000,585000,70,82,60534,108600,0.996384
89.4,645000,600000,74,85,61316,110048,0.998695
89.5,630000,615000,76,85,62053,111496,0.999855
89.6,645000,615000,78,85,62779,112944,0.999433
89.7,630000,615000,78,88,63472,115840,0.999855
89.8,630000,615000,81,90,64178,117288,0.999855
89.9,630000,615000,81,90,64850,118736,0.999855
90,615000,645000,81,90,65490,120184,0.999433
90.1,645000,600000,80,93,66143,121632,0.998695
90.2,600000,645000,83,93,66794,123080,0.998695
90.3,645000,600000,80,94,67414,124528,0.998695
90.4,600000,645000,82,94,68052,125976,0.998695
90.5,615000,645000,82,93,68652,125976,0.999433
90.6,600000,645000,82,93,69252,127424,0.998695
90.7,600000,645000,81,93,69822,128872,0.998695
90.8,585000,660000,86,91,70463,128872,0.996384
90.9,615000,645000,86,91,71043,130320,0.999433
91,600000,645000,86,92,71623,130320,0.998695
91.1,600000,645000,86,91,72203,130320,0.998695
91.2,600000,645000,89,107,72795,131768,0.998695
91.3,615000,640960,90,114,73383,131768,0.999573
91.4,630000,621120,89,117,73943,133216,0.99995
91.5,615000,628160,88,117,74503,133216,0.999888
91.6,600000,650040,88,114,75057,133216,0.9984
91.7,630000,611760,87,116,75597,133216,0.999784
91.8,585000,665040,90,114,76164,133216,0.995917
91.9,630000,616520,88,117,76704,133216,0.999883
92,630000,623400,89,116,77271,133216,0.999972
92.1,615000,631880,90,117,77832,133216,0.999817
92.2,600000,639800,91,116,78352,133216,0.998971
92.3,645000,610360,90,119,78898,133216,0.999239
92.4,600000,639800,92,114,79444,133216,0.998971
92.5,630000,626760,93,115,79990,133216,0.999993
92.6,645000,606640,92,115,80536,133216,0.999062
92.7,630000,607000,92,118,81066,133216,0.999654
92.8,630000,628160,93,116,81591,133216,0.999998
92.9,630000,616880,93,116,82116,133216,0.999889
93,630000,622000,94,116,82641,133216,0.999959
93.1,645000,601520,93,116,83166,133216,0.998785
93.2,645000,600480,94,118,83716,133216,0.998724
93.3,615000,628160,96,116,84227,133216,0.999888
93.4,660000,590240,94,118,84731,133216,0.996896
93.5,630000,611760,94,118,85235,133216,0.999784
93.6,645000,611760,96,118,85763,133216,0.999301
93.7,660000,590240,94,118,86267,133216,0.996896
93.8,630000,611760,96,116,86795,133216,0.999784
93.9,645000,600480,96,118,87299,133216,0.998724
94,645000,601520,97,118,87808,133216,0.998785
94.1,660000,600480,97,118,88314,133216,0.997775
94.2,645000,601520,97,116,88797,133216,0.998785
94.3,675000,573840,96,118,89303,133216,0.993481
94.4,630000,606640,99,116,89809,133216,0.999643
94.5,660000,595360,99,118,90315,133216,0.997356
94.6,660000,590240,99,118,90821,133216,0.996896
94.7,660000,585120,100,118,91320,133216,0.996396
94.8,660000,588840,98,119,91782,133216,0.996764
94.9,660000,591640,98,116,92266,133216,0.997026
95,660000,583720,101,119,92772,133216,0.996252
95.1,675000,575240,100,118,93256,133216,0.993673
95.2,660000,590240,100,120,93740,133216,0.996896
95.3,660000,583720,101,119,94224,133216,0.996252
95.4,675000,575240,100,120,94708,133216,0.993673
95.5,660000,590240,100,116,95192,133216,0.996896
95.6,660000,585120,103,116,95681,133216,0.996396
95.7,675000,573840,102,118,96143,133216,0.993481
95.8,660000,590240,104,116,96626,133216,0.996896
95.9,690000,547200,103,120,97088,133216,0.986853
96,675000,585120,102,120,97550,133216,0.994938
96.1,690000,557080,102,119,98033,133216,0.988767
96.2,660000,580360,105,120,98516,133216,0.995894
96.3,660000,595000,105,117,98978,133216,0.997325
96.4,690000,558840,105,120,99461,133216,0.98909
96.5,690000,547200,104,118,99920,133216,0.986853
96.6,675000,585120,105,118,100380,133216,0.994938
96.7,675000,573840,106,118,100840,133216,0.993481
96.8,690000,551960,104,119,101280,133216,0.987797
96.9,690000,558840,105,120,101740,133216,0.98909
97,675000,573840,108,120,102220,133216,0.993481
97.1,690000,553360,106,120,102660,133216,0.988067
97.2,690000,557440,107,120,103120,133216,0.988834
97.3,675000,580000,108,118,103580,133216,0.994303
97.4,690000,547200,108,120,104040,133216,0.986853
97.5,690000,568720,107,118,104480,133216,0.990802
97.6,705000,542080,106,122,104935,133216,0.983219
97.7,690000,562200,108,121,105391,133216,0.989691
97.8,675000,570120,110,118,105828,133216,0.992955
97.9,705000,540680,109,119,106265,133216,0.982897
98,705000,547200,108,121,106702,133216,0.984368
98.1,690000,548600,108,120,107139,133216,0.987135
98.2,690000,568720,109,120,107576,133216,0.990802
98.3,705000,542080,110,120,108032,133216,0.983219
98.4,690000,547200,110,120,108469,133216,0.986853
98.5,705000,547200,110,120,108906,133216,0.984368
98.6,705000,536960,111,122,109362,133216,0.982022
98.7,675000,573840,112,120,109799,133216,0.993481
98.8,720000,536960,111,118,110236,133216,0.979235
98.9,720000,530800,111,122,110675,133216,0.977631
99,690000,547200,113,122,111107,133216,0.986853
99.1,705000,551960,113,121,111521,133216,0.985392
99.2,690000,558840,113,120,111935,133216,0.98909
99.3,735000,515440,110,120,112349,133216,0.970092
99.4,690000,547200,112,120,112781,133216,0.986853
99.5,705000,547200,114,120,113213,133216,0.984368
99.6,720000,535560,114,121,113645,133216,0.978877
99.7,705000,532200,115,120,114077,133216,0.980866
99.8,720000,536960,114,120,114491,133216,0.979235
99.9,720000,525680,114,122,114923,133216,0.976244
100,720000,530800,114,122,115355,133216,0.977631
100.1,675000,568360,108,119,112944,133216,0.992698
100.2,735000,519160,59,119,55748,128940,0.971234
100.3,382640,865240,71,42,55970,92672,0.869895
100.4,1.08e+06,76200,70,100,57249,94120,0.570206
100.5,825000,360000,88,76,58537,94120,0.866565
100.6,585000,615000,71,88,58922,101360,0.999375
100.7,630000,615000,82,74,59832,102808,0.999855
100.8,720000,525000,76,84,60549,104256,0.976056
100.9,615000,630000,80,82,61297,107152,0.999855
101,675000,570000,81,87,62067,108600,0.992937
101.1,630000,630000,82,85,62760,111496,1
101.2,645000,600000,81,86,63453,112944,0.998695
101.3,630000,615000,82,86,64128,114392,0.999855
101.4,630000,615000,84,88,64832,115840,0.999855
101.5,645000,615000,86,86,65536,117288,0.999433
101.6,630000,615000,84,88,66156,118736,0.999855
101.7,615000,630000,86,87,66807,120184,0.999855
101.8,645000,600000,85,92,67458,121632,0.998695
101.9,600000,645000,88,90,68094,123080,0.998695
102,645000,615000,87,92,68724,124528,0.999433
102.1,600000,645000,85,92,69294,125976,0.998695
102.2,630000,615000,86,95,69923,125976,0.999855
102.3,615000,630000,87,94,70532,127424,0.999855
102.4,615000,645000,87,96,71112,128872,0.999433
102.5,630000,615000,85,97,71692,128872,0.999855
102.6,600000,645000,85,95,72272,130320,0.998695
102.7,585000,660000,89,93,72861,130320,0.996384
102.8,615000,630000,88,102,73421,131768,0.999855
102.9,615000,645000,90,114,74009,131768,0.999433
103,615000,624840,89,116,74569,131768,0.999937
103.1,615000,638400,88,116,75121,133216,0.999652
103.2,600000,644040,91,117,75688,133216,0.998748
103.3,630000,626760,89,116,76228,133216,0.999993
103.4,600000,639800,92,115,76795,133216,0.998971
103.5,630000,616880,90,117,77335,133216,0.999889
103.6,615000,643160,91,114,77893,133216,0.999499
103.7,630000,607000,92,119,78439,133216,0.999654
103.8,615000,643160,93,116,78985,133216,0.999499
103.9,645000,601880,90,117,79505,133216,0.998805
104,615000,622000,92,119,80051,133216,0.999968
104.1,630000,628160,92,117,80597,133216,0.999998
104.2,615000,626760,94,116,81124,133216,0.99991
104.3,645000,606640,93,118,81649,133216,0.999062
104.4,630000,622000,93,118,82174,133216,0.999959
104.5,630000,613160,96,117,82724,133216,0.999817
104.6,645000,600480,95,119,83249,133216,0.998724
104.7,630000,628160,95,117,83774,133216,0.999998
104.8,645000,590240,95,119,84282,133216,0.998039
104.9,630000,622000,97,117,84810,133216,0.999959
105,645000,601520,96,117,85314,133216,0.998785
105.1,645000,600480,98,119,85842,133216,0.998724
105.2,645000,601520,97,117,86346,133216,0.998785
105.3,660000,600480,95,119,86850,133216,0.997775
105.4,630000,616520,98,116,87378,133216,0.999883
105.5,645000,601880,99,117,87884,133216,0.998805
105.6,660000,585120,100,119,88390,133216,0.996396
105.7,645000,600480,99,119,88873,133216,0.998724
105.8,660000,585120,97,119,89356,133216,0.996396
105.9,645000,606640,99,119,89862,133216,0.999062
106,660000,595360,99,119,90368,133216,0.997356
106.1,660000,590240,101,117,90897,133216,0.996896
106.2,645000,590240,101,119,91371,133216,0.998039
106.3,675000,585120,100,117,91855,133216,0.994938
106.4,675000,573840,99,121,92339,133216,0.993481
106.5,630000,611760,102,117,92823,133216,0.999784
106.6,690000,563600,100,119,93307,133216,0.989936
106.7,645000,600480,103,119,93813,133216,0.998724
106.8,660000,580000,104,117,94297,133216,0.995855
106.9,690000,568720,102,119,94781,133216,0.990802
107,675000,573840,101,121,95265,133216,0.993481
107.1,660000,580000,102,121,95729,133216,0.995855
107.2,675000,573840,103,121,96212,133216,0.993481
107.3,660000,585120,103,119,96674,133216,0.996396
107.4,675000,573840,105,121,97157,133216,0.993481
107.5,690000,563600,103,119,97619,133216,0.989936
107.6,660000,590240,105,119,98102,133216,0.996896
107.7,660000,583720,106,118,98564,133216,0.996252
107.8,690000,563600,106,120,99047,133216,0.989936
107.9,690000,558840,104,119,99509,133216,0.98909
108,660000,580000,107,119,99985,133216,0.995855
108.1,675000,573840,108,119,100445,133216,0.993481
108.2,705000,547200,105,121,100885,133216,0.984368
108.3,660000,585120,107,117,101345,133216,0.996396
108.4,705000,547200,107,121,101805,133216,0.984368
108.5,675000,563600,108,119,102265,133216,0.991976
108.6,705000,547200,105,123,102705,133216,0.984368
108.7,675000,573840,109,123,103185,133216,0.993481
108.8,690000,563600,107,121,103625,133216,0.989936
108.9,690000,547200,107,121,104085,133216,0.986853
109,675000,580000,109,119,104545,133216,0.994303
109.1,720000,530800,109,123,105016,133216,0.977631
109.2,660000,590240,109,119,105434,133216,0.996896
109.3,705000,536960,109,121,105871,133216,0.982022
109.4,690000,557440,109,121,106308,133216,0.988834
109.5,705000,536960,108,123,106745,133216,0.982022
109.6,675000,573840,112,121,107201,133216,0.993481
109.7,705000,547200,111,123,107638,133216,0.984368
109.8,720000,536960,111,121,108094,133216,0.979235
109.9,690000,547200,111,123,108531,133216,0.986853
110,690000,563600,114,121,108987,133216,0.989936
110.1,705000,547200,111,121,109405,133216,0.984368
110.2,720000,520560,111,123,109861,133216,0.974805
110.3,690000,563600,112,123,110298,133216,0.989936
110.4,705000,540680,111,122,110715,133216,0.982897
110.5,705000,548600,114,121,111165,133216,0.984673
110.6,690000,547200,115,123,111579,133216,0.986853
110.7,720000,530800,113,123,111993,133216,0.977631
110.8,720000,536960,113,123,112425,133216,0.979235
110.9,690000,547200,113,121,112839,133216,0.986853
111,690000,563600,116,121,113271,133216,0.989936
111.1,735000,514040,115,122,113703,133216,0.969655
111.2,690000,553720,115,121,114117,133216,0.988136
111.3,735000,515440,115,121,114549,133216,0.970092
111.4,705000,545800,116,122,114981,133216,0.984058
111.5,735000,510320,115,122,115413,133216,0.968475
111.6,690000,562200,118,76,115845,92672,0.989691
111.7,795000,452640,111,36,116259,92672,0.929974
111.8,1.245e+06,0,108,101,116952,94120,0.5
111.9,945000,300000,128,81,117649,94120,0.788396
112,570000,675000,110,86,117819,102808,0.992937
112.1,975000,285000,119,87,118448,102808,0.769298
112.2,630000,615000,120,80,118805,105704,0.999855
112.3,975000,270000,117,101,119332,107152,0.757199
112.4,690000,555000,117,87,119723,108600,0.988379
112.5,825000,420000,114,93,120165,111496,0.904306
112.6,765000,495000,120,87,120641,112944,0.956098
112.7,795000,450000,119,96,121083,114392,0.928687
112.8,780000,465000,119,96,121525,115840,0.939836
112.9,750000,495000,118,94,121933,117288,0.959738
113,795000,465000,119,94,122392,118736,0.935809
113.1,750000,495000,121,96,122834,120184,0.959738
113.2,750000,495000,122,98,123259,121632,0.959738
113.3,780000,465000,120,98,123664,123080,0.939836
113.4,720000,525000,122,96,124064,124528,0.976056
113.5,795000,465000,119,99,124464,124528,0.935809
113.6,750000,495000,120,99,124864,125976,0.959738
113.7,750000,495000,122,103,125280,127424,0.959738
113.8,735000,510000,125,102,125696,128872,0.968372
113.9,735000,525000,125,103,126080,128872,0.972973
114,750000,495000,123,102,126464,128872,0.959738
114.1,735000,510000,124,101,126864,130320,0.968372
114.2,765000,480000,121,105,127248,131768,0.950207
114.3,750000,495000,122,119,127648,131768,0.959738
114.4,735000,515440,123,127,128048,131768,0.970092
114.5,675000,572640,108,121,91560,129110,0.993314
114.6,693880,557640,65,75,61708,92672,0.988288
114.7,800520,356640,81,43,62236,92672,0.87173
114.8,945000,297240,100,85,63588,92672,0.786222
114.9,630000,619600,87,90,64036,95568,0.999931
115,705000,540000,94,75,64900,97016,0.982739
115.1,735000,510000,94,89,65664,99912,0.968372
115.2,660000,600000,94,82,66346,101360,0.997738
115.3,720000,525000,91,89,67028,104256,0.976056
115.4,645000,600000,94,87,67738,107152,0.998695
115.5,690000,555000,93,89,68398,108600,0.988379
115.6,660000,600000,95,89,69088,111496,0.997738
115.7,675000,570000,95,90,69748,112944,0.992937
115.8,645000,600000,96,91,70391,114392,0.998695
115.9,660000,585000,97,94,71029,117288,0.996384
116,645000,600000,98,93,71667,118736,0.998695
116.1,660000,600000,98,94,72305,120184,0.997738
116.2,660000,585000,97,98,72893,121632,0.996384
116.3,645000,600000,96,99,73481,123080,0.998695
116.4,630000,615000,99,101,74097,124528,0.999855
116.5,675000,585000,96,100,74685,124528,0.994924
116.6,600000,645000,96,98,75233,125976,0.998695
116.7,630000,615000,97,100,75800,127424,0.999855
116.8,615000,630000,98,98,76367,127424,0.999855
116.9,630000,615000,101,100,76961,128872,0.999855
117,645000,615000,100,101,77528,128872,0.999433
117.1,615000,630000,101,100,78079,130320,0.999855
117.2,630000,615000,102,101,78625,130320,0.999855
117.3,660000,585000,100,111,79171,131768,0.996384
117.4,615000,645000,102,124,79717,131768,0.999433
117.5,630000,613440,102,122,80263,133216,0.999823
117.6,630000,621120,102,124,80803,133216,0.99995
117.7,615000,623400,102,123,81303,133216,0.999954
117.8,630000,626760,104,122,81853,133216,0.999993
117.9,630000,613160,104,121,82378,133216,0.999817
118,660000,588840,103,126,82903,133216,0.996764
118.1,630000,613160,103,123,83428,133216,0.999817
118.2,630000,616880,103,123,83950,133216,0.999889
118.3,630000,622000,106,123,84478,133216,0.999959
118.4,645000,601520,105,125,84982,133216,0.998785
118.5,645000,600480,107,125,85510,133216,0.998724
118.6,645000,601520,106,123,86014,133216,0.998785
118.7,660000,600480,104,125,86518,133216,0.997775
118.8,630000,616520,107,122,87046,133216,0.999883
118.9,645000,601880,106,123,87543,133216,0.998805
119,660000,585120,106,125,88049,133216,0.996396
119.1,630000,616880,109,123,88555,133216,0.999889
119.2,675000,568720,106,125,89038,133216,0.992751
119.3,630000,616880,108,123,89544,133216,0.999889
119.4,660000,600120,109,124,90050,133216,0.997747
119.5,675000,575240,108,125,90556,133216,0.993673
119.6,645000,590240,109,125,91062,133216,0.998039
119.7,645000,611760,111,123,91551,133216,0.999301
119.8,675000,573840,110,125,92035,133216,0.993481
119.9,660000,585120,110,123,92519,133216,0.996396
120,660000,590240,111,125,93003,133216,0.996896
120.1,675000,573840,110,125,93487,133216,0.993481
120.2,660000,580000,110,127,93971,133216,0.995855
120.3,690000,568720,109,127,94455,133216,0.990802
120.4,645000,600480,112,125,94961,133216,0.998724
120.5,660000,580000,112,125,95439,133216,0.995855
120.6,660000,595360,113,123,95901,133216,0.997356
120.7,675000,563600,114,125,96384,133216,0.991976
120.8,675000,573840,113,125,96846,133216,0.993481
120.9,675000,580000,115,123,97329,133216,0.994303
121,675000,568720,114,127,97791,133216,0.992751
121.1,690000,562200,112,126,98253,133216,0.989691
121.2,675000,575240,114,127,98736,133216,0.993673
121.3,690000,562200,114,128,99219,133216,0.989691
121.4,660000,580000,114,126,99681,133216,0.995855
121.5,690000,558840,115,127,100149,133216,0.98909
121.6,675000,568720,114,127,100589,133216,0.992751
121.7,660000,590240,116,125,101049,133216,0.996896
121.8,690000,562200,117,124,101509,133216,0.989691
121.9,705000,548600,114,125,101949,133216,0.984673
122,660000,588840,116,124,102409,133216,0.996764
122.1,690000,548600,119,127,102889,133216,0.987135
122.2,690000,563600,119,127,103349,133216,0.989936
122.3,705000,547200,116,125,103789,133216,0.984368
122.4,660000,585120,118,123,104249,133216,0.996396
122.5,690000,547200,121,125,104729,133216,0.986853
122.6,705000,542080,118,127,105153,133216,0.983219
122.7,705000,547200,117,125,105590,133216,0.984368
122.8,690000,568720,118,127,106027,133216,0.990802
122.9,690000,557080,120,126,106483,133216,0.988767
123,690000,553720,118,125,106901,133216,0.988136
123.1,705000,542080,118,125,107338,133216,0.983219
123.2,705000,547200,119,129,107794,133216,0.984368
123.3,675000,568720,122,127,108250,133216,0.992751
123.4,705000,542080,122,127,108687,133216,0.983219
123.5,705000,547200,121,127,109124,133216,0.984368
123.6,720000,530800,119,127,109561,133216,0.977631
123.7,675000,563600,122,127,110017,133216,0.991976
123.8,705000,547200,122,127,110449,133216,0.984368
123.9,705000,536960,123,127,110881,133216,0.982022
124,705000,547200,122,127,111295,133216,0.984368
124.1,720000,535560,121,128,111709,133216,0.978877
124.2,705000,542080,122,130,112141,133216,0.983219
124.3,690000,553720,124,127,112573,133216,0.988136
124.4,705000,542080,124,125,112987,133216,0.983219
124.5,705000,547200,123,125,113401,133216,0.984368
124.6,735000,504160,122,129,113833,133216,0.966461
124.7,720000,536960,122,129,114265,133216,0.979235
124.8,690000,547200,125,129,114697,133216,0.986853
124.9,720000,530440,123,130,115111,133216,0.977535
125,720000,530800,96,113,73699,140306,0.977631
125.1,547960,702960,96,51,55933,92672,0.984879
125.2,1.065e+06,92600,77,107,56889,94120,0.586296
125.3,540000,645000,97,64,57897,94120,0.99221
125.4,795000,375000,83,108,58572,101360,0.885847
125.5,570000,690000,89,81,59342,102808,0.991011
125.6,675000,570000,91,95,60141,105704,0.992937
125.7,600000,645000,94,83,60855,107152,0.998695
125.8,660000,585000,92,89,61569,108600,0.996384
125.9,645000,615000,94,86,62298,111496,0.999433
126,660000,585000,92,86,62991,112944,0.996384
126.1,615000,630000,93,87,63680,114392,0.999855
126.2,630000,615000,94,87,64352,115840,0.999855
126.3,630000,615000,94,87,65024,117288,0.999855
126.4,645000,615000,94,91,65691,118736,0.999433
126.5,630000,615000,92,91,66311,120184,0.999855
126.6,630000,615000,93,93,66962,121632,0.999855
126.7,600000,645000,97,93,67644,123080,0.998695
126.8,630000,630000,96,94,68244,124528,1
126.9,615000,630000,97,95,68874,125976,0.999855
127,630000,615000,98,98,69504,125976,0.999855
127.1,615000,630000,97,99,70097,127424,0.999855
127.2,630000,615000,97,103,70706,128872,0.999855
127.3,615000,645000,97,102,71286,128872,0.999433
127.4,615000,630000,98,103,71895,130320,0.999855
127.5,600000,645000,99,102,72469,130320,0.998695
127.6,615000,630000,98,113,73029,131768,0.999855
127.7,615000,636160,99,124,73617,131768,0.999714
127.8,615000,638400,97,125,74149,131768,0.999652
127.9,600000,638400,97,123,74709,133216,0.999039
128,585000,670680,100,122,75283,133216,0.995366
128.1,615000,638400,102,122,75850,133216,0.999652
128.2,630000,606640,100,124,76390,133216,0.999643
128.3,615000,638400,102,122,76957,133216,0.999652
128.4,615000,628160,101,124,77497,133216,0.999888
128.5,600000,648640,103,122,78049,133216,0.998485
128.6,645000,601520,103,124,78595,133216,0.998785
128.7,630000,616880,103,124,79141,133216,0.999889
128.8,630000,628160,102,122,79661,133216,0.999998
128.9,615000,622000,103,124,80207,133216,0.999968
129,630000,626760,103,123,80749,133216,0.999993
129.1,630000,618280,104,124,81274,133216,0.999912
129.2,645000,595360,103,126,81799,133216,0.998401
129.3,630000,628160,103,124,82324,133216,0.999998
129.4,630000,616880,104,124,82849,133216,0.999889
129.5,630000,611760,106,124,83399,133216,0.999784
129.6,645000,611760,105,124,83922,133216,0.999301
129.7,630000,606640,106,124,84426,133216,0.999643
129.8,645000,610360,105,125,84930,133216,0.999239
129.9,660000,585480,106,128,85458,133216,0.996433
130,615000,628160,109,124,85986,133216,0.999888
130.1,660000,590240,107,126,86490,133216,0.996896
130.2,660000,585120,106,126,86994,133216,0.996396
130.3,645000,616880,107,126,87516,133216,0.999504
130.4,630000,611760,109,124,88022,133216,0.999784
130.5,660000,590240,110,126,88528,133216,0.996896
130.6,645000,595360,109,124,89011,133216,0.998401
130.7,660000,590240,109,126,89517,133216,0.996896
130.8,660000,585120,108,128,90000,133216,0.996396
130.9,645000,606640,111,126,90529,133216,0.999062
131,660000,595360,109,124,91012,133216,0.997356
131.1,660000,590240,112,124,91525,133216,0.996896
131.2,645000,590240,111,124,91987,133216,0.998039
131.3,690000,568720,109,126,92471,133216,0.990802
131.4,660000,590240,110,128,92955,133216,0.996896
131.5,645000,590240,113,126,93461,133216,0.998039
131.6,675000,585120,110,124,93923,133216,0.994938
131.7,675000,573840,112,126,94429,133216,0.993481
131.8,660000,580000,112,124,94913,133216,0.995855
131.9,660000,595360,114,124,95414,133216,0.997356
132,675000,573840,112,126,95855,133216,0.993481
132.1,675000,563600,113,128,96338,133216,0.991976
132.2,660000,590240,113,126,96800,133216,0.996896
132.3,690000,563600,114,126,97283,133216,0.989936
132.4,675000,568720,113,128,97745,133216,0.992751
132.5,675000,573840,114,128,98228,133216,0.993481
132.6,675000,578600,114,127,98690,133216,0.994121
132.7,675000,573840,115,127,99173,133216,0.993481
132.8,660000,586520,117,124,99656,133216,0.996537
132.9,690000,547200,116,126,100105,133216,0.986853
133,690000,563600,116,128,100565,133216,0.989936
133.1,675000,573840,117,126,101025,133216,0.993481
133.2,675000,573840,117,126,101465,133216,0.993481
133.3,690000,553360,117,126,101925,133216,0.988067
133.4,690000,557440,117,128,102385,133216,0.988834
133.5,690000,568360,118,127,102845,133216,0.990742
133.6,675000,558840,119,128,103305,133216,0.991215
133.7,690000,568720,119,126,103765,133216,0.990802
133.8,690000,557080,119,127,104225,133216,0.988767
133.9,690000,553720,120,128,104685,133216,0.988136
134,690000,563600,120,126,105130,133216,0.989936
134.1,705000,547200,119,128,105567,133216,0.984368
134.2,690000,547200,120,128,106004,133216,0.986853
134.3,690000,563600,120,126,106441,133216,0.989936
134.4,705000,547200,119,128,106878,133216,0.984368
134.5,675000,563600,121,126,107315,133216,0.991976
134.6,720000,525680,119,130,107752,133216,0.976244
134.7,690000,568720,121,128,108208,133216,0.990802
134.8,705000,542080,121,130,108645,133216,0.983219
134.9,690000,547200,123,130,109101,133216,0.986853
135,720000,536960,121,128,109538,133216,0.979235
135.1,690000,557440,123,128,109994,133216,0.988834
135.2,690000,563600,124,126,110427,133216,0.989936
135.3,720000,520560,124,130,110859,133216,0.974805
135.4,705000,547200,123,130,111273,133216,0.984368
135.5,705000,536960,123,128,111687,133216,0.982022
135.6,720000,525680,123,132,112119,133216,0.976244
135.7,690000,568720,123,128,112533,133216,0.990802
135.8,705000,542080,125,128,112965,133216,0.983219
135.9,705000,545800,124,127,113379,133216,0.984058
136,705000,532200,125,130,113811,133216,0.980866
136.1,720000,536960,125,128,114243,133216,0.979235
136.2,720000,529040,126,130,114675,133216,0.97716
136.3,690000,548600,126,98,115089,115907,0.987135
136.4,735000,524280,100,54,75904,92672,0.972762
136.5,666600,99120,93,104,55970,92672,0.645478
136.6,735000,421400,99,80,56961,92672,0.931496
136.7,720000,530480,81,98,57501,95568,0.977546
136.8,615000,630000,89,78,58362,98464,0.999855
136.9,735000,510000,88,94,59202,101360,0.968372
137,645000,615000,90,88,59971,102808,0.999433
137.1,630000,615000,92,89,60719,105704,0.999855
137.2,645000,600000,94,90,61467,107152,0.998695
137.3,675000,570000,91,92,62166,110048,0.992937
137.4,630000,615000,94,92,62892,111496,0.999855
137.5,660000,600000,92,91,63584,112944,0.997738
137.6,630000,615000,93,92,64256,115840,0.999855
137.7,630000,615000,93,94,64928,117288,0.999855
137.8,630000,615000,94,94,65598,118736,0.999855
137.9,630000,630000,94,93,66249,120184,1
138,630000,615000,93,97,66869,121632,0.999855
138.1,615000,630000,96,98,67551,123080,0.999855
138.2,630000,615000,97,100,68184,124528,0.999855
138.3,615000,630000,98,100,68814,124528,0.999855
138.4,600000,660000,98,99,69414,125976,0.997738
138.5,630000,615000,97,103,70010,127424,0.999855
138.6,615000,630000,98,104,70619,128872,0.999855
138.7,600000,645000,99,103,71199,128872,0.998695
138.8,645000,615000,98,104,71808,128872,0.999433
138.9,600000,645000,98,104,72385,130320,0.998695
139,615000,630000,98,104,72945,130320,0.999855
139.1,600000,645000,98,118,73505,131768,0.998695
139.2,600000,653200,101,124,74093,131768,0.998201
139.3,615000,638400,100,124,74653,133216,0.999652
139.4,600000,638400,100,124,75202,133216,0.999039
139.5,600000,654800,103,122,75769,133216,0.998096
139.6,645000,600120,102,125,76336,133216,0.998702
139.7,630000,623400,101,126,76876,133216,0.999972
139.8,615000,631880,102,125,77443,133216,0.999817
139.9,600000,639800,102,124,77971,133216,0.998971
140,630000,622000,101,126,78491,133216,0.999959
140.1,615000,628160,104,126,79063,133216,0.999888
140.2,630000,616880,104,126,79609,133216,0.999889
140.3,630000,628160,105,126,80155,133216,0.999998
140.4,615000,622000,106,126,80699,133216,0.999968
140.5,645000,601520,104,126,81199,133216,0.998785
140.6,630000,631880,104,127,81724,133216,0.999998
140.7,615000,623400,107,126,82274,133216,0.999954
140.8,645000,611760,105,124,82774,133216,0.999301
140.9,645000,590240,106,128,83324,133216,0.998039
141,645000,611760,105,128,83849,133216,0.999301
141.1,630000,616880,106,126,84354,133216,0.999889
141.2,630000,611760,108,126,84882,133216,0.999784
141.3,660000,600120,108,127,85410,133216,0.997747
141.4,630000,618280,107,126,85890,133216,0.999912
141.5,675000,568720,106,128,86418,133216,0.992751
141.6,600000,643520,109,126,86922,133216,0.998777
141.7,660000,585120,109,128,87447,133216,0.996396
141.8,645000,605240,110,127,87953,133216,0.99899
141.9,675000,570120,108,128,88436,133216,0.992955
142,645000,616880,109,128,88942,133216,0.999504
142.1,645000,600120,108,125,89425,133216,0.998702
142.2,645000,601880,112,126,89954,133216,0.998805
142.3,660000,588840,110,127,90437,133216,0.996764
142.4,660000,585120,110,127,90943,133216,0.996396
142.5,660000,590240,111,127,91437,133216,0.996896
142.6,675000,570120,110,128,91921,133216,0.992955
142.7,630000,616880,112,128,92405,133216,0.999889
142.8,690000,563600,111,128,92889,133216,0.989936
142.9,645000,595360,114,128,93395,133216,0.998401
143,675000,573840,113,130,93879,133216,0.993481
143.1,645000,601520,115,126,94363,133216,0.998785
143.2,675000,573840,114,128,94847,133216,0.993481
143.3,660000,590240,114,126,95330,133216,0.996896
143.4,690000,563600,113,130,95792,133216,0.989936
143.5,675000,563600,114,128,96275,133216,0.991976
143.6,660000,595360,114,128,96737,133216,0.997356
143.7,690000,562200,115,129,97220,133216,0.989691
143.8,675000,563600,114,129,97682,133216,0.991976
143.9,675000,575240,113,128,98144,133216,0.993673
144,675000,578600,115,129,98627,133216,0.994121
144.1,660000,580360,115,128,99089,133216,0.995894
144.2,675000,573840,118,128,99593,133216,0.993481
144.3,690000,563600,119,130,100065,133216,0.989936
144.4,675000,563600,118,128,100505,133216,0.991976
144.5,690000,563600,116,128,100945,133216,0.989936
144.6,675000,568720,118,128,101405,133216,0.992751
144.7,675000,573840,119,130,101865,133216,0.993481
144.8,690000,563600,119,128,102325,133216,0.989936
144.9,705000,547200,118,130,102785,133216,0.984368
145,675000,563600,120,128,103245,133216,0.991976
145.1,690000,562200,118,131,103685,133216,0.989691
145.2,690000,558840,118,130,104145,133216,0.98909
145.3,690000,563600,119,130,104605,133216,0.989936
145.4,690000,547200,121,130,105073,133216,0.986853
145.5,675000,580000,122,128,105510,133216,0.994303
145.6,720000,530800,121,130,105947,133216,0.977631
145.7,690000,547200,121,130,106384,133216,0.986853
145.8,690000,563600,121,130,106821,133216,0.989936
145.9,690000,563600,122,130,107258,133216,0.989936
146,690000,547200,122,128,107695,133216,0.986853
146.1,720000,535560,122,131,108151,133216,0.978877
146.2,690000,558840,122,130,108588,133216,0.98909
146.3,690000,563600,123,130,109025,133216,0.989936
146.4,705000,535560,122,131,109462,133216,0.981687
146.5,705000,548600,123,128,109918,133216,0.984673
146.6,705000,535560,123,131,110355,133216,0.981687
146.7,705000,552320,124,131,110787,133216,0.985468
146.8,705000,543480,123,130,111201,133216,0.983538
146.9,690000,552320,126,128,111633,133216,0.987867
147,720000,520560,126,130,112065,133216,0.974805
147.1,720000,535560,124,133,112479,133216,0.978877
147.2,690000,558840,126,130,112911,133216,0.98909
147.3,705000,536960,126,132,113325,133216,0.982022
147.4,720000,535560,126,131,113757,133216,0.978877
147.5,720000,527080,124,130,114171,133216,0.976628
147.6,720000,530800,125,132,114603,133216,0.977631
147.7,690000,547200,127,132,115035,133216,0.986853
147.8,735000,525320,126,131,115467,133216,0.973066
147.9,690000,547200,129,86,115899,92672,0.986853
148,780000,467640,125,45,116331,92672,0.941017
148.1,1.26e+06,0,119,110,117003,94120,0.5
148.2,915000,330000,139,88,117683,94120,0.819144
148.3,600000,645000,119,97,117853,102808,0.998695
148.4,960000,285000,129,96,118482,102808,0.772829
148.5,615000,630000,131,88,118839,105704,0.999855
148.6,990000,270000,129,109,119383,107152,0.753846
148.7,690000,555000,129,95,119774,108600,0.988379
148.8,840000,405000,124,101,120199,110048,0.891203
148.9,735000,510000,131,97,120675,112944,0.968372
149,825000,435000,130,105,121134,114392,0.912571
149.1,780000,465000,130,105,121576,115840,0.939836
149.2,750000,495000,129,101,121984,117288,0.959738
149.3,810000,435000,127,105,122426,118736,0.916822
149.4,735000,510000,132,106,122885,120184,0.968372
149.5,750000,510000,135,107,123327,121632,0.964989
149.6,765000,480000,132,108,123712,123080,0.950207
149.7,735000,510000,131,105,124096,124528,0.968372
149.8,780000,465000,129,106,124496,124528,0.939836
149.9,765000,495000,133,108,124928,125976,0.956098
150,735000,510000,132,111,125312,127424,0.968372
150.1,750000,495000,134,111,125728,128872,0.959738
150.2,720000,525000,135,108,126112,128872,0.976056
150.3,750000,495000,135,111,126512,128872,0.959738
150.4,765000,495000,134,109,126912,130320,0.956098
150.5,750000,495000,132,112,127296,131768,0.959738
150.6,750000,495000,133,126,127696,131768,0.959738
150.7,735000,514400,134,136,128096,131768,0.969767
150.8,645000,603840,121,130,90040,133216,0.998915
150.9,693160,562200,80,116,62396,138870,0.989234
151,454320,781440,96,46,62462,92672,0.934516
151.1,1.23152e+06,0,94,110,63871,92672,0.5
151.2,330000,915000,114,53,64543,92672,0.819144
151.3,990000,255000,107,99,65471,97016,0.74155
151.4,585000,660000,108,82,66093,98464,0.996384
151.5,750000,510000,109,90,66868,101360,0.964989
151.6,645000,600000,112,85,67581,102808,0.998695
151.7,720000,525000,109,88,68243,105704,0.976056
151.8,645000,600000,112,85,68933,107152,0.998695
151.9,690000,555000,111,88,69593,110048,0.988379
152,675000,585000,112,91,70270,112944,0.994924
152.1,675000,570000,111,92,70908,114392,0.992937
152.2,660000,585000,112,94,71546,115840,0.996384
152.3,660000,585000,112,94,72184,117288,0.996384
152.4,660000,600000,113,97,72805,118736,0.997738
152.5,645000,600000,114,98,73421,120184,0.998695
152.6,675000,570000,114,103,74037,121632,0.992937
152.7,660000,585000,112,103,74625,123080,0.996384
152.8,630000,615000,114,105,75229,124528,0.999855
152.9,645000,615000,114,105,75796,125976,0.999433
153,630000,615000,114,106,76363,125976,0.999855
153.1,645000,600000,114,107,76930,127424,0.998695
153.2,630000,615000,112,107,77470,128872,0.999855
153.3,630000,630000,112,105,78023,128872,1
153.4,600000,645000,115,105,78569,130320,0.998695
153.5,645000,600000,116,105,79141,130320,0.998695
153.6,630000,615000,117,109,79687,131768,0.999855
153.7,645000,600000,116,122,80233,131768,0.998695
153.8,630000,623280,116,127,80774,131768,0.999971
153.9,630000,623400,117,130,81299,133216,0.999972
154,630000,611760,117,128,81824,133216,0.999784
154.1,615000,638400,118,126,82349,133216,0.999652
154.2,645000,606640,118,126,82874,133216,0.999062
154.3,645000,595360,117,130,83399,133216,0.998401
154.4,630000,616880,119,128,83946,133216,0.999889
154.5,645000,611760,119,130,84450,133216,0.999301
154.6,645000,590240,118,130,84954,133216,0.998039
154.7,645000,611760,120,130,85482,133216,0.999301
154.8,630000,611760,120,128,85986,133216,0.999784
154.9,660000,590240,118,128,86490,133216,0.996896
155,630000,626760,121,129,87018,133216,0.999993
155.1,645000,601880,122,128,87539,133216,0.998805
155.2,660000,585120,120,130,88022,133216,0.996396
155.3,660000,590240,121,130,88528,133216,0.996896
155.4,645000,600120,122,129,89034,133216,0.998702
155.5,645000,601880,123,128,89540,133216,0.998805
155.6,645000,600120,123,129,90023,133216,0.998702
155.7,675000,573840,124,131,90552,133216,0.993481
155.8,660000,590240,122,131,91035,133216,0.996896
155.9,645000,596760,124,132,91525,133216,0.998493
156,660000,590240,124,130,92009,133216,0.996896
156.1,660000,585120,124,128,92493,133216,0.996396
156.2,660000,600480,125,130,92977,133216,0.997775
156.3,675000,563600,126,130,93483,133216,0.991976
156.4,660000,585120,124,132,93945,133216,0.996396
156.5,675000,573840,126,132,94451,133216,0.993481
156.6,660000,590240,126,132,94935,133216,0.996896
156.7,660000,590240,126,130,95414,133216,0.996896
156.8,690000,558480,125,130,95876,133216,0.989024
156.9,645000,600480,128,130,96359,133216,0.998724
157,690000,563600,126,130,96821,133216,0.989936
157.1,690000,563600,127,130,97304,133216,0.989936
157.2,660000,573840,127,132,97766,133216,0.995147
157.3,675000,585120,126,130,98228,133216,0.994938
157.4,675000,573840,128,130,98711,133216,0.993481
157.5,690000,551960,126,133,99173,133216,0.987797
157.6,660000,590240,128,131,99656,133216,0.996896
157.7,690000,558840,129,132,100125,133216,0.98909
157.8,690000,558480,129,132,100585,133216,0.989024
157.9,675000,573840,128,132,101025,133216,0.993481
158,675000,563600,130,132,101485,133216,0.991976
158.1,690000,562200,128,131,101925,133216,0.989691
158.2,690000,558840,130,132,102405,133216,0.98909
158.3,690000,563600,131,132,102865,133216,0.989936
158.4,675000,563600,130,132,103305,133216,0.991976
158.5,690000,563600,130,130,103765,133216,0.989936
158.6,675000,568720,133,130,104245,133216,0.992751
158.7,705000,552320,133,132,104705,133216,0.985468
158.8,690000,558480,131,130,105130,133216,0.989024
158.9,690000,552320,131,132,105567,133216,0.987867
159,690000,558480,134,130,106023,133216,0.989024
159.1,705000,547200,133,132,106460,133216,0.984368
159.2,690000,552320,133,132,106897,133216,0.987867
159.3,690000,558480,134,130,107334,133216,0.989024
159.4,720000,525680,132,134,107771,133216,0.976244
159.5,690000,563600,136,132,108246,133216,0.989936
159.6,690000,562200,135,133,108664,133216,0.989691
159.7,690000,558840,135,130,109101,133216,0.98909
159.8,720000,520560,133,134,109538,133216,0.974805
159.9,705000,547200,136,134,110013,133216,0.984368
160,690000,551960,137,133,110445,133216,0.987797
160.1,705000,547200,136,133,110859,133216,0.984368
160.2,720000,532200,134,132,111273,133216,0.978002
160.3,705000,536960,136,134,111705,133216,0.982022
160.4,705000,547200,137,134,112137,133216,0.984368
160.5,705000,542080,136,134,112551,133216,0.983219
160.6,690000,562200,139,133,112983,133216,0.989691
160.7,720000,515800,137,132,113397,133216,0.973422
160.8,720000,536960,137,132,113829,133216,0.979235
160.9,705000,547200,138,132,114261,133216,0.984368
161,705000,536960,140,132,114693,133216,0.982022
161.1,705000,535560,139,135,115107,133216,0.981687
161.2,720000,540680,104,117,69355,140306,0.980169
161.3,453880,790800,111,47,55970,92672,0.93173
161.4,1.155e+06,0,91,112,56997,94120,0.5
161.5,450000,735000,111,63,57897,94120,0.94532
161.6,825000,345000,99,109,58642,101360,0.855937
161.7,540000,720000,106,82,59377,102808,0.98
161.8,705000,540000,105,98,60175,105704,0.982739
161.9,600000,645000,108,86,60889,107152,0.998695
162,690000,555000,106,92,61637,108600,0.988379
162.1,615000,645000,108,89,62331,111496,0.999433
162.2,675000,570000,105,92,63024,112944,0.992937
162.3,630000,615000,106,92,63712,114392,0.999855
162.4,645000,600000,105,95,64384,115840,0.998695
162.5,645000,600000,104,96,65056,117288,0.998695
162.6,645000,615000,104,98,65722,118736,0.999433
162.7,600000,645000,106,96,66373,120184,0.998695
162.8,630000,615000,105,100,66993,121632,0.999855
162.9,600000,645000,109,98,67674,123080,0.998695
163,615000,645000,111,98,68304,124528,0.999433
163.1,600000,645000,111,98,68904,125976,0.998695
163.2,630000,615000,112,102,69534,127424,0.999855
163.3,615000,630000,111,102,70126,127424,0.999855
163.4,630000,615000,113,104,70764,128872,0.999855
163.5,615000,645000,113,105,71344,128872,0.999433
163.6,630000,615000,111,109,71924,130320,0.999855
163.7,600000,645000,112,108,72497,130320,0.998695
163.8,600000,645000,114,119,73085,131768,0.998695
163.9,645000,608440,111,132,73645,131768,0.99915
164,585000,665040,113,129,74205,133216,0.995917
164.1,600000,653400,113,126,74765,133216,0.998188
164.2,615000,623400,115,127,75337,133216,0.999954
164.3,630000,626760,113,128,75877,133216,0.999993
164.4,600000,639800,115,127,76444,133216,0.998971
164.5,600000,653400,116,128,76984,133216,0.998188
164.6,645000,606640,115,130,77551,133216,0.999062
164.7,615000,623400,116,129,78101,133216,0.999954
164.8,630000,628160,115,127,78621,133216,0.999998
164.9,615000,622000,116,129,79167,133216,0.999968
165,615000,643160,116,126,79687,133216,0.999499
165.1,645000,601880,117,129,80259,133216,0.998805
165.2,615000,622000,118,129,80799,133216,0.999968
165.3,630000,628160,119,129,81324,133216,0.999998
165.4,630000,611760,119,129,81849,133216,0.999784
165.5,645000,606640,118,129,82374,133216,0.999062
165.6,645000,595360,118,131,82899,133216,0.998401
165.7,615000,633280,119,129,83424,133216,0.999786
165.8,630000,622000,119,129,83946,133216,0.999959
165.9,660000,595000,118,130,84450,133216,0.997325
166,630000,607000,122,131,85002,133216,0.999654
166.1,645000,611760,122,129,85506,133216,0.999301
166.2,645000,606640,121,129,86010,133216,0.999062
166.3,660000,583720,119,130,86514,133216,0.996252
166.4,630000,618280,120,129,87018,133216,0.999912
166.5,645000,595360,121,131,87539,133216,0.998401
166.6,645000,606640,124,129,88068,133216,0.999062
166.7,675000,568720,122,131,88551,133216,0.992751
166.8,645000,616880,123,131,89057,133216,0.999504
166.9,660000,585120,121,133,89540,133216,0.996396
167,645000,600480,123,133,90046,133216,0.998724
167.1,660000,580000,123,131,90552,133216,0.995855
167.2,630000,622000,125,129,91058,133216,0.999959
167.3,675000,580000,125,129,91547,133216,0.994303
167.4,675000,568720,124,133,92031,133216,0.992751
167.5,675000,573840,123,135,92515,133216,0.993481
167.6,645000,606640,125,133,92999,133216,0.999062
167.7,660000,583720,125,132,93483,133216,0.996252
167.8,660000,591640,125,129,93967,133216,0.997026
167.9,660000,588840,128,130,94473,133216,0.996764
168,675000,570120,127,131,94957,133216,0.992955
168.1,675000,573840,126,131,95435,133216,0.993481
168.2,675000,573840,126,133,95897,133216,0.993481
168.3,660000,580000,128,133,96380,133216,0.995855
168.4,690000,568720,126,133,96842,133216,0.990802
168.5,660000,590240,127,131,97304,133216,0.996896
168.6,690000,547200,127,135,97787,133216,0.986853
168.7,660000,590240,127,133,98249,133216,0.996896
168.8,660000,585120,130,131,98732,133216,0.996396
168.9,675000,573840,131,131,99215,133216,0.993481
169,690000,563600,129,131,99677,133216,0.989936
169.1,675000,573840,131,131,100145,133216,0.993481
169.2,690000,553360,131,131,100605,133216,0.988067
169.3,675000,573840,130,131,101045,133216,0.993481
169.4,675000,568720,132,131,101505,133216,0.992751
169.5,705000,542080,129,135,101945,133216,0.983219
169.6,690000,568720,131,133,102425,133216,0.990802
169.7,660000,590240,132,131,102865,133216,0.996896
169.8,690000,547200,132,133,103325,133216,0.986853
169.9,705000,547200,131,133,103785,133216,0.984368
170,690000,563600,131,133,104245,133216,0.989936
170.1,690000,547200,132,135,104705,133216,0.986853
170.2,675000,580000,135,131,105168,133216,0.994303
170.3,720000,530800,131,133,105586,133216,0.977631
170.4,675000,573840,135,133,106042,133216,0.993481
170.5,705000,536960,134,135,106479,133216,0.982022
170.6,675000,573840,135,133,106916,133216,0.993481
170.7,720000,536960,134,133,107353,133216,0.979235
170.8,690000,547200,134,133,107790,133216,0.986853
170.9,675000,573840,137,133,108246,133216,0.993481
171,720000,536960,136,133,108683,133216,0.979235
171.1,690000,547200,136,133,109120,133216,0.986853
171.2,720000,536960,134,133,109557,133216,0.979235
171.3,690000,547200,136,135,110013,133216,0.986853
171.4,705000,547200,136,135,110445,133216,0.984368
171.5,705000,542080,137,133,110877,133216,0.983219
171.6,705000,547200,136,133,111291,133216,0.984368
171.7,705000,536960,138,133,111723,133216,0.982022
171.8,705000,545800,137,134,112137,133216,0.984058
171.9,690000,558840,139,133,112569,133216,0.98909
172,720000,536960,138,131,112983,133216,0.979235
172.1,690000,547200,140,133,113415,133216,0.986853
172.2,735000,515440,139,133,113847,133216,0.970092
172.3,720000,530800,139,137,114279,133216,0.977631
172.4,705000,540680,141,134,114711,133216,0.982897
172.5,705000,551960,140,100,115125,118264,0.985392
172.6,720000,519160,111,56,73699,92672,0.974403
172.7,711600,62600,101,109,55970,92672,0.587295
172.8,645000,511400,113,79,56961,92672,0.986828
172.9,810000,440480,91,110,57537,97016,0.919691
173,585000,660000,103,85,58432,98464,0.996384
173.1,705000,540000,104,99,59272,101360,0.982739
173.2,630000,630000,107,90,60039,102808,1
173.3,660000,585000,105,93,60753,105704,0.996384
173.4,645000,600000,107,95,61501,108600,0.998695
173.5,675000,570000,106,94,62232,110048,0.992937
173.6,645000,600000,106,97,62925,111496,0.998695
173.7,630000,630000,106,96,63616,112944,1
173.8,645000,600000,106,98,64288,115840,0.998695
173.9,645000,600000,107,99,64992,117288,0.998695
174,630000,615000,106,101,65629,118736,0.999855
174.1,630000,630000,106,100,66280,120184,1
174.2,600000,645000,109,100,66931,121632,0.998695
174.3,645000,600000,108,103,67582,123080,0.998695
174.4,600000,645000,111,103,68214,124528,0.998695
174.5,630000,615000,111,105,68844,125976,0.999855
174.6,615000,645000,110,106,69444,125976,0.999433
174.7,615000,630000,112,105,70068,127424,0.999855
174.8,600000,645000,114,107,70677,128872,0.998695
174.9,630000,615000,113,110,71257,128872,0.999855
175,615000,645000,114,108,71866,130320,0.999433
175.1,615000,630000,112,110,72413,130320,0.999855
175.2,600000,645000,114,109,73001,130320,0.998695
175.3,615000,630000,113,123,73561,131768,0.999855
175.4,615000,640480,113,128,74121,131768,0.999588
175.5,600000,638400,115,130,74709,133216,0.999039
175.6,615000,644040,114,127,75256,133216,0.999468
175.7,600000,638400,115,129,75796,133216,0.999039
175.8,615000,633280,116,129,76363,133216,0.999786
175.9,630000,622000,117,131,76930,133216,0.999959
176,645000,605240,114,134,77470,133216,0.99899
176.1,600000,649680,116,130,78023,133216,0.998422
176.2,600000,650040,119,129,78569,133216,0.9984
176.3,645000,605240,116,132,79089,133216,0.99899
176.4,615000,623400,117,131,79635,133216,0.999954
176.5,615000,628160,121,129,80207,133216,0.999888
176.6,660000,590240,117,133,80724,133216,0.996896
176.7,615000,638400,119,131,81249,133216,0.999652
176.8,645000,600120,118,132,81774,133216,0.998702
176.9,630000,618280,118,131,82299,133216,0.999912
177,630000,622000,119,131,82824,133216,0.999959
177.1,645000,605240,120,132,83374,133216,0.99899
177.2,630000,613160,120,131,83898,133216,0.999817
177.3,630000,622000,121,131,84402,133216,0.999959
177.4,645000,601520,120,131,84906,133216,0.998785
177.5,645000,600480,122,133,85434,133216,0.998724
177.6,645000,601520,121,131,85938,133216,0.998785
177.7,645000,600480,122,133,86466,133216,0.998724
177.8,645000,611760,122,131,86970,133216,0.999301
177.9,660000,590240,122,133,87493,133216,0.996896
178,630000,611760,124,131,87999,133216,0.999784
178.1,660000,590240,125,131,88505,133216,0.996896
178.2,660000,585120,123,133,88988,133216,0.996396
178.3,645000,605240,122,132,89471,133216,0.99899
178.4,660000,590240,123,134,89977,133216,0.996896
178.5,645000,607000,124,133,90483,133216,0.99908
178.6,660000,580000,126,133,91012,133216,0.995855
178.7,660000,595360,125,131,91481,133216,0.997356
178.8,645000,590240,126,131,91965,133216,0.998039
178.9,675000,585120,125,133,92449,133216,0.994938
179,675000,563600,125,135,92933,133216,0.991976
179.1,660000,600480,125,135,93417,133216,0.997775
179.2,645000,590240,128,133,93923,133216,0.998039
179.3,690000,558480,127,135,94407,133216,0.989024
179.4,660000,600480,127,133,94891,133216,0.997775
179.5,660000,580000,129,131,95393,133216,0.995855
179.6,675000,568720,129,135,95855,133216,0.992751
179.7,675000,578600,128,134,96317,133216,0.994121
179.8,660000,585480,128,135,96779,133216,0.996433
179.9,690000,563600,129,135,97262,133216,0.989936
180,675000,563600,128,135,97724,133216,0.991976
180.1,690000,568720,126,135,98186,133216,0.990802
180.2,660000,590240,129,133,98669,133216,0.996896
180.3,645000,590240,132,131,99152,133216,0.998039
180.4,690000,562200,130,134,99614,133216,0.989691
180.5,690000,563600,133,132,100105,133216,0.989936
180.6,690000,558840,131,135,100545,133216,0.98909
180.7,675000,573480,130,134,100985,133216,0.993431
180.8,690000,558840,131,135,101445,133216,0.98909
180.9,675000,573840,132,133,101905,133216,0.993481
181,675000,563600,133,135,102365,133216,0.991976
181.1,705000,547200,133,135,102825,133216,0.984368
181.2,690000,563600,133,135,103285,133216,0.989936
181.3,675000,563600,134,135,103745,133216,0.991976
181.4,690000,563600,132,133,104185,133216,0.989936
181.5,705000,547200,134,135,104665,133216,0.984368
181.6,690000,547200,134,137,105111,133216,0.986853
181.7,690000,563600,134,135,105548,133216,0.989936
181.8,690000,562200,135,136,105985,133216,0.989691
181.9,690000,548600,135,135,106422,133216,0.987135
182,690000,568720,135,135,106859,133216,0.990802
182.1,690000,552320,136,135,107296,133216,0.987867
182.2,705000,536960,135,135,107733,133216,0.982022
182.3,705000,547200,136,135,108189,133216,0.984368
182.4,690000,563600,137,133,108626,133216,0.989936
182.5,690000,547200,139,135,109082,133216,0.986853
182.6,705000,547200,138,135,109519,133216,0.984368
182.7,720000,535560,136,136,109956,133216,0.978877
182.8,690000,558840,137,135,110391,133216,0.98909
182.9,705000,535560,140,136,110841,133216,0.981687
183,690000,563600,138,136,111237,133216,0.989936
183.1,720000,532200,139,135,111669,133216,0.978002
183.2,720000,515440,137,137,112083,133216,0.973316
183.3,705000,547200,138,135,112515,133216,0.984368
183.4,705000,547200,140,135,112947,133216,0.984368
183.5,705000,547200,139,135,113361,133216,0.984368
183.6,705000,535560,140,136,113793,133216,0.981687
183.7,720000,521960,138,135,114207,133216,0.975204
183.8,705000,547200,140,137,114639,133216,0.984368
183.9,720000,525680,140,137,115071,133216,0.976244
184,720000,535560,142,136,115521,133216,0.978877
184.1,720000,520560,141,91,115935,92672,0.974805
184.2,780000,467640,137,50,116367,92672,0.941017
184.3,1.26e+06,0,133,115,117054,94120,0.5
184.4,855000,390000,153,89,117700,94120,0.87758
184.5,660000,585000,133,106,117904,102808,0.996384
184.6,930000,315000,143,99,118516,102808,0.803851
184.7,615000,630000,145,93,118873,105704,0.999855
184.8,990000,270000,145,112,119434,107152,0.753846
184.9,705000,540000,142,101,119808,108600,0.982739
185,855000,390000,136,108,120233,110048,0.87758
185.1,705000,540000,147,102,120726,112944,0.982739
185.2,825000,435000,144,110,121168,114392,0.912571
185.3,780000,465000,144,110,121610,115840,0.939836
185.4,750000,495000,143,106,122018,117288,0.959738
185.5,810000,435000,143,110,122477,118736,0.916822
185.6,720000,525000,147,110,122919,120184,0.976056
185.7,765000,495000,149,110,123360,121632,0.956098
185.8,765000,480000,146,111,123744,123080,0.950207
185.9,750000,495000,146,111,124144,124528,0.959738
186,765000,480000,148,112,124560,125976,0.950207
186.1,765000,495000,147,113,124960,125976,0.956098
186.2,735000,510000,148,116,125360,127424,0.968372
186.3,720000,525000,150,114,125760,128872,0.976056
186.4,750000,495000,149,115,126144,128872,0.959738
186.5,750000,495000,149,114,126544,128872,0.959738
186.6,765000,495000,146,112,126928,130320,0.956098
186.7,750000,495000,146,115,127328,130320,0.959738
186.8,750000,495000,149,121,127744,131768,0.959738
186.9,735000,510000,150,132,128144,131768,0.968372
187,705000,548160,153,137,128544,131768,0.984578
187.1,705000,538080,128,138,83299,133216,0.982288
187.2,675000,573840,84,110,62460,107503,0.993481
187.3,646280,604480,104,54,62460,92672,0.998884
187.4,1.125e+06,113400,110,111,63581,92672,0.599786
187.5,390000,853400,109,76,63965,94120,0.878043
187.6,915000,330000,116,98,65053,97016,0.819144
187.7,585000,660000,112,92,65595,99912,0.996384
187.8,780000,480000,112,97,66401,101360,0.946352
187.9,690000,555000,109,102,67052,104256,0.988379
188,675000,570000,114,101,67821,105704,0.992937
188.1,690000,555000,111,104,68451,108600,0.988379
188.2,675000,585000,114,105,69171,111496,0.994924
188.3,675000,570000,112,106,69801,112944,0.992937
188.4,630000,615000,116,104,70471,114392,0.999855
188.5,675000,570000,114,109,71080,115840,0.992937
188.6,630000,615000,116,105,71718,117288,0.999855
188.7,660000,600000,116,108,72355,118736,0.997738
188.8,615000,630000,118,105,72943,120184,0.999855
188.9,660000,585000,118,109,73559,121632,0.996384
189,600000,645000,123,107,74175,123080,0.998695
189.1,645000,615000,124,107,74791,124528,0.999433
189.2,630000,615000,125,109,75362,125976,0.999855
189.3,645000,600000,124,112,75929,127424,0.998695
189.4,630000,615000,124,111,76496,127424,0.999855
189.5,660000,585000,125,115,77090,128872,0.996384
189.6,645000,615000,122,116,77630,128872,0.999433
189.7,615000,630000,123,115,78177,130320,0.999855
189.8,645000,600000,123,117,78723,130320,0.998695
189.9,615000,630000,124,119,79269,131768,0.999855
190,615000,645000,126,129,79815,131768,0.999433
190.1,630000,608760,126,135,80361,133216,0.999706
190.2,630000,626760,126,134,80897,133216,0.999993
190.3,630000,611240,127,135,81422,133216,0.999772
190.4,630000,623400,129,136,81972,133216,0.999972
190.5,645000,595360,128,138,82497,133216,0.998401
190.6,630000,622000,129,136,83022,133216,0.999959
190.7,645000,605240,128,137,83547,133216,0.99899
190.8,615000,628520,130,134,84064,133216,0.999882
190.9,660000,595360,128,136,84568,133216,0.997356
191,630000,616880,128,136,85072,133216,0.999889
191.1,660000,590240,129,138,85600,133216,0.996896
191.2,645000,600480,128,138,86104,133216,0.998724
191.3,630000,616880,130,136,86632,133216,0.999889
191.4,630000,616880,131,136,87136,133216,0.999889
191.5,645000,595360,132,138,87652,133216,0.998401
191.6,660000,595360,130,138,88135,133216,0.997356
191.7,660000,595360,131,138,88641,133216,0.997356
191.8,630000,616880,131,136,89124,133216,0.999889
191.9,645000,600480,132,136,89630,133216,0.998724
192,660000,590240,133,136,90136,133216,0.996896
192.1,675000,573840,132,140,90642,133216,0.993481
192.2,630000,616880,134,136,91148,133216,0.999889
192.3,675000,573840,132,138,91611,133216,0.993481
192.4,645000,590240,133,138,92095,133216,0.998039
192.5,645000,610360,134,137,92579,133216,0.999239
192.6,660000,580360,135,136,93063,133216,0.995894
192.7,675000,573840,136,138,93569,133216,0.993481
192.8,675000,573840,133,140,94031,133216,0.993481
192.9,660000,590240,134,140,94515,133216,0.996896
193,660000,588840,134,139,94999,133216,0.996764
193.1,660000,585480,136,138,95496,133216,0.996433
193.2,660000,590240,137,136,95958,133216,0.996896
193.3,675000,573840,138,138,96441,133216,0.993481
193.4,675000,573840,137,138,96903,133216,0.993481
193.5,675000,568720,137,138,97365,133216,0.992751
193.6,660000,595360,137,138,97827,133216,0.997356
193.7,675000,573840,138,138,98310,133216,0.993481
193.8,675000,568720,138,138,98772,133216,0.992751
193.9,690000,562200,138,137,99255,133216,0.989691
194,660000,585480,140,140,99738,133216,0.996433
194.1,690000,562200,139,139,100184,133216,0.989691
194.2,675000,563960,140,140,100644,133216,0.992032
194.3,690000,563600,138,138,101084,133216,0.989936
194.4,675000,573840,140,140,101544,133216,0.993481
194.5,690000,552320,140,142,102004,133216,0.987867
194.6,690000,568720,140,140,102464,133216,0.990802
194.7,660000,578960,141,140,102904,133216,0.99574
194.8,690000,563600,141,138,103364,133216,0.989936
194.9,690000,557440,141,140,103824,133216,0.988834
195,675000,568720,143,138,104284,133216,0.992751
195.1,705000,547200,140,140,104724,133216,0.984368
195.2,690000,552320,142,140,105186,133216,0.987867
195.3,690000,568720,142,140,105623,133216,0.990802
195.4,690000,547200,143,140,106060,133216,0.986853
195.5,705000,552320,142,140,106497,133216,0.985468
195.6,675000,573840,143,138,106934,133216,0.993481
195.7,690000,552320,144,140,107371,133216,0.987867
195.8,720000,535560,142,141,107808,133216,0.978877
195.9,690000,558840,144,142,108264,133216,0.98909
196,690000,552320,145,140,108701,133216,0.987867
196.1,690000,563600,145,138,109138,133216,0.989936
196.2,705000,535920,146,140,109594,133216,0.981773
196.3,705000,547200,145,140,110031,133216,0.984368
196.4,705000,547200,145,142,110462,133216,0.984368
196.5,705000,540680,146,141,110894,133216,0.982897
196.6,690000,558840,146,140,111308,133216,0.98909
196.7,720000,525680,145,142,111722,133216,0.976244
196.8,705000,547200,146,142,112154,133216,0.984368
196.9,690000,547200,148,140,112586,133216,0.986853
197,705000,552320,148,140,113000,133216,0.985468
197.1,720000,525680,146,140,113414,133216,0.976244
197.2,720000,525680,148,142,113864,133216,0.976244
197.3,705000,547200,147,142,114278,133216,0.984368
197.4,675000,573840,151,140,114710,133216,0.993481
197.5,735000,512640,148,140,115124,133216,0.969214
197.6,720000,519160,148,117,115556,111460,0.974403
197.7,720000,537320,149,70,115988,92672,0.979326
197.8,1.095e+06,147280,140,56,116560,92672,0.632112
197.9,1.245e+06,0,141,121,117274,92672,0.5
198,405000,851600,163,75,117682,92672,0.887854
198.1,1.14e+06,105000,141,123,118141,97016,0.59133
198.2,735000,510000,150,102,118634,98464,0.968372
198.3,750000,495000,143,105,118991,101360,0.959738
198.4,885000,375000,152,100,119569,101360,0.85923
198.5,780000,465000,150,108,119994,105704,0.939836
198.6,810000,435000,155,114,120487,107152,0.916822
198.7,795000,450000,150,110,120895,110048,0.928687
198.8,825000,420000,149,111,121354,111496,0.904306
198.9,750000,510000,154,110,121813,112944,0.964989
199,810000,435000,152,117,122255,115840,0.916822
199.1,780000,465000,152,119,122697,117288,0.939836
199.2,735000,510000,154,114,123122,118736,0.968372
199.3,795000,465000,153,116,123551,120184,0.935809
199.4,765000,480000,152,117,123951,121632,0.950207
199.5,750000,495000,154,117,124367,123080,0.959738
199.6,750000,495000,155,116,124767,123080,0.959738
199.7,765000,480000,156,119,125183,124528,0.950207
199.8,750000,510000,156,118,125583,125976,0.964989
199.9,780000,465000,155,122,125983,127424,0.939836
